Image_A,Image_B
Changsha_Part1_pt_6399_back.jpg,Nanchang_Part3_pt_23018_left.jpg
Wuhan_Part1_pt_1437_back.jpg,Wuhan_Part3_pt_34216_front.jpg
Changsha_Part1_pt_4988_front.jpg,Nanchang_Part1_pt_8513_right.jpg
Changsha_Part3_pt_23973_right.jpg,Nanchang_Part2_pt_16284_front.jpg
Changsha_Part3_pt_24106_left.jpg,Nanchang_Part1_pt_8049_front.jpg
Wuhan_Part1_pt_304_back.jpg,Wuhan_Part2_pt_23555_front.jpg
Changsha_Part2_pt_16293_front.jpg,Nanchang_Part3_pt_30874_back.jpg
Nanchang_Part2_pt_15932_left.jpg,Wuhan_Part2_pt_17783_back.jpg
Changsha_Part5_pt_44968_back.jpg,Nanchang_Part1_pt_5386_front.jpg
Nanchang_Part2_pt_12929_right.jpg,Nanchang_Part2_pt_20647_front.jpg
Changsha_Part2_pt_16277_right.jpg,Wuhan_Part2_pt_23234_front.jpg
Changsha_Part3_pt_23517_left.jpg,Nanchang_Part1_pt_4905_front.jpg
Changsha_Part4_pt_36530_back.jpg,Nanchang_Part1_pt_6657_right.jpg
Nanchang_Part3_pt_22584_left.jpg,Wuhan_Part2_pt_23928_back.jpg
Changsha_Part3_pt_24106_left.jpg,Nanchang_Part3_pt_29149_back.jpg
Nanchang_Part2_pt_16022_back.jpg,Wuhan_Part1_pt_4831_front.jpg
Nanchang_Part1_pt_6918_back.jpg,Wuhan_Part3_pt_36365_left.jpg
Changsha_Part2_pt_15724_left.jpg,Wuhan_Part3_pt_43094_back.jpg
Nanchang_Part1_pt_4179_left.jpg,Nanchang_Part3_pt_24124_back.jpg
Changsha_Part2_pt_17778_left.jpg,Wuhan_Part1_pt_3198_front.jpg
Nanchang_Part1_pt_7010_front.jpg,Nanchang_Part3_pt_22824_back.jpg
Changsha_Part2_pt_15992_left.jpg,Wuhan_Part3_pt_34498_right.jpg
Changsha_Part5_pt_46278_left.jpg,Wuhan_Part3_pt_35071_back.jpg
Changsha_Part6_pt_55312_back.jpg,Wuhan_Part1_pt_1482_front.jpg
Changsha_Part2_pt_13552_front.jpg,Wuhan_Part1_pt_3116_front.jpg
Nanchang_Part1_pt_5607_right.jpg,Nanchang_Part3_pt_25159_right.jpg
Changsha_Part2_pt_16405_front.jpg,Wuhan_Part2_pt_24484_front.jpg
Wuhan_Part2_pt_16017_left.jpg,Wuhan_Part2_pt_26385_left.jpg
Wuhan_Part2_pt_24300_right.jpg,Wuhan_Part3_pt_32763_front.jpg
Changsha_Part2_pt_12004_front.jpg,Changsha_Part2_pt_16040_front.jpg
Changsha_Part3_pt_24252_front.jpg,Wuhan_Part2_pt_15630_left.jpg
Nanchang_Part2_pt_15609_left.jpg,Wuhan_Part3_pt_38615_right.jpg
Wuhan_Part2_pt_25372_right.jpg,Wuhan_Part3_pt_42698_back.jpg
Wuhan_Part1_pt_10052_front.jpg,Wuhan_Part3_pt_33210_left.jpg
Nanchang_Part1_pt_5033_front.jpg,Nanchang_Part2_pt_17357_right.jpg
Changsha_Part3_pt_23274_front.jpg,Nanchang_Part2_pt_12616_left.jpg
Nanchang_Part1_pt_4690_left.jpg,Wuhan_Part1_pt_4084_right.jpg
Nanchang_Part2_pt_20227_front.jpg,Nanchang_Part3_pt_28522_right.jpg
Changsha_Part2_pt_12639_right.jpg,Changsha_Part2_pt_14761_back.jpg
Changsha_Part4_pt_36530_back.jpg,Nanchang_Part3_pt_31676_right.jpg
Nanchang_Part3_pt_28546_back.jpg,Wuhan_Part1_pt_11303_right.jpg
Changsha_Part1_pt_6050_right.jpg,Nanchang_Part3_pt_28999_right.jpg
Nanchang_Part1_pt_6044_right.jpg,Nanchang_Part2_pt_13614_left.jpg
Changsha_Part5_pt_42695_right.jpg,Wuhan_Part2_pt_22110_left.jpg
Changsha_Part2_pt_15992_left.jpg,Changsha_Part3_pt_27625_back.jpg
Nanchang_Part1_pt_7056_left.jpg,Nanchang_Part2_pt_11628_front.jpg
Nanchang_Part3_pt_32938_left.jpg,Wuhan_Part1_pt_3116_front.jpg
Changsha_Part2_pt_10912_left.jpg,Wuhan_Part3_pt_41235_back.jpg
Nanchang_Part1_pt_5894_front.jpg,Nanchang_Part2_pt_13488_front.jpg
Wuhan_Part1_pt_2293_right.jpg,Wuhan_Part3_pt_39555_front.jpg
Nanchang_Part1_pt_5607_right.jpg,Nanchang_Part3_pt_29116_left.jpg
Changsha_Part4_pt_33177_left.jpg,Nanchang_Part1_pt_9597_right.jpg
Nanchang_Part3_pt_23502_front.jpg,Wuhan_Part2_pt_19423_right.jpg
Nanchang_Part1_pt_1285_back.jpg,Wuhan_Part3_pt_36781_right.jpg
Changsha_Part4_pt_32068_right.jpg,Nanchang_Part1_pt_7051_back.jpg
Changsha_Part6_pt_52888_back.jpg,Nanchang_Part1_pt_6745_front.jpg
Changsha_Part6_pt_56604_left.jpg,Wuhan_Part2_pt_19596_left.jpg
Changsha_Part6_pt_50548_right.jpg,Wuhan_Part2_pt_23555_front.jpg
Nanchang_Part1_pt_5033_front.jpg,Nanchang_Part1_pt_6649_right.jpg
Changsha_Part5_pt_42757_right.jpg,Wuhan_Part3_pt_33451_right.jpg
Changsha_Part3_pt_25941_front.jpg,Changsha_Part3_pt_27866_right.jpg
Changsha_Part2_pt_12639_right.jpg,Nanchang_Part3_pt_28416_front.jpg
Changsha_Part2_pt_10415_back.jpg,Changsha_Part3_pt_25736_left.jpg
Changsha_Part4_pt_32473_right.jpg,Nanchang_Part1_pt_9553_left.jpg
Changsha_Part5_pt_41657_right.jpg,Wuhan_Part1_pt_6835_right.jpg
Changsha_Part3_pt_27051_back.jpg,Nanchang_Part1_pt_5769_left.jpg
Nanchang_Part2_pt_12674_back.jpg,Wuhan_Part2_pt_24681_back.jpg
Changsha_Part5_pt_41513_back.jpg,Wuhan_Part2_pt_26404_left.jpg
Nanchang_Part1_pt_7979_right.jpg,Nanchang_Part1_pt_8777_right.jpg
Changsha_Part2_pt_10435_back.jpg,Wuhan_Part3_pt_37084_back.jpg
Changsha_Part3_pt_20174_front.jpg,Changsha_Part5_pt_41469_front.jpg
Changsha_Part2_pt_11345_left.jpg,Wuhan_Part2_pt_21324_back.jpg
Nanchang_Part2_pt_12789_front.jpg,Wuhan_Part2_pt_26385_left.jpg
Nanchang_Part1_pt_8030_left.jpg,Wuhan_Part2_pt_24317_back.jpg
Nanchang_Part1_pt_3587_right.jpg,Wuhan_Part3_pt_38649_right.jpg
Wuhan_Part1_pt_3269_right.jpg,Wuhan_Part1_pt_4831_front.jpg
Changsha_Part3_pt_20174_front.jpg,Nanchang_Part3_pt_28976_back.jpg
Wuhan_Part1_pt_2084_front.jpg,Wuhan_Part2_pt_16284_back.jpg
Nanchang_Part1_pt_5746_back.jpg,Nanchang_Part2_pt_19036_left.jpg
Changsha_Part2_pt_12327_right.jpg,Changsha_Part6_pt_57072_right.jpg
Nanchang_Part3_pt_22567_right.jpg,Nanchang_Part3_pt_30271_left.jpg
Nanchang_Part2_pt_18845_front.jpg,Wuhan_Part2_pt_16215_back.jpg
Changsha_Part4_pt_35468_right.jpg,Wuhan_Part1_pt_1398_left.jpg
Changsha_Part6_pt_57628_back.jpg,Nanchang_Part1_pt_2614_front.jpg
Nanchang_Part2_pt_13042_front.jpg,Nanchang_Part2_pt_17983_left.jpg
Changsha_Part5_pt_42757_right.jpg,Changsha_Part6_pt_53756_right.jpg
Changsha_Part2_pt_15746_left.jpg,Nanchang_Part2_pt_16158_back.jpg
Changsha_Part5_pt_46307_front.jpg,Nanchang_Part2_pt_13614_left.jpg
Changsha_Part2_pt_15291_front.jpg,Changsha_Part2_pt_17688_right.jpg
Changsha_Part5_pt_41017_left.jpg,Wuhan_Part3_pt_32112_back.jpg
Changsha_Part4_pt_34902_right.jpg,Nanchang_Part1_pt_2017_front.jpg
Changsha_Part4_pt_35342_back.jpg,Nanchang_Part1_pt_5539_left.jpg
Wuhan_Part1_pt_2672_right.jpg,Wuhan_Part2_pt_17374_back.jpg
Changsha_Part5_pt_43557_back.jpg,Wuhan_Part1_pt_6464_front.jpg
Nanchang_Part1_pt_1056_front.jpg,Nanchang_Part2_pt_19607_left.jpg
Changsha_Part4_pt_33286_left.jpg,Nanchang_Part2_pt_13876_left.jpg
Changsha_Part5_pt_44124_right.jpg,Nanchang_Part1_pt_5607_right.jpg
Changsha_Part2_pt_11501_right.jpg,Nanchang_Part3_pt_30126_left.jpg
Nanchang_Part2_pt_18020_back.jpg,Wuhan_Part2_pt_17364_right.jpg
Nanchang_Part3_pt_22580_front.jpg,Wuhan_Part1_pt_1128_front.jpg
Nanchang_Part1_pt_3170_front.jpg,Nanchang_Part2_pt_13488_front.jpg
Wuhan_Part1_pt_740_right.jpg,Wuhan_Part2_pt_22591_left.jpg
Changsha_Part4_pt_35618_back.jpg,Nanchang_Part1_pt_3170_front.jpg
Nanchang_Part3_pt_30742_back.jpg,Wuhan_Part2_pt_24681_back.jpg
Nanchang_Part2_pt_15297_front.jpg,Wuhan_Part1_pt_1482_front.jpg
Nanchang_Part2_pt_14656_left.jpg,Wuhan_Part1_pt_6911_front.jpg
Changsha_Part2_pt_11273_front.jpg,Nanchang_Part3_pt_24809_front.jpg
Changsha_Part3_pt_29647_left.jpg,Nanchang_Part2_pt_19865_right.jpg
Changsha_Part3_pt_20174_front.jpg,Nanchang_Part1_pt_9447_front.jpg
Changsha_Part2_pt_10270_right.jpg,Nanchang_Part1_pt_5769_left.jpg
Changsha_Part2_pt_11251_left.jpg,Nanchang_Part1_pt_7681_right.jpg
Nanchang_Part2_pt_15609_left.jpg,Wuhan_Part1_pt_10505_left.jpg
Changsha_Part2_pt_12959_front.jpg,Nanchang_Part2_pt_11680_back.jpg
Changsha_Part3_pt_24106_left.jpg,Wuhan_Part2_pt_17880_right.jpg
Changsha_Part2_pt_16293_front.jpg,Changsha_Part5_pt_43834_back.jpg
Changsha_Part2_pt_10415_back.jpg,Wuhan_Part2_pt_17125_front.jpg
Changsha_Part6_pt_53305_front.jpg,Wuhan_Part1_pt_2330_left.jpg
Changsha_Part6_pt_55472_left.jpg,Nanchang_Part1_pt_3587_right.jpg
Changsha_Part4_pt_30092_right.jpg,Wuhan_Part1_pt_2822_right.jpg
Changsha_Part4_pt_33286_left.jpg,Wuhan_Part1_pt_6604_left.jpg
Nanchang_Part1_pt_8924_right.jpg,Wuhan_Part2_pt_20292_back.jpg
Changsha_Part3_pt_23274_front.jpg,Wuhan_Part1_pt_10147_left.jpg
Nanchang_Part2_pt_15107_right.jpg,Wuhan_Part3_pt_33893_front.jpg
Wuhan_Part1_pt_1128_front.jpg,Wuhan_Part3_pt_38433_back.jpg
Nanchang_Part1_pt_8561_left.jpg,Wuhan_Part2_pt_24317_back.jpg
Changsha_Part1_pt_514_right.jpg,Changsha_Part6_pt_50277_right.jpg
Changsha_Part2_pt_14761_back.jpg,Wuhan_Part1_pt_2054_right.jpg
Nanchang_Part1_pt_2614_front.jpg,Nanchang_Part1_pt_5746_back.jpg
Nanchang_Part2_pt_18879_back.jpg,Wuhan_Part2_pt_24304_front.jpg
Nanchang_Part3_pt_30260_right.jpg,Wuhan_Part3_pt_39319_left.jpg
Changsha_Part3_pt_27051_back.jpg,Wuhan_Part3_pt_32315_left.jpg
Changsha_Part4_pt_31374_back.jpg,Changsha_Part6_pt_58206_front.jpg
Changsha_Part1_pt_5737_left.jpg,Wuhan_Part1_pt_2525_front.jpg
Nanchang_Part1_pt_3552_left.jpg,Nanchang_Part3_pt_32364_left.jpg
Changsha_Part4_pt_35296_back.jpg,Wuhan_Part3_pt_39616_right.jpg
Nanchang_Part2_pt_15778_front.jpg,Wuhan_Part3_pt_31969_front.jpg
Changsha_Part2_pt_12639_right.jpg,Wuhan_Part3_pt_37619_left.jpg
Changsha_Part4_pt_33640_back.jpg,Nanchang_Part3_pt_29590_left.jpg
Changsha_Part3_pt_21634_right.jpg,Changsha_Part3_pt_23537_right.jpg
Changsha_Part1_pt_4234_back.jpg,Nanchang_Part3_pt_30271_left.jpg
Changsha_Part2_pt_17510_front.jpg,Nanchang_Part1_pt_741_left.jpg
Changsha_Part4_pt_35244_back.jpg,Wuhan_Part2_pt_17221_left.jpg
Changsha_Part1_pt_1891_left.jpg,Wuhan_Part3_pt_36365_left.jpg
Changsha_Part2_pt_16293_front.jpg,Changsha_Part4_pt_31374_back.jpg
Changsha_Part2_pt_13447_right.jpg,Changsha_Part6_pt_50649_left.jpg
Changsha_Part2_pt_12584_right.jpg,Changsha_Part2_pt_12959_front.jpg
Changsha_Part3_pt_24252_front.jpg,Wuhan_Part2_pt_18553_front.jpg
Nanchang_Part2_pt_15426_left.jpg,Nanchang_Part3_pt_25316_back.jpg
Changsha_Part5_pt_46743_right.jpg,Wuhan_Part2_pt_21945_left.jpg
Changsha_Part4_pt_33642_left.jpg,Nanchang_Part1_pt_6196_right.jpg
Nanchang_Part2_pt_15015_right.jpg,Wuhan_Part3_pt_35384_right.jpg
Nanchang_Part1_pt_3927_left.jpg,Nanchang_Part3_pt_29404_right.jpg
Changsha_Part2_pt_17662_front.jpg,Wuhan_Part3_pt_42188_front.jpg
Changsha_Part1_pt_4807_left.jpg,Wuhan_Part3_pt_42188_front.jpg
Nanchang_Part1_pt_7084_front.jpg,Nanchang_Part2_pt_16007_left.jpg
Changsha_Part1_pt_1669_front.jpg,Wuhan_Part3_pt_31960_right.jpg
Nanchang_Part1_pt_9904_right.jpg,Nanchang_Part2_pt_12789_front.jpg
Changsha_Part5_pt_44078_back.jpg,Nanchang_Part2_pt_19607_left.jpg
Nanchang_Part2_pt_18045_right.jpg,Nanchang_Part2_pt_20318_right.jpg
Changsha_Part2_pt_16293_front.jpg,Nanchang_Part1_pt_5261_right.jpg
Changsha_Part4_pt_32119_left.jpg,Nanchang_Part3_pt_31209_left.jpg
Wuhan_Part2_pt_18553_front.jpg,Wuhan_Part2_pt_25372_right.jpg
Changsha_Part1_pt_5997_right.jpg,Nanchang_Part2_pt_17540_front.jpg
Nanchang_Part3_pt_26654_back.jpg,Wuhan_Part3_pt_31960_right.jpg
Wuhan_Part2_pt_17061_front.jpg,Wuhan_Part2_pt_18189_back.jpg
Changsha_Part6_pt_56883_right.jpg,Wuhan_Part1_pt_735_right.jpg
Changsha_Part6_pt_55376_front.jpg,Wuhan_Part3_pt_40368_front.jpg
Changsha_Part6_pt_55889_left.jpg,Wuhan_Part2_pt_24681_back.jpg
Wuhan_Part2_pt_27640_front.jpg,Wuhan_Part3_pt_34296_left.jpg
Changsha_Part5_pt_41790_right.jpg,Changsha_Part5_pt_42756_right.jpg
Changsha_Part3_pt_28571_left.jpg,Changsha_Part6_pt_54362_back.jpg
Changsha_Part4_pt_32068_right.jpg,Wuhan_Part2_pt_19423_right.jpg
Nanchang_Part1_pt_8094_back.jpg,Wuhan_Part3_pt_31340_right.jpg
Changsha_Part2_pt_11244_left.jpg,Wuhan_Part3_pt_38615_right.jpg
Changsha_Part6_pt_56883_right.jpg,Wuhan_Part3_pt_37599_left.jpg
Changsha_Part4_pt_32436_left.jpg,Nanchang_Part2_pt_18719_back.jpg
Wuhan_Part1_pt_3562_left.jpg,Wuhan_Part2_pt_15743_front.jpg
Nanchang_Part2_pt_21221_front.jpg,Wuhan_Part2_pt_16999_front.jpg
Wuhan_Part1_pt_4084_right.jpg,Wuhan_Part2_pt_21324_back.jpg
Nanchang_Part1_pt_279_front.jpg,Wuhan_Part1_pt_3939_left.jpg
Nanchang_Part1_pt_8094_back.jpg,Wuhan_Part3_pt_41577_left.jpg
Changsha_Part5_pt_45246_left.jpg,Wuhan_Part3_pt_32763_front.jpg
Changsha_Part5_pt_41017_left.jpg,Wuhan_Part3_pt_35384_right.jpg
Wuhan_Part1_pt_192_left.jpg,Wuhan_Part1_pt_5382_right.jpg
Nanchang_Part3_pt_31367_back.jpg,Wuhan_Part1_pt_4115_front.jpg
Changsha_Part5_pt_46400_back.jpg,Wuhan_Part1_pt_6287_front.jpg
Changsha_Part3_pt_20021_front.jpg,Nanchang_Part3_pt_29116_left.jpg
Nanchang_Part2_pt_13660_front.jpg,Nanchang_Part3_pt_22584_left.jpg
Wuhan_Part3_pt_40845_back.jpg,Wuhan_Part3_pt_41887_right.jpg
Changsha_Part3_pt_23794_back.jpg,Wuhan_Part2_pt_17768_left.jpg
Changsha_Part1_pt_5500_front.jpg,Nanchang_Part3_pt_29341_back.jpg
Nanchang_Part1_pt_5085_front.jpg,Nanchang_Part3_pt_30014_left.jpg
Nanchang_Part3_pt_29590_left.jpg,Wuhan_Part3_pt_33409_right.jpg
Nanchang_Part2_pt_15371_right.jpg,Wuhan_Part3_pt_37558_back.jpg
Changsha_Part1_pt_425_front.jpg,Changsha_Part6_pt_55138_back.jpg
Changsha_Part2_pt_12959_front.jpg,Changsha_Part2_pt_14442_right.jpg
Nanchang_Part3_pt_30126_left.jpg,Wuhan_Part2_pt_21749_left.jpg
Nanchang_Part1_pt_3985_right.jpg,Nanchang_Part2_pt_13845_right.jpg
Nanchang_Part1_pt_1965_back.jpg,Wuhan_Part3_pt_39555_front.jpg
Changsha_Part6_pt_54018_back.jpg,Wuhan_Part2_pt_21324_back.jpg
Changsha_Part4_pt_34902_right.jpg,Wuhan_Part1_pt_740_right.jpg
Nanchang_Part1_pt_1381_back.jpg,Wuhan_Part3_pt_43094_back.jpg
Nanchang_Part1_pt_8513_right.jpg,Nanchang_Part1_pt_8924_right.jpg
Nanchang_Part3_pt_29149_back.jpg,Nanchang_Part3_pt_31228_right.jpg
Changsha_Part4_pt_35861_left.jpg,Changsha_Part4_pt_37192_front.jpg
Nanchang_Part3_pt_28416_front.jpg,Wuhan_Part3_pt_31443_right.jpg
Changsha_Part5_pt_46119_back.jpg,Nanchang_Part2_pt_12929_right.jpg
Changsha_Part2_pt_14251_right.jpg,Wuhan_Part3_pt_38649_right.jpg
Changsha_Part5_pt_44035_back.jpg,Nanchang_Part2_pt_12631_right.jpg
Changsha_Part5_pt_40666_left.jpg,Changsha_Part5_pt_43438_front.jpg
Changsha_Part6_pt_57138_back.jpg,Nanchang_Part3_pt_22584_left.jpg
Nanchang_Part3_pt_22567_right.jpg,Wuhan_Part1_pt_9321_front.jpg
Nanchang_Part3_pt_30260_right.jpg,Wuhan_Part2_pt_23234_front.jpg
Nanchang_Part2_pt_11680_back.jpg,Nanchang_Part3_pt_29341_back.jpg
Changsha_Part4_pt_37192_front.jpg,Nanchang_Part3_pt_24189_front.jpg
Changsha_Part3_pt_27913_front.jpg,Nanchang_Part1_pt_4640_back.jpg
Nanchang_Part1_pt_6648_right.jpg,Nanchang_Part2_pt_15932_left.jpg
Changsha_Part5_pt_41863_front.jpg,Wuhan_Part1_pt_8424_back.jpg
Nanchang_Part2_pt_11716_back.jpg,Wuhan_Part3_pt_36365_left.jpg
Changsha_Part1_pt_3316_left.jpg,Changsha_Part5_pt_41469_front.jpg
Nanchang_Part1_pt_7515_front.jpg,Nanchang_Part2_pt_13614_left.jpg
Wuhan_Part1_pt_4831_front.jpg,Wuhan_Part3_pt_38649_right.jpg
Wuhan_Part3_pt_35865_front.jpg,Wuhan_Part3_pt_41887_right.jpg
Changsha_Part5_pt_43473_front.jpg,Changsha_Part6_pt_55774_left.jpg
Nanchang_Part3_pt_29116_left.jpg,Wuhan_Part3_pt_34158_right.jpg
Changsha_Part5_pt_46172_left.jpg,Nanchang_Part2_pt_15633_front.jpg
Changsha_Part1_pt_996_back.jpg,Nanchang_Part1_pt_5746_back.jpg
Changsha_Part3_pt_27051_back.jpg,Wuhan_Part2_pt_16645_left.jpg
Wuhan_Part1_pt_5454_front.jpg,Wuhan_Part3_pt_31296_left.jpg
Changsha_Part4_pt_36040_right.jpg,Wuhan_Part2_pt_20292_back.jpg
Changsha_Part1_pt_1891_left.jpg,Wuhan_Part1_pt_10505_left.jpg
Changsha_Part5_pt_43557_back.jpg,Nanchang_Part1_pt_8777_right.jpg
Nanchang_Part2_pt_13614_left.jpg,Nanchang_Part3_pt_30858_front.jpg
Nanchang_Part2_pt_17581_right.jpg,Nanchang_Part3_pt_29934_back.jpg
Wuhan_Part1_pt_6911_front.jpg,Wuhan_Part2_pt_24058_left.jpg
Nanchang_Part2_pt_12581_left.jpg,Nanchang_Part2_pt_15426_left.jpg
Nanchang_Part2_pt_14839_right.jpg,Wuhan_Part1_pt_3803_back.jpg
Changsha_Part6_pt_54362_back.jpg,Wuhan_Part2_pt_19680_left.jpg
Changsha_Part5_pt_45650_left.jpg,Nanchang_Part2_pt_17227_front.jpg
Changsha_Part1_pt_161_front.jpg,Changsha_Part4_pt_31855_back.jpg
Nanchang_Part2_pt_15633_front.jpg,Wuhan_Part3_pt_33409_right.jpg
Nanchang_Part3_pt_28977_left.jpg,Wuhan_Part2_pt_28088_back.jpg
Changsha_Part2_pt_16293_front.jpg,Wuhan_Part2_pt_16284_back.jpg
Changsha_Part2_pt_10431_right.jpg,Changsha_Part6_pt_54741_back.jpg
Changsha_Part2_pt_15992_left.jpg,Changsha_Part6_pt_55312_back.jpg
Nanchang_Part1_pt_9330_right.jpg,Wuhan_Part2_pt_15630_left.jpg
Changsha_Part2_pt_16405_front.jpg,Wuhan_Part3_pt_33451_right.jpg
Changsha_Part1_pt_1907_left.jpg,Nanchang_Part3_pt_31302_front.jpg
Nanchang_Part3_pt_22824_back.jpg,Wuhan_Part1_pt_6835_right.jpg
Changsha_Part6_pt_51615_left.jpg,Wuhan_Part1_pt_3198_front.jpg
Nanchang_Part2_pt_12559_back.jpg,Nanchang_Part2_pt_14057_front.jpg
Nanchang_Part1_pt_9330_right.jpg,Nanchang_Part2_pt_13933_right.jpg
Nanchang_Part1_pt_9599_back.jpg,Nanchang_Part2_pt_15426_left.jpg
Changsha_Part4_pt_31169_back.jpg,Wuhan_Part1_pt_4308_right.jpg
Nanchang_Part1_pt_8510_back.jpg,Wuhan_Part2_pt_19592_back.jpg
Changsha_Part2_pt_14251_right.jpg,Wuhan_Part3_pt_32448_front.jpg
Changsha_Part3_pt_20397_front.jpg,Nanchang_Part1_pt_8094_back.jpg
Nanchang_Part1_pt_3587_right.jpg,Wuhan_Part1_pt_3252_right.jpg
Changsha_Part1_pt_2566_left.jpg,Changsha_Part3_pt_28099_left.jpg
Wuhan_Part1_pt_1398_left.jpg,Wuhan_Part3_pt_37339_right.jpg
Changsha_Part5_pt_46172_left.jpg,Wuhan_Part1_pt_7386_back.jpg
Changsha_Part2_pt_11345_left.jpg,Changsha_Part5_pt_46307_front.jpg
Changsha_Part2_pt_18188_back.jpg,Changsha_Part6_pt_53756_right.jpg
Changsha_Part2_pt_11794_back.jpg,Nanchang_Part2_pt_11628_front.jpg
Changsha_Part3_pt_28099_left.jpg,Nanchang_Part1_pt_8663_back.jpg
Nanchang_Part1_pt_4179_left.jpg,Wuhan_Part2_pt_26001_left.jpg
Nanchang_Part3_pt_27082_back.jpg,Wuhan_Part2_pt_17975_right.jpg
Changsha_Part4_pt_35000_back.jpg,Wuhan_Part3_pt_32090_front.jpg
Nanchang_Part2_pt_11680_back.jpg,Nanchang_Part3_pt_28929_right.jpg
Nanchang_Part1_pt_3927_left.jpg,Nanchang_Part2_pt_12577_left.jpg
Changsha_Part6_pt_51265_back.jpg,Wuhan_Part1_pt_2822_right.jpg
Nanchang_Part1_pt_4893_front.jpg,Nanchang_Part1_pt_6529_right.jpg
Changsha_Part6_pt_55774_left.jpg,Nanchang_Part2_pt_18872_right.jpg
Nanchang_Part2_pt_18879_back.jpg,Wuhan_Part1_pt_6658_right.jpg
Nanchang_Part1_pt_7027_back.jpg,Wuhan_Part1_pt_2084_front.jpg
Changsha_Part2_pt_14409_front.jpg,Nanchang_Part2_pt_13842_back.jpg
Nanchang_Part2_pt_15371_right.jpg,Nanchang_Part3_pt_32622_left.jpg
Changsha_Part4_pt_35840_right.jpg,Changsha_Part4_pt_37794_right.jpg
Nanchang_Part2_pt_20647_front.jpg,Wuhan_Part3_pt_35053_front.jpg
Nanchang_Part1_pt_8119_right.jpg,Nanchang_Part3_pt_22886_front.jpg
Changsha_Part4_pt_31169_back.jpg,Changsha_Part5_pt_41513_back.jpg
Changsha_Part1_pt_1376_left.jpg,Nanchang_Part2_pt_12011_left.jpg
Nanchang_Part3_pt_29116_left.jpg,Wuhan_Part3_pt_38433_back.jpg
Changsha_Part3_pt_23537_right.jpg,Nanchang_Part3_pt_25526_front.jpg
Nanchang_Part1_pt_9891_back.jpg,Wuhan_Part2_pt_15743_front.jpg
Nanchang_Part1_pt_5486_right.jpg,Nanchang_Part1_pt_7076_front.jpg
Changsha_Part3_pt_29721_left.jpg,Nanchang_Part2_pt_17227_front.jpg
Changsha_Part2_pt_14409_front.jpg,Changsha_Part6_pt_53640_right.jpg
Nanchang_Part3_pt_31676_right.jpg,Wuhan_Part3_pt_32877_back.jpg
Changsha_Part3_pt_27425_back.jpg,Wuhan_Part3_pt_34066_front.jpg
Nanchang_Part3_pt_30271_left.jpg,Wuhan_Part3_pt_35865_front.jpg
Changsha_Part1_pt_4197_right.jpg,Nanchang_Part1_pt_5607_right.jpg
Changsha_Part5_pt_40625_left.jpg,Wuhan_Part3_pt_32106_left.jpg
Wuhan_Part2_pt_19807_back.jpg,Wuhan_Part3_pt_36472_right.jpg
Wuhan_Part1_pt_7933_front.jpg,Wuhan_Part3_pt_42177_front.jpg
Changsha_Part5_pt_40625_left.jpg,Changsha_Part6_pt_52888_back.jpg
Nanchang_Part2_pt_16595_back.jpg,Nanchang_Part2_pt_17227_front.jpg
Nanchang_Part3_pt_24187_right.jpg,Wuhan_Part1_pt_2330_left.jpg
Changsha_Part2_pt_11345_left.jpg,Nanchang_Part2_pt_12559_back.jpg
Changsha_Part1_pt_4234_back.jpg,Nanchang_Part2_pt_12929_right.jpg
Changsha_Part3_pt_20158_left.jpg,Changsha_Part4_pt_32068_right.jpg
Changsha_Part6_pt_58248_front.jpg,Nanchang_Part3_pt_32368_right.jpg
Wuhan_Part1_pt_10147_left.jpg,Wuhan_Part2_pt_27245_left.jpg
Nanchang_Part2_pt_13488_front.jpg,Nanchang_Part2_pt_16007_left.jpg
Nanchang_Part2_pt_12616_left.jpg,Wuhan_Part2_pt_21749_left.jpg
Wuhan_Part3_pt_35204_left.jpg,Wuhan_Part3_pt_36365_left.jpg
Wuhan_Part1_pt_5454_front.jpg,Wuhan_Part1_pt_8504_left.jpg
Changsha_Part6_pt_53305_front.jpg,Nanchang_Part3_pt_25316_back.jpg
Changsha_Part4_pt_36706_left.jpg,Wuhan_Part1_pt_3939_left.jpg
Nanchang_Part1_pt_9724_front.jpg,Wuhan_Part2_pt_16999_front.jpg
Nanchang_Part1_pt_8386_back.jpg,Wuhan_Part3_pt_31778_left.jpg
Changsha_Part5_pt_42756_right.jpg,Wuhan_Part1_pt_1904_left.jpg
Changsha_Part3_pt_20397_front.jpg,Nanchang_Part1_pt_7051_back.jpg
Changsha_Part4_pt_30968_back.jpg,Nanchang_Part3_pt_31259_front.jpg
Nanchang_Part1_pt_5894_front.jpg,Wuhan_Part1_pt_417_front.jpg
Wuhan_Part1_pt_10463_left.jpg,Wuhan_Part1_pt_819_front.jpg
Nanchang_Part1_pt_1965_back.jpg,Wuhan_Part1_pt_2293_right.jpg
Changsha_Part6_pt_52680_left.jpg,Wuhan_Part1_pt_10463_left.jpg
Nanchang_Part3_pt_29404_right.jpg,Nanchang_Part3_pt_30858_front.jpg
Nanchang_Part1_pt_4393_right.jpg,Wuhan_Part3_pt_34296_left.jpg
Changsha_Part4_pt_34587_back.jpg,Wuhan_Part3_pt_32640_front.jpg
Changsha_Part3_pt_27913_front.jpg,Wuhan_Part3_pt_35558_front.jpg
Changsha_Part1_pt_3958_left.jpg,Wuhan_Part2_pt_16547_left.jpg
Nanchang_Part1_pt_5528_left.jpg,Wuhan_Part3_pt_32112_back.jpg
Changsha_Part5_pt_46885_left.jpg,Wuhan_Part3_pt_40120_back.jpg
Nanchang_Part2_pt_12496_front.jpg,Wuhan_Part2_pt_23091_left.jpg
Wuhan_Part2_pt_18623_left.jpg,Wuhan_Part2_pt_27578_right.jpg
Wuhan_Part1_pt_6604_left.jpg,Wuhan_Part3_pt_38798_back.jpg
Changsha_Part6_pt_54018_back.jpg,Nanchang_Part3_pt_31676_right.jpg
Nanchang_Part1_pt_1827_left.jpg,Wuhan_Part1_pt_4_front.jpg
Wuhan_Part1_pt_3944_left.jpg,Wuhan_Part2_pt_22110_left.jpg
Nanchang_Part1_pt_6918_back.jpg,Nanchang_Part3_pt_22584_left.jpg
Nanchang_Part1_pt_5661_front.jpg,Wuhan_Part3_pt_31833_front.jpg
Changsha_Part5_pt_45542_back.jpg,Wuhan_Part1_pt_8570_right.jpg
Changsha_Part5_pt_45246_left.jpg,Wuhan_Part2_pt_24484_front.jpg
Changsha_Part2_pt_11325_left.jpg,Wuhan_Part1_pt_9289_front.jpg
Changsha_Part5_pt_41469_front.jpg,Nanchang_Part1_pt_8513_right.jpg
Changsha_Part6_pt_55889_left.jpg,Nanchang_Part1_pt_7979_right.jpg
Changsha_Part2_pt_12639_right.jpg,Wuhan_Part2_pt_19095_left.jpg
Changsha_Part3_pt_21634_right.jpg,Wuhan_Part2_pt_27296_front.jpg
Wuhan_Part2_pt_16645_left.jpg,Wuhan_Part3_pt_32763_front.jpg
Changsha_Part6_pt_50548_right.jpg,Nanchang_Part1_pt_5386_front.jpg
Nanchang_Part2_pt_20259_back.jpg,Wuhan_Part1_pt_5761_right.jpg
Changsha_Part2_pt_15724_left.jpg,Wuhan_Part2_pt_19592_back.jpg
Changsha_Part3_pt_21634_right.jpg,Nanchang_Part1_pt_6529_right.jpg
Changsha_Part5_pt_40387_left.jpg,Nanchang_Part1_pt_9144_front.jpg
Nanchang_Part1_pt_1056_front.jpg,Nanchang_Part3_pt_28150_front.jpg
Changsha_Part1_pt_3751_left.jpg,Nanchang_Part2_pt_16595_back.jpg
Changsha_Part4_pt_34265_back.jpg,Nanchang_Part1_pt_7010_front.jpg
Nanchang_Part2_pt_18892_right.jpg,Wuhan_Part3_pt_40702_back.jpg
Changsha_Part2_pt_14761_back.jpg,Nanchang_Part2_pt_15812_left.jpg
Changsha_Part1_pt_3316_left.jpg,Wuhan_Part1_pt_2525_front.jpg
Nanchang_Part3_pt_30742_back.jpg,Wuhan_Part2_pt_24300_right.jpg
Changsha_Part3_pt_20397_front.jpg,Nanchang_Part2_pt_19562_front.jpg
Changsha_Part3_pt_27024_left.jpg,Nanchang_Part1_pt_6314_left.jpg
Nanchang_Part1_pt_1285_back.jpg,Wuhan_Part1_pt_4831_front.jpg
Changsha_Part5_pt_40625_left.jpg,Nanchang_Part1_pt_5746_back.jpg
Changsha_Part2_pt_17980_right.jpg,Wuhan_Part3_pt_31778_left.jpg
Nanchang_Part2_pt_18760_front.jpg,Wuhan_Part3_pt_34958_front.jpg
Changsha_Part3_pt_25820_back.jpg,Nanchang_Part2_pt_20275_back.jpg
Nanchang_Part1_pt_7027_back.jpg,Wuhan_Part1_pt_3252_right.jpg
Changsha_Part4_pt_35468_right.jpg,Wuhan_Part3_pt_34498_right.jpg
Wuhan_Part1_pt_11303_right.jpg,Wuhan_Part2_pt_16645_left.jpg
Changsha_Part1_pt_996_back.jpg,Wuhan_Part2_pt_26404_left.jpg
Nanchang_Part2_pt_16022_back.jpg,Wuhan_Part3_pt_34216_front.jpg
Changsha_Part2_pt_11825_left.jpg,Changsha_Part2_pt_13683_back.jpg
Nanchang_Part3_pt_24085_front.jpg,Nanchang_Part3_pt_28999_right.jpg
Changsha_Part5_pt_44292_right.jpg,Wuhan_Part2_pt_19095_left.jpg
Changsha_Part6_pt_55322_right.jpg,Wuhan_Part3_pt_34296_left.jpg
Changsha_Part6_pt_50649_left.jpg,Nanchang_Part1_pt_635_left.jpg
Changsha_Part4_pt_37845_back.jpg,Nanchang_Part2_pt_15498_left.jpg
Changsha_Part3_pt_28636_left.jpg,Wuhan_Part3_pt_35384_right.jpg
Wuhan_Part1_pt_4667_right.jpg,Wuhan_Part3_pt_34168_back.jpg
Changsha_Part3_pt_26523_front.jpg,Wuhan_Part3_pt_31296_left.jpg
Nanchang_Part1_pt_9330_right.jpg,Nanchang_Part2_pt_16929_back.jpg
Changsha_Part4_pt_32401_back.jpg,Nanchang_Part2_pt_12011_left.jpg
Nanchang_Part2_pt_15812_left.jpg,Nanchang_Part3_pt_24725_right.jpg
Changsha_Part3_pt_24031_left.jpg,Nanchang_Part1_pt_5353_left.jpg
Changsha_Part6_pt_50277_right.jpg,Nanchang_Part3_pt_28863_back.jpg
Changsha_Part3_pt_25710_left.jpg,Nanchang_Part1_pt_6424_right.jpg
Nanchang_Part3_pt_25434_front.jpg,Wuhan_Part3_pt_34066_front.jpg
Changsha_Part3_pt_20021_front.jpg,Nanchang_Part1_pt_8871_right.jpg
Changsha_Part1_pt_6320_back.jpg,Changsha_Part2_pt_11273_front.jpg
Nanchang_Part1_pt_4893_front.jpg,Nanchang_Part1_pt_7681_right.jpg
Wuhan_Part2_pt_16215_back.jpg,Wuhan_Part2_pt_24300_right.jpg
Changsha_Part5_pt_40387_left.jpg,Changsha_Part6_pt_52888_back.jpg
Nanchang_Part3_pt_32422_front.jpg,Wuhan_Part2_pt_17364_right.jpg
Changsha_Part2_pt_14761_back.jpg,Wuhan_Part2_pt_15630_left.jpg
Changsha_Part4_pt_35342_back.jpg,Nanchang_Part3_pt_30356_back.jpg
Changsha_Part6_pt_54741_back.jpg,Nanchang_Part2_pt_15778_front.jpg
Nanchang_Part2_pt_17227_front.jpg,Nanchang_Part3_pt_22854_back.jpg
Changsha_Part5_pt_41863_front.jpg,Wuhan_Part3_pt_38649_right.jpg
Nanchang_Part1_pt_4282_left.jpg,Nanchang_Part3_pt_28522_right.jpg
Changsha_Part5_pt_42019_front.jpg,Nanchang_Part2_pt_16158_back.jpg
Changsha_Part3_pt_23794_back.jpg,Changsha_Part6_pt_56467_front.jpg
Nanchang_Part1_pt_741_left.jpg,Wuhan_Part2_pt_23692_front.jpg
Changsha_Part3_pt_28034_front.jpg,Wuhan_Part1_pt_2445_back.jpg
Changsha_Part1_pt_3692_back.jpg,Changsha_Part3_pt_23970_right.jpg
Wuhan_Part1_pt_2976_right.jpg,Wuhan_Part3_pt_32106_left.jpg
Changsha_Part3_pt_23973_right.jpg,Nanchang_Part2_pt_19036_left.jpg
Nanchang_Part1_pt_3200_right.jpg,Wuhan_Part3_pt_39523_left.jpg
Changsha_Part3_pt_21634_right.jpg,Nanchang_Part1_pt_9599_back.jpg
Nanchang_Part1_pt_7051_back.jpg,Wuhan_Part2_pt_23928_back.jpg
Wuhan_Part1_pt_6835_right.jpg,Wuhan_Part3_pt_40368_front.jpg
Nanchang_Part1_pt_9655_left.jpg,Nanchang_Part3_pt_30232_right.jpg
Changsha_Part3_pt_28198_front.jpg,Wuhan_Part1_pt_1398_left.jpg
Changsha_Part3_pt_23274_front.jpg,Wuhan_Part1_pt_3410_back.jpg
Wuhan_Part1_pt_9169_left.jpg,Wuhan_Part2_pt_18623_left.jpg
Nanchang_Part2_pt_13614_left.jpg,Nanchang_Part2_pt_14656_left.jpg
Changsha_Part2_pt_15724_left.jpg,Nanchang_Part3_pt_23745_front.jpg
Wuhan_Part2_pt_23928_back.jpg,Wuhan_Part2_pt_24353_right.jpg
Changsha_Part1_pt_1016_back.jpg,Nanchang_Part1_pt_4393_right.jpg
Nanchang_Part1_pt_289_right.jpg,Wuhan_Part3_pt_35274_left.jpg
Wuhan_Part1_pt_1062_left.jpg,Wuhan_Part2_pt_22829_back.jpg
Changsha_Part2_pt_15644_front.jpg,Wuhan_Part1_pt_8570_right.jpg
Nanchang_Part2_pt_20275_back.jpg,Wuhan_Part3_pt_32779_right.jpg
Nanchang_Part1_pt_5486_right.jpg,Nanchang_Part1_pt_9144_front.jpg
Changsha_Part4_pt_35840_right.jpg,Changsha_Part6_pt_51628_left.jpg
Changsha_Part4_pt_32473_right.jpg,Wuhan_Part1_pt_7051_front.jpg
Changsha_Part6_pt_55774_left.jpg,Wuhan_Part1_pt_304_back.jpg
Nanchang_Part3_pt_29404_right.jpg,Wuhan_Part3_pt_35275_back.jpg
Wuhan_Part2_pt_21324_back.jpg,Wuhan_Part3_pt_35530_front.jpg
Wuhan_Part1_pt_637_front.jpg,Wuhan_Part3_pt_42512_back.jpg
Changsha_Part5_pt_43619_right.jpg,Nanchang_Part2_pt_18732_front.jpg
Wuhan_Part1_pt_417_front.jpg,Wuhan_Part1_pt_9922_left.jpg
Changsha_Part4_pt_31374_back.jpg,Nanchang_Part1_pt_352_back.jpg
Changsha_Part4_pt_33177_left.jpg,Wuhan_Part1_pt_7051_front.jpg
Nanchang_Part1_pt_4640_back.jpg,Wuhan_Part1_pt_637_front.jpg
Changsha_Part1_pt_5737_left.jpg,Changsha_Part2_pt_13552_front.jpg
Changsha_Part4_pt_31193_back.jpg,Changsha_Part5_pt_45015_right.jpg
Changsha_Part2_pt_11273_front.jpg,Changsha_Part6_pt_52510_left.jpg
Changsha_Part2_pt_16405_front.jpg,Nanchang_Part1_pt_3475_right.jpg
Changsha_Part4_pt_36721_back.jpg,Nanchang_Part2_pt_17357_right.jpg
Changsha_Part1_pt_4807_left.jpg,Nanchang_Part1_pt_5528_left.jpg
Changsha_Part3_pt_20174_front.jpg,Nanchang_Part2_pt_12581_left.jpg
Wuhan_Part1_pt_194_left.jpg,Wuhan_Part2_pt_21516_back.jpg
Nanchang_Part1_pt_944_back.jpg,Wuhan_Part2_pt_26153_back.jpg
Nanchang_Part1_pt_8049_front.jpg,Wuhan_Part2_pt_27179_back.jpg
Changsha_Part4_pt_32436_left.jpg,Changsha_Part5_pt_41786_right.jpg
Changsha_Part3_pt_20021_front.jpg,Changsha_Part6_pt_57138_back.jpg
Changsha_Part4_pt_33642_left.jpg,Nanchang_Part1_pt_8049_front.jpg
Changsha_Part4_pt_30539_back.jpg,Wuhan_Part1_pt_1053_right.jpg
Changsha_Part1_pt_26_right.jpg,Nanchang_Part2_pt_15004_back.jpg
Changsha_Part2_pt_12639_right.jpg,Wuhan_Part3_pt_33409_right.jpg
Nanchang_Part1_pt_6878_back.jpg,Wuhan_Part1_pt_4308_right.jpg
Changsha_Part3_pt_27625_back.jpg,Nanchang_Part2_pt_15932_left.jpg
Changsha_Part6_pt_54034_right.jpg,Nanchang_Part1_pt_5769_left.jpg
Changsha_Part1_pt_4087_right.jpg,Nanchang_Part1_pt_289_right.jpg
Changsha_Part2_pt_11345_left.jpg,Nanchang_Part1_pt_7056_left.jpg
Nanchang_Part3_pt_27075_left.jpg,Nanchang_Part3_pt_29116_left.jpg
Changsha_Part1_pt_5997_right.jpg,Wuhan_Part1_pt_345_front.jpg
Changsha_Part3_pt_28034_front.jpg,Changsha_Part6_pt_51316_left.jpg
Changsha_Part3_pt_25941_front.jpg,Wuhan_Part1_pt_2525_front.jpg
Nanchang_Part1_pt_9553_left.jpg,Nanchang_Part2_pt_19865_right.jpg
Changsha_Part4_pt_31904_front.jpg,Wuhan_Part2_pt_19560_back.jpg
Changsha_Part5_pt_45139_left.jpg,Nanchang_Part1_pt_6829_right.jpg
Nanchang_Part1_pt_9655_left.jpg,Nanchang_Part3_pt_30874_back.jpg
Nanchang_Part3_pt_22567_right.jpg,Wuhan_Part1_pt_1053_right.jpg
Changsha_Part2_pt_11325_left.jpg,Nanchang_Part3_pt_27202_right.jpg
Nanchang_Part1_pt_1285_back.jpg,Wuhan_Part3_pt_31778_left.jpg
Changsha_Part4_pt_35861_left.jpg,Wuhan_Part2_pt_21324_back.jpg
Wuhan_Part2_pt_16215_back.jpg,Wuhan_Part3_pt_34980_back.jpg
Changsha_Part5_pt_46484_left.jpg,Wuhan_Part3_pt_36915_front.jpg
Wuhan_Part1_pt_5382_right.jpg,Wuhan_Part2_pt_17061_front.jpg
Changsha_Part2_pt_12327_right.jpg,Nanchang_Part3_pt_23059_front.jpg
Nanchang_Part2_pt_18719_back.jpg,Wuhan_Part1_pt_7153_right.jpg
Changsha_Part6_pt_57138_back.jpg,Nanchang_Part2_pt_18736_back.jpg
Changsha_Part5_pt_41657_right.jpg,Changsha_Part6_pt_50649_left.jpg
Changsha_Part4_pt_35840_right.jpg,Nanchang_Part1_pt_8119_right.jpg
Nanchang_Part3_pt_24124_back.jpg,Wuhan_Part1_pt_10505_left.jpg
Changsha_Part5_pt_46396_left.jpg,Wuhan_Part3_pt_35053_front.jpg
Changsha_Part6_pt_58206_front.jpg,Wuhan_Part2_pt_19592_back.jpg
Changsha_Part3_pt_28571_left.jpg,Nanchang_Part3_pt_24948_left.jpg
Changsha_Part1_pt_425_front.jpg,Wuhan_Part2_pt_17768_left.jpg
Changsha_Part1_pt_6050_right.jpg,Wuhan_Part2_pt_24484_front.jpg
Changsha_Part1_pt_5400_front.jpg,Changsha_Part2_pt_17980_right.jpg
Changsha_Part4_pt_32401_back.jpg,Changsha_Part6_pt_53640_right.jpg
Changsha_Part6_pt_57264_left.jpg,Wuhan_Part3_pt_32617_left.jpg
Nanchang_Part1_pt_1783_left.jpg,Nanchang_Part1_pt_8391_right.jpg
Changsha_Part5_pt_47450_back.jpg,Nanchang_Part1_pt_9718_back.jpg
Nanchang_Part2_pt_12654_back.jpg,Wuhan_Part2_pt_16645_left.jpg
Changsha_Part4_pt_35551_front.jpg,Nanchang_Part2_pt_14057_front.jpg
Changsha_Part3_pt_20397_front.jpg,Wuhan_Part3_pt_34158_right.jpg
Nanchang_Part3_pt_32622_left.jpg,Wuhan_Part1_pt_3588_back.jpg
Nanchang_Part3_pt_22854_back.jpg,Nanchang_Part3_pt_31302_front.jpg
Nanchang_Part2_pt_19440_front.jpg,Nanchang_Part3_pt_27598_right.jpg
Nanchang_Part1_pt_5539_left.jpg,Wuhan_Part2_pt_20292_back.jpg
Changsha_Part3_pt_27199_left.jpg,Nanchang_Part1_pt_6314_left.jpg
Wuhan_Part1_pt_2293_right.jpg,Wuhan_Part1_pt_5035_right.jpg
Changsha_Part2_pt_15998_back.jpg,Wuhan_Part1_pt_9442_back.jpg
Changsha_Part2_pt_17999_left.jpg,Nanchang_Part1_pt_3285_left.jpg
Changsha_Part2_pt_11794_back.jpg,Wuhan_Part1_pt_4045_front.jpg
Changsha_Part4_pt_35618_back.jpg,Nanchang_Part2_pt_15035_left.jpg
Changsha_Part4_pt_30066_right.jpg,Wuhan_Part1_pt_6835_right.jpg
Changsha_Part2_pt_14409_front.jpg,Nanchang_Part1_pt_4179_left.jpg
Nanchang_Part1_pt_3665_right.jpg,Wuhan_Part3_pt_35204_left.jpg
Changsha_Part6_pt_55670_back.jpg,Nanchang_Part1_pt_8391_right.jpg
Changsha_Part4_pt_32068_right.jpg,Wuhan_Part3_pt_36567_right.jpg
Nanchang_Part1_pt_3386_left.jpg,Nanchang_Part1_pt_3802_right.jpg
Changsha_Part4_pt_32239_right.jpg,Changsha_Part4_pt_34902_right.jpg
Nanchang_Part2_pt_18872_right.jpg,Wuhan_Part3_pt_31401_front.jpg
Wuhan_Part1_pt_740_right.jpg,Wuhan_Part2_pt_26001_left.jpg
Changsha_Part3_pt_21634_right.jpg,Nanchang_Part2_pt_18872_right.jpg
Changsha_Part3_pt_29721_left.jpg,Changsha_Part6_pt_57072_right.jpg
Nanchang_Part1_pt_3587_right.jpg,Wuhan_Part1_pt_3939_left.jpg
Changsha_Part2_pt_12584_right.jpg,Changsha_Part5_pt_46743_right.jpg
Nanchang_Part1_pt_7076_front.jpg,Nanchang_Part2_pt_18719_back.jpg
Changsha_Part6_pt_52510_left.jpg,Wuhan_Part2_pt_16547_left.jpg
Changsha_Part2_pt_15853_right.jpg,Changsha_Part6_pt_56542_left.jpg
Changsha_Part1_pt_4607_front.jpg,Wuhan_Part3_pt_40759_front.jpg
Changsha_Part1_pt_1230_back.jpg,Nanchang_Part1_pt_2017_front.jpg
Wuhan_Part1_pt_4084_right.jpg,Wuhan_Part3_pt_32315_left.jpg
Wuhan_Part1_pt_3116_front.jpg,Wuhan_Part1_pt_4831_front.jpg
Changsha_Part3_pt_21728_front.jpg,Wuhan_Part1_pt_7227_left.jpg
Changsha_Part5_pt_44124_right.jpg,Changsha_Part6_pt_56075_left.jpg
Nanchang_Part3_pt_30388_left.jpg,Wuhan_Part3_pt_32448_front.jpg
Changsha_Part4_pt_31374_back.jpg,Nanchang_Part2_pt_11442_right.jpg
Changsha_Part2_pt_13447_right.jpg,Changsha_Part2_pt_18188_back.jpg
Changsha_Part4_pt_36807_right.jpg,Wuhan_Part3_pt_38649_right.jpg
Nanchang_Part2_pt_20348_right.jpg,Wuhan_Part2_pt_16999_front.jpg
Changsha_Part5_pt_44090_right.jpg,Wuhan_Part1_pt_6911_front.jpg
Changsha_Part1_pt_26_right.jpg,Nanchang_Part1_pt_4393_right.jpg
Changsha_Part6_pt_51193_back.jpg,Wuhan_Part3_pt_35071_back.jpg
Changsha_Part2_pt_12086_back.jpg,Changsha_Part2_pt_17662_front.jpg
Nanchang_Part2_pt_13845_right.jpg,Wuhan_Part2_pt_17646_front.jpg
Nanchang_Part1_pt_2847_front.jpg,Wuhan_Part2_pt_16284_back.jpg
Changsha_Part4_pt_36040_right.jpg,Wuhan_Part3_pt_31769_back.jpg
Changsha_Part6_pt_51615_left.jpg,Nanchang_Part2_pt_19036_left.jpg
Changsha_Part5_pt_43473_front.jpg,Nanchang_Part1_pt_8924_right.jpg
Nanchang_Part1_pt_5033_front.jpg,Wuhan_Part3_pt_36595_front.jpg
Wuhan_Part1_pt_1904_left.jpg,Wuhan_Part1_pt_6778_back.jpg
Nanchang_Part1_pt_4729_left.jpg,Wuhan_Part2_pt_19592_back.jpg
Changsha_Part3_pt_27866_right.jpg,Nanchang_Part1_pt_1285_back.jpg
Changsha_Part2_pt_17662_front.jpg,Wuhan_Part1_pt_4308_right.jpg
Changsha_Part6_pt_55982_left.jpg,Nanchang_Part2_pt_19699_back.jpg
Changsha_Part3_pt_29721_left.jpg,Changsha_Part5_pt_46119_back.jpg
Nanchang_Part2_pt_15778_front.jpg,Nanchang_Part2_pt_19036_left.jpg
Changsha_Part2_pt_10259_back.jpg,Changsha_Part2_pt_12584_right.jpg
Wuhan_Part1_pt_9169_left.jpg,Wuhan_Part3_pt_35274_left.jpg
Nanchang_Part3_pt_30126_left.jpg,Wuhan_Part1_pt_5382_right.jpg
Nanchang_Part2_pt_12569_back.jpg,Wuhan_Part1_pt_3751_right.jpg
Changsha_Part2_pt_17510_front.jpg,Nanchang_Part3_pt_24948_left.jpg
Nanchang_Part2_pt_18719_back.jpg,Wuhan_Part3_pt_34977_right.jpg
Changsha_Part2_pt_15291_front.jpg,Nanchang_Part1_pt_2847_front.jpg
Nanchang_Part1_pt_232_right.jpg,Nanchang_Part2_pt_19785_right.jpg
Changsha_Part2_pt_11273_front.jpg,Changsha_Part2_pt_11325_left.jpg
Nanchang_Part2_pt_13933_right.jpg,Nanchang_Part3_pt_27189_left.jpg
Changsha_Part5_pt_45139_left.jpg,Wuhan_Part1_pt_304_back.jpg
Nanchang_Part1_pt_8663_back.jpg,Wuhan_Part1_pt_8424_back.jpg
Changsha_Part6_pt_55774_left.jpg,Nanchang_Part1_pt_6314_left.jpg
Nanchang_Part2_pt_12789_front.jpg,Wuhan_Part2_pt_23928_back.jpg
Changsha_Part5_pt_41786_right.jpg,Wuhan_Part3_pt_32315_left.jpg
Changsha_Part2_pt_11825_left.jpg,Changsha_Part4_pt_32068_right.jpg
Changsha_Part3_pt_20021_front.jpg,Changsha_Part3_pt_28723_left.jpg
Changsha_Part1_pt_6847_front.jpg,Nanchang_Part1_pt_352_back.jpg
Nanchang_Part3_pt_24189_front.jpg,Wuhan_Part1_pt_8424_back.jpg
Changsha_Part4_pt_36706_left.jpg,Wuhan_Part1_pt_4115_front.jpg
Changsha_Part2_pt_14442_right.jpg,Wuhan_Part1_pt_6464_front.jpg
Nanchang_Part3_pt_31460_front.jpg,Wuhan_Part3_pt_34980_back.jpg
Changsha_Part2_pt_11460_front.jpg,Wuhan_Part3_pt_40495_left.jpg
Changsha_Part5_pt_46484_left.jpg,Wuhan_Part1_pt_2054_right.jpg
Changsha_Part3_pt_25880_right.jpg,Wuhan_Part1_pt_11205_right.jpg
Nanchang_Part2_pt_14274_left.jpg,Nanchang_Part2_pt_16022_back.jpg
Changsha_Part1_pt_1380_back.jpg,Nanchang_Part2_pt_17121_front.jpg
Nanchang_Part2_pt_17121_front.jpg,Wuhan_Part3_pt_35053_front.jpg
Changsha_Part1_pt_3692_back.jpg,Wuhan_Part1_pt_3116_front.jpg
Changsha_Part6_pt_55455_right.jpg,Wuhan_Part2_pt_21749_left.jpg
Changsha_Part2_pt_17662_front.jpg,Wuhan_Part3_pt_32112_back.jpg
Changsha_Part4_pt_35000_back.jpg,Wuhan_Part3_pt_34168_back.jpg
Wuhan_Part1_pt_4045_front.jpg,Wuhan_Part2_pt_24681_back.jpg
Nanchang_Part1_pt_3224_left.jpg,Wuhan_Part1_pt_5035_right.jpg
Changsha_Part6_pt_51265_back.jpg,Wuhan_Part3_pt_41411_front.jpg
Nanchang_Part2_pt_12581_left.jpg,Wuhan_Part2_pt_20009_front.jpg
Nanchang_Part3_pt_28606_back.jpg,Wuhan_Part1_pt_6464_front.jpg
Changsha_Part1_pt_1230_back.jpg,Wuhan_Part2_pt_27169_right.jpg
Changsha_Part4_pt_33177_left.jpg,Wuhan_Part1_pt_10505_left.jpg
Changsha_Part2_pt_11244_left.jpg,Changsha_Part2_pt_15861_left.jpg
Changsha_Part1_pt_4087_right.jpg,Wuhan_Part1_pt_10463_left.jpg
Wuhan_Part1_pt_6604_left.jpg,Wuhan_Part2_pt_19609_right.jpg
Nanchang_Part2_pt_15107_right.jpg,Nanchang_Part2_pt_19440_front.jpg
Changsha_Part1_pt_2308_front.jpg,Wuhan_Part1_pt_2330_left.jpg
Changsha_Part4_pt_30825_back.jpg,Changsha_Part5_pt_45139_left.jpg
Changsha_Part5_pt_44803_left.jpg,Nanchang_Part1_pt_8030_left.jpg
Nanchang_Part1_pt_3802_right.jpg,Nanchang_Part2_pt_14656_left.jpg
Nanchang_Part2_pt_19440_front.jpg,Nanchang_Part3_pt_28977_left.jpg
Changsha_Part2_pt_15998_back.jpg,Nanchang_Part2_pt_18879_back.jpg
Nanchang_Part1_pt_4566_back.jpg,Wuhan_Part2_pt_26385_left.jpg
Nanchang_Part2_pt_12695_right.jpg,Nanchang_Part3_pt_32422_front.jpg
Changsha_Part3_pt_28723_left.jpg,Nanchang_Part2_pt_17121_front.jpg
Changsha_Part2_pt_17999_left.jpg,Wuhan_Part2_pt_17061_front.jpg
Changsha_Part2_pt_14761_back.jpg,Changsha_Part2_pt_15291_front.jpg
Changsha_Part6_pt_54362_back.jpg,Nanchang_Part1_pt_6196_right.jpg
Changsha_Part3_pt_20158_left.jpg,Wuhan_Part2_pt_20482_right.jpg
Nanchang_Part2_pt_12581_left.jpg,Nanchang_Part3_pt_30126_left.jpg
Changsha_Part2_pt_14371_front.jpg,Changsha_Part4_pt_37845_back.jpg
Changsha_Part2_pt_15281_back.jpg,Wuhan_Part2_pt_16408_front.jpg
Changsha_Part2_pt_17778_left.jpg,Changsha_Part4_pt_34265_back.jpg
Changsha_Part5_pt_44124_right.jpg,Wuhan_Part2_pt_24484_front.jpg
Changsha_Part4_pt_36706_left.jpg,Nanchang_Part2_pt_17487_right.jpg
Nanchang_Part1_pt_3200_right.jpg,Nanchang_Part2_pt_17077_left.jpg
Nanchang_Part3_pt_28416_front.jpg,Wuhan_Part3_pt_36567_right.jpg
Wuhan_Part2_pt_18189_back.jpg,Wuhan_Part2_pt_19144_back.jpg
Nanchang_Part2_pt_15297_front.jpg,Nanchang_Part3_pt_30356_back.jpg
Wuhan_Part1_pt_5970_back.jpg,Wuhan_Part3_pt_32554_left.jpg
Changsha_Part5_pt_41657_right.jpg,Wuhan_Part1_pt_5970_back.jpg
Wuhan_Part1_pt_345_front.jpg,Wuhan_Part3_pt_40972_right.jpg
Wuhan_Part2_pt_26153_back.jpg,Wuhan_Part2_pt_26737_left.jpg
Nanchang_Part2_pt_19657_front.jpg,Wuhan_Part3_pt_41412_left.jpg
Nanchang_Part1_pt_3552_left.jpg,Nanchang_Part3_pt_29404_right.jpg
Nanchang_Part3_pt_32368_right.jpg,Wuhan_Part1_pt_3224_right.jpg
Wuhan_Part1_pt_5035_right.jpg,Wuhan_Part3_pt_43094_back.jpg
Changsha_Part2_pt_11244_left.jpg,Nanchang_Part3_pt_31228_right.jpg
Changsha_Part4_pt_30092_right.jpg,Wuhan_Part2_pt_24010_front.jpg
Nanchang_Part2_pt_12011_left.jpg,Nanchang_Part3_pt_24124_back.jpg
Changsha_Part2_pt_17590_back.jpg,Nanchang_Part1_pt_6829_right.jpg
Wuhan_Part1_pt_4667_right.jpg,Wuhan_Part3_pt_39565_front.jpg
Nanchang_Part1_pt_8386_back.jpg,Wuhan_Part2_pt_21352_right.jpg
Nanchang_Part3_pt_30396_back.jpg,Wuhan_Part2_pt_19144_back.jpg
Changsha_Part2_pt_15746_left.jpg,Nanchang_Part2_pt_13968_front.jpg
Changsha_Part3_pt_27425_back.jpg,Wuhan_Part1_pt_7153_right.jpg
Wuhan_Part1_pt_3111_front.jpg,Wuhan_Part1_pt_6778_back.jpg
Nanchang_Part3_pt_30356_back.jpg,Wuhan_Part3_pt_35204_left.jpg
Nanchang_Part2_pt_12654_back.jpg,Wuhan_Part3_pt_34216_front.jpg
Wuhan_Part1_pt_2525_front.jpg,Wuhan_Part2_pt_23234_front.jpg
Changsha_Part6_pt_51265_back.jpg,Wuhan_Part2_pt_16408_front.jpg
Changsha_Part5_pt_41507_front.jpg,Nanchang_Part1_pt_7084_front.jpg
Changsha_Part2_pt_10431_right.jpg,Wuhan_Part2_pt_16284_back.jpg
Changsha_Part6_pt_55312_back.jpg,Wuhan_Part1_pt_4308_right.jpg
Nanchang_Part2_pt_20259_back.jpg,Nanchang_Part3_pt_31125_front.jpg
Wuhan_Part2_pt_17975_right.jpg,Wuhan_Part2_pt_24304_front.jpg
Changsha_Part3_pt_24106_left.jpg,Wuhan_Part2_pt_18488_front.jpg
Nanchang_Part1_pt_352_back.jpg,Nanchang_Part2_pt_12094_right.jpg
Changsha_Part4_pt_30066_right.jpg,Wuhan_Part1_pt_192_left.jpg
Changsha_Part4_pt_30092_right.jpg,Changsha_Part4_pt_31855_back.jpg
Nanchang_Part2_pt_13042_front.jpg,Wuhan_Part3_pt_33210_left.jpg
Changsha_Part3_pt_28779_right.jpg,Wuhan_Part2_pt_15743_front.jpg
Nanchang_Part3_pt_32850_left.jpg,Wuhan_Part3_pt_34168_back.jpg
Nanchang_Part1_pt_9597_right.jpg,Nanchang_Part3_pt_22886_front.jpg
Changsha_Part5_pt_43438_front.jpg,Nanchang_Part3_pt_27075_left.jpg
Nanchang_Part2_pt_18892_right.jpg,Wuhan_Part3_pt_31296_left.jpg
Wuhan_Part1_pt_1986_right.jpg,Wuhan_Part2_pt_21749_left.jpg
Changsha_Part2_pt_17688_right.jpg,Wuhan_Part2_pt_16408_front.jpg
Nanchang_Part1_pt_1827_left.jpg,Nanchang_Part1_pt_819_front.jpg
Wuhan_Part1_pt_4831_front.jpg,Wuhan_Part1_pt_7728_back.jpg
Changsha_Part1_pt_3070_back.jpg,Changsha_Part5_pt_42648_left.jpg
Nanchang_Part1_pt_5353_left.jpg,Wuhan_Part2_pt_24304_front.jpg
Nanchang_Part1_pt_6649_right.jpg,Wuhan_Part2_pt_26668_front.jpg
Changsha_Part6_pt_54006_back.jpg,Wuhan_Part1_pt_2976_right.jpg
Changsha_Part3_pt_27199_left.jpg,Nanchang_Part1_pt_8514_back.jpg
Changsha_Part1_pt_1380_back.jpg,Nanchang_Part3_pt_29404_right.jpg
Changsha_Part2_pt_11345_left.jpg,Changsha_Part3_pt_26523_front.jpg
Changsha_Part5_pt_40748_left.jpg,Wuhan_Part2_pt_22093_right.jpg
Nanchang_Part2_pt_17446_right.jpg,Wuhan_Part1_pt_10113_back.jpg
Changsha_Part5_pt_40666_left.jpg,Nanchang_Part1_pt_5353_left.jpg
Changsha_Part6_pt_55472_left.jpg,Nanchang_Part3_pt_22824_back.jpg
Changsha_Part5_pt_46307_front.jpg,Nanchang_Part1_pt_5746_back.jpg
Changsha_Part3_pt_23813_front.jpg,Nanchang_Part1_pt_5607_right.jpg
Nanchang_Part1_pt_8561_left.jpg,Nanchang_Part2_pt_18045_right.jpg
Changsha_Part1_pt_4988_front.jpg,Wuhan_Part3_pt_40616_front.jpg
Nanchang_Part2_pt_20348_right.jpg,Wuhan_Part1_pt_637_front.jpg
Changsha_Part4_pt_32068_right.jpg,Wuhan_Part3_pt_40368_front.jpg
Changsha_Part3_pt_27051_back.jpg,Nanchang_Part2_pt_12695_right.jpg
Changsha_Part3_pt_21965_front.jpg,Nanchang_Part2_pt_13042_front.jpg
Nanchang_Part2_pt_16007_left.jpg,Wuhan_Part1_pt_5035_right.jpg
Nanchang_Part3_pt_30674_left.jpg,Wuhan_Part3_pt_31296_left.jpg
Nanchang_Part1_pt_289_right.jpg,Wuhan_Part3_pt_32315_left.jpg
Changsha_Part4_pt_30825_back.jpg,Wuhan_Part1_pt_3527_right.jpg
Wuhan_Part3_pt_38615_right.jpg,Wuhan_Part3_pt_41887_right.jpg
Changsha_Part1_pt_2989_right.jpg,Changsha_Part4_pt_32239_right.jpg
Nanchang_Part1_pt_7076_front.jpg,Nanchang_Part2_pt_16333_right.jpg
Changsha_Part2_pt_15992_left.jpg,Nanchang_Part2_pt_19785_right.jpg
Wuhan_Part2_pt_19095_left.jpg,Wuhan_Part3_pt_36472_right.jpg
Changsha_Part5_pt_45015_right.jpg,Nanchang_Part1_pt_4893_front.jpg
Wuhan_Part1_pt_8504_left.jpg,Wuhan_Part3_pt_34980_back.jpg
Changsha_Part2_pt_12606_right.jpg,Changsha_Part6_pt_58206_front.jpg
Nanchang_Part2_pt_12581_left.jpg,Wuhan_Part2_pt_24010_front.jpg
Nanchang_Part2_pt_19657_front.jpg,Nanchang_Part3_pt_24189_front.jpg
Nanchang_Part3_pt_27082_back.jpg,Wuhan_Part2_pt_21679_front.jpg
Changsha_Part1_pt_4607_front.jpg,Nanchang_Part1_pt_7010_front.jpg
Changsha_Part3_pt_25710_left.jpg,Wuhan_Part3_pt_31296_left.jpg
Changsha_Part6_pt_55376_front.jpg,Wuhan_Part2_pt_20514_front.jpg
Nanchang_Part1_pt_352_back.jpg,Wuhan_Part3_pt_36781_right.jpg
Changsha_Part4_pt_30968_back.jpg,Wuhan_Part1_pt_10147_left.jpg
Nanchang_Part1_pt_3552_left.jpg,Nanchang_Part1_pt_8277_front.jpg
Changsha_Part5_pt_40625_left.jpg,Nanchang_Part2_pt_18760_front.jpg
Wuhan_Part1_pt_3588_back.jpg,Wuhan_Part2_pt_26156_back.jpg
Changsha_Part5_pt_46092_right.jpg,Nanchang_Part3_pt_22584_left.jpg
Changsha_Part2_pt_15998_back.jpg,Nanchang_Part1_pt_5085_front.jpg
Changsha_Part5_pt_41786_right.jpg,Wuhan_Part3_pt_34977_right.jpg
Nanchang_Part2_pt_13933_right.jpg,Wuhan_Part3_pt_34958_front.jpg
Nanchang_Part2_pt_12674_back.jpg,Wuhan_Part1_pt_3198_front.jpg
Nanchang_Part2_pt_15426_left.jpg,Nanchang_Part3_pt_30014_left.jpg
Nanchang_Part1_pt_1827_left.jpg,Nanchang_Part2_pt_15609_left.jpg
Changsha_Part3_pt_27024_left.jpg,Nanchang_Part1_pt_279_front.jpg
Changsha_Part2_pt_16277_right.jpg,Changsha_Part2_pt_18318_front.jpg
Nanchang_Part3_pt_30232_right.jpg,Wuhan_Part2_pt_18488_front.jpg
Changsha_Part2_pt_12639_right.jpg,Nanchang_Part3_pt_30356_back.jpg
Changsha_Part5_pt_41724_left.jpg,Nanchang_Part1_pt_4905_front.jpg
Nanchang_Part1_pt_5077_left.jpg,Wuhan_Part1_pt_11303_right.jpg
Changsha_Part2_pt_11794_back.jpg,Changsha_Part2_pt_17980_right.jpg
Nanchang_Part1_pt_3985_right.jpg,Nanchang_Part3_pt_22824_back.jpg
Nanchang_Part3_pt_31125_front.jpg,Wuhan_Part2_pt_17646_front.jpg
Changsha_Part5_pt_42757_right.jpg,Wuhan_Part2_pt_17765_front.jpg
Changsha_Part4_pt_32239_right.jpg,Wuhan_Part2_pt_22387_back.jpg
Changsha_Part2_pt_15998_back.jpg,Changsha_Part2_pt_17510_front.jpg
Nanchang_Part1_pt_256_front.jpg,Nanchang_Part2_pt_18719_back.jpg
Changsha_Part2_pt_11501_right.jpg,Nanchang_Part1_pt_6196_right.jpg
Nanchang_Part1_pt_583_right.jpg,Wuhan_Part3_pt_32112_back.jpg
Changsha_Part2_pt_17662_front.jpg,Changsha_Part4_pt_30304_front.jpg
Changsha_Part3_pt_23478_left.jpg,Wuhan_Part1_pt_2525_front.jpg
Changsha_Part2_pt_10912_left.jpg,Changsha_Part4_pt_31374_back.jpg
Changsha_Part3_pt_27625_back.jpg,Nanchang_Part1_pt_7681_right.jpg
Wuhan_Part1_pt_2613_right.jpg,Wuhan_Part1_pt_3944_left.jpg
Changsha_Part6_pt_53640_right.jpg,Nanchang_Part2_pt_19785_right.jpg
Changsha_Part2_pt_17493_back.jpg,Nanchang_Part3_pt_30485_front.jpg
Nanchang_Part2_pt_20212_front.jpg,Wuhan_Part2_pt_26668_front.jpg
Nanchang_Part3_pt_28976_back.jpg,Wuhan_Part1_pt_6911_front.jpg
Changsha_Part5_pt_41507_front.jpg,Wuhan_Part2_pt_23555_front.jpg
Changsha_Part5_pt_41255_front.jpg,Wuhan_Part3_pt_36397_front.jpg
Changsha_Part5_pt_44078_back.jpg,Wuhan_Part1_pt_2293_right.jpg
Nanchang_Part1_pt_3552_left.jpg,Wuhan_Part3_pt_43094_back.jpg
Changsha_Part3_pt_28198_front.jpg,Nanchang_Part2_pt_20318_right.jpg
Wuhan_Part1_pt_7856_right.jpg,Wuhan_Part2_pt_26001_left.jpg
Changsha_Part2_pt_10912_left.jpg,Nanchang_Part3_pt_24187_right.jpg
Changsha_Part2_pt_17493_back.jpg,Changsha_Part3_pt_21728_front.jpg
Nanchang_Part1_pt_7051_back.jpg,Wuhan_Part3_pt_38649_right.jpg
Changsha_Part2_pt_17493_back.jpg,Changsha_Part6_pt_53640_right.jpg
Nanchang_Part2_pt_13403_front.jpg,Nanchang_Part3_pt_27189_left.jpg
Changsha_Part3_pt_23133_front.jpg,Nanchang_Part2_pt_19699_back.jpg
Wuhan_Part1_pt_3801_right.jpg,Wuhan_Part3_pt_36915_front.jpg
Nanchang_Part2_pt_15760_back.jpg,Wuhan_Part2_pt_24304_front.jpg
Changsha_Part2_pt_14874_left.jpg,Wuhan_Part1_pt_2054_right.jpg
Nanchang_Part1_pt_8510_back.jpg,Nanchang_Part2_pt_19829_front.jpg
Changsha_Part4_pt_30621_back.jpg,Nanchang_Part1_pt_6829_right.jpg
Nanchang_Part2_pt_19440_front.jpg,Wuhan_Part2_pt_16999_front.jpg
Changsha_Part2_pt_12639_right.jpg,Changsha_Part5_pt_45246_left.jpg
Wuhan_Part1_pt_3939_left.jpg,Wuhan_Part2_pt_19123_left.jpg
Changsha_Part2_pt_11325_left.jpg,Changsha_Part3_pt_21618_front.jpg
Wuhan_Part2_pt_27541_right.jpg,Wuhan_Part3_pt_40845_back.jpg
Changsha_Part2_pt_12816_right.jpg,Changsha_Part3_pt_27425_back.jpg
Nanchang_Part2_pt_20212_front.jpg,Wuhan_Part1_pt_2613_right.jpg
Nanchang_Part3_pt_29116_left.jpg,Wuhan_Part1_pt_11303_right.jpg
Changsha_Part3_pt_21735_front.jpg,Changsha_Part4_pt_32239_right.jpg
Changsha_Part4_pt_30001_right.jpg,Nanchang_Part1_pt_6657_right.jpg
Changsha_Part3_pt_21618_front.jpg,Wuhan_Part3_pt_40972_right.jpg
Nanchang_Part2_pt_17914_back.jpg,Wuhan_Part2_pt_21679_front.jpg
Nanchang_Part2_pt_15633_front.jpg,Wuhan_Part3_pt_32554_left.jpg
Changsha_Part4_pt_31169_back.jpg,Wuhan_Part1_pt_3562_left.jpg
Wuhan_Part1_pt_7153_right.jpg,Wuhan_Part1_pt_8570_right.jpg
Changsha_Part6_pt_58333_right.jpg,Nanchang_Part1_pt_9724_front.jpg
Nanchang_Part2_pt_18872_right.jpg,Wuhan_Part2_pt_27179_back.jpg
Changsha_Part5_pt_46885_left.jpg,Wuhan_Part3_pt_31340_right.jpg
Nanchang_Part3_pt_29116_left.jpg,Wuhan_Part1_pt_345_front.jpg
Nanchang_Part1_pt_279_front.jpg,Wuhan_Part1_pt_7963_left.jpg
Wuhan_Part1_pt_4510_front.jpg,Wuhan_Part2_pt_22591_left.jpg
Wuhan_Part2_pt_18488_front.jpg,Wuhan_Part3_pt_33157_front.jpg
Nanchang_Part1_pt_9861_left.jpg,Wuhan_Part1_pt_10505_left.jpg
Changsha_Part4_pt_35861_left.jpg,Wuhan_Part3_pt_34216_front.jpg
Changsha_Part2_pt_13447_right.jpg,Nanchang_Part2_pt_17446_right.jpg
Nanchang_Part1_pt_256_front.jpg,Nanchang_Part2_pt_15107_right.jpg
Nanchang_Part2_pt_12103_back.jpg,Wuhan_Part2_pt_19560_back.jpg
Nanchang_Part1_pt_2017_front.jpg,Wuhan_Part2_pt_27541_right.jpg
Nanchang_Part1_pt_4690_left.jpg,Wuhan_Part3_pt_32617_left.jpg
Changsha_Part5_pt_41790_right.jpg,Wuhan_Part1_pt_6911_front.jpg
Changsha_Part3_pt_29509_left.jpg,Nanchang_Part1_pt_9655_left.jpg
Nanchang_Part1_pt_7051_back.jpg,Nanchang_Part1_pt_7979_right.jpg
Changsha_Part1_pt_2719_front.jpg,Wuhan_Part1_pt_4084_right.jpg
Changsha_Part2_pt_11750_front.jpg,Nanchang_Part1_pt_4905_front.jpg
Changsha_Part3_pt_27024_left.jpg,Nanchang_Part2_pt_14274_left.jpg
Changsha_Part1_pt_6399_back.jpg,Nanchang_Part2_pt_15760_back.jpg
Changsha_Part3_pt_28636_left.jpg,Wuhan_Part3_pt_41411_front.jpg
Changsha_Part3_pt_23274_front.jpg,Changsha_Part3_pt_25941_front.jpg
Changsha_Part3_pt_23537_right.jpg,Nanchang_Part3_pt_28150_front.jpg
Wuhan_Part2_pt_19560_back.jpg,Wuhan_Part3_pt_32617_left.jpg
Changsha_Part1_pt_5737_left.jpg,Wuhan_Part1_pt_3130_left.jpg
Nanchang_Part1_pt_599_back.jpg,Wuhan_Part3_pt_36365_left.jpg
Nanchang_Part1_pt_1625_left.jpg,Wuhan_Part2_pt_17125_front.jpg
Nanchang_Part2_pt_13933_right.jpg,Nanchang_Part3_pt_22797_back.jpg
Changsha_Part2_pt_17999_left.jpg,Changsha_Part4_pt_32239_right.jpg
Changsha_Part2_pt_15724_left.jpg,Changsha_Part6_pt_53640_right.jpg
Changsha_Part2_pt_11750_front.jpg,Wuhan_Part2_pt_17768_left.jpg
Nanchang_Part3_pt_32850_left.jpg,Wuhan_Part1_pt_131_right.jpg
Changsha_Part3_pt_28034_front.jpg,Nanchang_Part3_pt_30014_left.jpg
Changsha_Part6_pt_54642_front.jpg,Changsha_Part6_pt_55018_front.jpg
Changsha_Part2_pt_10259_back.jpg,Wuhan_Part1_pt_7227_left.jpg
Changsha_Part2_pt_17980_right.jpg,Wuhan_Part3_pt_31960_right.jpg
Changsha_Part4_pt_32068_right.jpg,Nanchang_Part2_pt_17983_left.jpg
Changsha_Part6_pt_53756_right.jpg,Wuhan_Part3_pt_41364_right.jpg
Nanchang_Part2_pt_12559_back.jpg,Nanchang_Part2_pt_12929_right.jpg
Changsha_Part4_pt_30092_right.jpg,Wuhan_Part1_pt_819_front.jpg
Changsha_Part6_pt_55889_left.jpg,Nanchang_Part1_pt_6878_back.jpg
Nanchang_Part1_pt_5077_left.jpg,Nanchang_Part3_pt_29116_left.jpg
Changsha_Part4_pt_35000_back.jpg,Nanchang_Part1_pt_9756_left.jpg
Changsha_Part6_pt_54018_back.jpg,Nanchang_Part2_pt_14839_right.jpg
Changsha_Part5_pt_47450_back.jpg,Nanchang_Part1_pt_9724_front.jpg
Changsha_Part1_pt_3751_left.jpg,Wuhan_Part1_pt_9922_left.jpg
Changsha_Part2_pt_15998_back.jpg,Nanchang_Part3_pt_29116_left.jpg
Changsha_Part2_pt_15644_front.jpg,Wuhan_Part1_pt_4486_back.jpg
Changsha_Part3_pt_27024_left.jpg,Nanchang_Part1_pt_1808_back.jpg
Changsha_Part2_pt_13552_front.jpg,Nanchang_Part1_pt_9330_right.jpg
Changsha_Part4_pt_36721_back.jpg,Wuhan_Part2_pt_17768_left.jpg
Changsha_Part3_pt_28715_left.jpg,Nanchang_Part1_pt_289_right.jpg
Changsha_Part2_pt_14761_back.jpg,Wuhan_Part3_pt_41412_left.jpg
Nanchang_Part1_pt_4893_front.jpg,Wuhan_Part3_pt_40368_front.jpg
Changsha_Part6_pt_58333_right.jpg,Nanchang_Part2_pt_19791_left.jpg
Changsha_Part1_pt_4197_right.jpg,Nanchang_Part1_pt_3386_left.jpg
Nanchang_Part2_pt_13042_front.jpg,Wuhan_Part3_pt_40702_back.jpg
Changsha_Part3_pt_28779_right.jpg,Wuhan_Part3_pt_40957_left.jpg
Changsha_Part2_pt_10431_right.jpg,Nanchang_Part1_pt_6044_right.jpg
Changsha_Part1_pt_6320_back.jpg,Wuhan_Part2_pt_22303_back.jpg
Changsha_Part6_pt_54642_front.jpg,Nanchang_Part3_pt_26654_back.jpg
Nanchang_Part1_pt_7084_front.jpg,Wuhan_Part2_pt_23692_front.jpg
Changsha_Part4_pt_32401_back.jpg,Wuhan_Part3_pt_35530_front.jpg
Changsha_Part2_pt_17999_left.jpg,Wuhan_Part3_pt_34168_back.jpg
Nanchang_Part3_pt_32622_left.jpg,Wuhan_Part2_pt_27296_front.jpg
Changsha_Part2_pt_15281_back.jpg,Wuhan_Part2_pt_20086_right.jpg
Changsha_Part5_pt_42757_right.jpg,Wuhan_Part2_pt_16547_left.jpg
Changsha_Part3_pt_28571_left.jpg,Wuhan_Part2_pt_17374_back.jpg
Changsha_Part5_pt_46050_right.jpg,Nanchang_Part3_pt_29149_back.jpg
Changsha_Part2_pt_17999_left.jpg,Wuhan_Part2_pt_26668_front.jpg
Nanchang_Part2_pt_13968_front.jpg,Nanchang_Part3_pt_22797_back.jpg
Nanchang_Part2_pt_20348_right.jpg,Wuhan_Part2_pt_26610_left.jpg
Nanchang_Part2_pt_18719_back.jpg,Wuhan_Part2_pt_19264_left.jpg
Nanchang_Part3_pt_29590_left.jpg,Wuhan_Part1_pt_5454_front.jpg
Nanchang_Part3_pt_30388_left.jpg,Wuhan_Part1_pt_67_right.jpg
Wuhan_Part2_pt_20088_front.jpg,Wuhan_Part3_pt_39319_left.jpg
Nanchang_Part1_pt_5386_front.jpg,Wuhan_Part1_pt_194_left.jpg
Nanchang_Part2_pt_11726_back.jpg,Wuhan_Part1_pt_7728_back.jpg
Changsha_Part4_pt_36530_back.jpg,Nanchang_Part3_pt_27650_front.jpg
Changsha_Part2_pt_14251_right.jpg,Wuhan_Part3_pt_33210_left.jpg
Changsha_Part6_pt_55472_left.jpg,Wuhan_Part2_pt_17295_back.jpg
Changsha_Part5_pt_46050_right.jpg,Nanchang_Part1_pt_4393_right.jpg
Changsha_Part6_pt_58206_front.jpg,Wuhan_Part2_pt_18488_front.jpg
Changsha_Part3_pt_28755_left.jpg,Wuhan_Part1_pt_1937_back.jpg
Changsha_Part3_pt_23517_left.jpg,Nanchang_Part2_pt_12842_left.jpg
Nanchang_Part3_pt_30158_right.jpg,Wuhan_Part1_pt_192_left.jpg
Changsha_Part5_pt_44090_right.jpg,Nanchang_Part2_pt_13660_front.jpg
Changsha_Part5_pt_41507_front.jpg,Changsha_Part5_pt_43473_front.jpg
Changsha_Part4_pt_30066_right.jpg,Nanchang_Part1_pt_5085_front.jpg
Changsha_Part6_pt_51615_left.jpg,Wuhan_Part3_pt_34783_left.jpg
Wuhan_Part1_pt_1053_right.jpg,Wuhan_Part2_pt_24300_right.jpg
Changsha_Part4_pt_36485_right.jpg,Changsha_Part5_pt_42756_right.jpg
Changsha_Part2_pt_12004_front.jpg,Changsha_Part6_pt_53305_front.jpg
Wuhan_Part2_pt_19095_left.jpg,Wuhan_Part2_pt_22062_back.jpg
Nanchang_Part1_pt_8561_left.jpg,Wuhan_Part2_pt_17221_left.jpg
Changsha_Part1_pt_6847_front.jpg,Wuhan_Part1_pt_2084_front.jpg
Changsha_Part5_pt_41469_front.jpg,Changsha_Part5_pt_41657_right.jpg
Changsha_Part2_pt_11524_front.jpg,Wuhan_Part2_pt_21679_front.jpg
Nanchang_Part2_pt_19562_front.jpg,Wuhan_Part2_pt_20482_right.jpg
Nanchang_Part1_pt_6648_right.jpg,Nanchang_Part2_pt_15004_back.jpg
Changsha_Part4_pt_30621_back.jpg,Nanchang_Part3_pt_28416_front.jpg
Changsha_Part1_pt_6811_right.jpg,Wuhan_Part1_pt_819_front.jpg
Nanchang_Part2_pt_13845_right.jpg,Nanchang_Part3_pt_32364_left.jpg
Nanchang_Part3_pt_32422_front.jpg,Wuhan_Part1_pt_1902_right.jpg
Changsha_Part6_pt_56467_front.jpg,Wuhan_Part2_pt_17364_right.jpg
Changsha_Part6_pt_55472_left.jpg,Nanchang_Part3_pt_22606_front.jpg
Nanchang_Part1_pt_6748_right.jpg,Nanchang_Part2_pt_12695_right.jpg
Changsha_Part3_pt_25880_right.jpg,Wuhan_Part1_pt_3130_left.jpg
Changsha_Part3_pt_23794_back.jpg,Changsha_Part4_pt_35000_back.jpg
Changsha_Part2_pt_16293_front.jpg,Wuhan_Part3_pt_31778_left.jpg
Changsha_Part4_pt_35342_back.jpg,Wuhan_Part1_pt_5761_right.jpg
Changsha_Part2_pt_12086_back.jpg,Nanchang_Part1_pt_256_front.jpg
Changsha_Part1_pt_996_back.jpg,Nanchang_Part3_pt_22797_back.jpg
Changsha_Part4_pt_34483_front.jpg,Nanchang_Part1_pt_4061_right.jpg
Nanchang_Part1_pt_5607_right.jpg,Wuhan_Part3_pt_41495_right.jpg
Nanchang_Part1_pt_9718_back.jpg,Nanchang_Part2_pt_18344_back.jpg
Wuhan_Part2_pt_20482_right.jpg,Wuhan_Part3_pt_41364_right.jpg
Changsha_Part6_pt_57138_back.jpg,Wuhan_Part2_pt_24010_front.jpg
Changsha_Part3_pt_27051_back.jpg,Nanchang_Part2_pt_14057_front.jpg
Changsha_Part6_pt_55322_right.jpg,Wuhan_Part2_pt_22062_back.jpg
Changsha_Part2_pt_17778_left.jpg,Wuhan_Part3_pt_41235_back.jpg
Changsha_Part2_pt_18295_left.jpg,Wuhan_Part3_pt_37599_left.jpg
Changsha_Part1_pt_2566_left.jpg,Changsha_Part6_pt_57362_right.jpg
Changsha_Part6_pt_51628_left.jpg,Changsha_Part6_pt_54018_back.jpg
Nanchang_Part1_pt_3200_right.jpg,Nanchang_Part1_pt_8277_front.jpg
Nanchang_Part3_pt_31125_front.jpg,Wuhan_Part1_pt_11303_right.jpg
Changsha_Part5_pt_40666_left.jpg,Wuhan_Part2_pt_20292_back.jpg
Changsha_Part5_pt_40387_left.jpg,Wuhan_Part3_pt_32106_left.jpg
Wuhan_Part1_pt_1482_front.jpg,Wuhan_Part1_pt_6658_right.jpg
Changsha_Part2_pt_12086_back.jpg,Wuhan_Part3_pt_33399_back.jpg
Changsha_Part3_pt_27024_left.jpg,Wuhan_Part1_pt_637_front.jpg
Nanchang_Part1_pt_7622_front.jpg,Wuhan_Part2_pt_23647_right.jpg
Nanchang_Part1_pt_4640_back.jpg,Nanchang_Part1_pt_7647_left.jpg
Changsha_Part3_pt_23794_back.jpg,Nanchang_Part3_pt_24809_front.jpg
Nanchang_Part1_pt_9756_left.jpg,Wuhan_Part2_pt_27296_front.jpg
Changsha_Part4_pt_35342_back.jpg,Wuhan_Part3_pt_38109_left.jpg
Changsha_Part4_pt_32436_left.jpg,Nanchang_Part2_pt_19865_right.jpg
Changsha_Part4_pt_35861_left.jpg,Changsha_Part6_pt_51265_back.jpg
Changsha_Part5_pt_46396_left.jpg,Wuhan_Part2_pt_22829_back.jpg
Changsha_Part6_pt_53305_front.jpg,Nanchang_Part3_pt_31025_left.jpg
Changsha_Part2_pt_12816_right.jpg,Nanchang_Part2_pt_15035_left.jpg
Changsha_Part3_pt_21873_left.jpg,Changsha_Part4_pt_32473_right.jpg
Nanchang_Part2_pt_18736_back.jpg,Wuhan_Part2_pt_20292_back.jpg
Changsha_Part1_pt_6847_front.jpg,Nanchang_Part2_pt_19829_front.jpg
Nanchang_Part1_pt_9781_right.jpg,Wuhan_Part2_pt_17646_front.jpg
Changsha_Part4_pt_36485_right.jpg,Wuhan_Part3_pt_32554_left.jpg
Changsha_Part1_pt_5355_back.jpg,Changsha_Part4_pt_34483_front.jpg
Changsha_Part5_pt_46278_left.jpg,Nanchang_Part2_pt_13845_right.jpg
Changsha_Part5_pt_46172_left.jpg,Nanchang_Part2_pt_18344_back.jpg
Changsha_Part3_pt_25710_left.jpg,Wuhan_Part2_pt_23234_front.jpg
Nanchang_Part2_pt_15760_back.jpg,Wuhan_Part3_pt_33157_front.jpg
Changsha_Part2_pt_12959_front.jpg,Wuhan_Part3_pt_35277_back.jpg
Changsha_Part1_pt_1230_back.jpg,Wuhan_Part3_pt_35275_back.jpg
Nanchang_Part2_pt_19795_right.jpg,Wuhan_Part2_pt_17783_back.jpg
Changsha_Part6_pt_57362_right.jpg,Nanchang_Part3_pt_30014_left.jpg
Changsha_Part1_pt_1891_left.jpg,Changsha_Part2_pt_14442_right.jpg
Changsha_Part6_pt_54034_right.jpg,Nanchang_Part2_pt_13876_left.jpg
Nanchang_Part1_pt_232_right.jpg,Wuhan_Part2_pt_16999_front.jpg
Changsha_Part3_pt_23517_left.jpg,Nanchang_Part1_pt_5033_front.jpg
Changsha_Part6_pt_51448_right.jpg,Nanchang_Part2_pt_18879_back.jpg
Wuhan_Part1_pt_1053_right.jpg,Wuhan_Part1_pt_4344_back.jpg
Changsha_Part1_pt_1132_back.jpg,Changsha_Part2_pt_14409_front.jpg
Wuhan_Part3_pt_33409_right.jpg,Wuhan_Part3_pt_38649_right.jpg
Changsha_Part3_pt_27625_back.jpg,Nanchang_Part1_pt_944_back.jpg
Nanchang_Part3_pt_30260_right.jpg,Wuhan_Part1_pt_2330_left.jpg
Changsha_Part1_pt_1907_left.jpg,Changsha_Part2_pt_10435_back.jpg
Nanchang_Part1_pt_1965_back.jpg,Wuhan_Part1_pt_7817_back.jpg
Nanchang_Part3_pt_28929_right.jpg,Wuhan_Part2_pt_26608_front.jpg
Nanchang_Part3_pt_29404_right.jpg,Wuhan_Part2_pt_24058_left.jpg
Changsha_Part2_pt_14409_front.jpg,Changsha_Part3_pt_21618_front.jpg
Changsha_Part4_pt_30825_back.jpg,Nanchang_Part3_pt_23018_left.jpg
Changsha_Part3_pt_28099_left.jpg,Wuhan_Part1_pt_3588_back.jpg
Nanchang_Part2_pt_12577_left.jpg,Wuhan_Part1_pt_611_right.jpg
Changsha_Part6_pt_54362_back.jpg,Wuhan_Part3_pt_32357_right.jpg
Nanchang_Part1_pt_8510_back.jpg,Nanchang_Part3_pt_27590_right.jpg
Changsha_Part1_pt_4988_front.jpg,Nanchang_Part1_pt_6657_right.jpg
Wuhan_Part1_pt_10113_back.jpg,Wuhan_Part2_pt_25372_right.jpg
Nanchang_Part1_pt_4640_back.jpg,Wuhan_Part3_pt_41412_left.jpg
Changsha_Part4_pt_30092_right.jpg,Nanchang_Part3_pt_27075_left.jpg
Nanchang_Part3_pt_29590_left.jpg,Wuhan_Part2_pt_16215_back.jpg
Changsha_Part6_pt_55889_left.jpg,Wuhan_Part3_pt_40154_front.jpg
Changsha_Part2_pt_17662_front.jpg,Nanchang_Part2_pt_12842_left.jpg
Changsha_Part5_pt_46172_left.jpg,Nanchang_Part1_pt_309_back.jpg
Changsha_Part6_pt_51193_back.jpg,Nanchang_Part1_pt_352_back.jpg
Changsha_Part1_pt_425_front.jpg,Wuhan_Part2_pt_24317_back.jpg
Changsha_Part5_pt_46396_left.jpg,Nanchang_Part2_pt_17077_left.jpg
Changsha_Part4_pt_35861_left.jpg,Wuhan_Part1_pt_8504_left.jpg
Changsha_Part5_pt_42757_right.jpg,Nanchang_Part1_pt_6424_right.jpg
Changsha_Part4_pt_32473_right.jpg,Nanchang_Part3_pt_25434_front.jpg
Changsha_Part3_pt_28198_front.jpg,Wuhan_Part2_pt_18460_left.jpg
Changsha_Part3_pt_21728_front.jpg,Wuhan_Part3_pt_33157_front.jpg
Changsha_Part1_pt_26_right.jpg,Nanchang_Part1_pt_9597_right.jpg
Changsha_Part5_pt_43619_right.jpg,Wuhan_Part2_pt_20514_front.jpg
Nanchang_Part1_pt_256_front.jpg,Wuhan_Part1_pt_4486_back.jpg
Nanchang_Part2_pt_12789_front.jpg,Wuhan_Part3_pt_40120_back.jpg
Changsha_Part4_pt_30092_right.jpg,Nanchang_Part3_pt_22824_back.jpg
Changsha_Part3_pt_23794_back.jpg,Changsha_Part3_pt_26896_front.jpg
Changsha_Part5_pt_41513_back.jpg,Wuhan_Part2_pt_17125_front.jpg
Nanchang_Part2_pt_13876_left.jpg,Nanchang_Part2_pt_16007_left.jpg
Changsha_Part4_pt_33026_right.jpg,Wuhan_Part1_pt_3801_right.jpg
Changsha_Part3_pt_29647_left.jpg,Wuhan_Part3_pt_42698_back.jpg
Nanchang_Part2_pt_13968_front.jpg,Wuhan_Part1_pt_1902_right.jpg
Nanchang_Part1_pt_9330_right.jpg,Wuhan_Part1_pt_7856_right.jpg
Changsha_Part2_pt_15724_left.jpg,Nanchang_Part3_pt_30742_back.jpg
Nanchang_Part1_pt_2847_front.jpg,Nanchang_Part2_pt_18845_front.jpg
Changsha_Part1_pt_161_front.jpg,Wuhan_Part1_pt_1986_right.jpg
Changsha_Part3_pt_28571_left.jpg,Nanchang_Part2_pt_12278_front.jpg
Nanchang_Part2_pt_15932_left.jpg,Wuhan_Part2_pt_22093_right.jpg
Changsha_Part6_pt_55670_back.jpg,Wuhan_Part1_pt_417_front.jpg
Changsha_Part2_pt_17778_left.jpg,Nanchang_Part1_pt_2879_right.jpg
Nanchang_Part2_pt_15498_left.jpg,Wuhan_Part3_pt_31389_right.jpg
Changsha_Part6_pt_54642_front.jpg,Nanchang_Part1_pt_8663_back.jpg
Changsha_Part4_pt_32068_right.jpg,Wuhan_Part2_pt_17975_right.jpg
Nanchang_Part2_pt_12929_right.jpg,Nanchang_Part2_pt_17581_right.jpg
Nanchang_Part1_pt_4393_right.jpg,Wuhan_Part2_pt_27439_front.jpg
Changsha_Part1_pt_996_back.jpg,Nanchang_Part3_pt_30062_back.jpg
Changsha_Part6_pt_57362_right.jpg,Nanchang_Part2_pt_15633_front.jpg
Changsha_Part5_pt_42648_left.jpg,Wuhan_Part2_pt_27296_front.jpg
Changsha_Part4_pt_36530_back.jpg,Nanchang_Part1_pt_7010_front.jpg
Nanchang_Part1_pt_5033_front.jpg,Nanchang_Part2_pt_17077_left.jpg
Changsha_Part2_pt_17223_front.jpg,Nanchang_Part1_pt_9891_back.jpg
Nanchang_Part2_pt_12103_back.jpg,Nanchang_Part3_pt_31921_back.jpg
Changsha_Part3_pt_28723_left.jpg,Changsha_Part6_pt_54278_left.jpg
Wuhan_Part2_pt_26001_left.jpg,Wuhan_Part3_pt_43094_back.jpg
Wuhan_Part1_pt_345_front.jpg,Wuhan_Part1_pt_7827_left.jpg
Changsha_Part6_pt_54672_back.jpg,Nanchang_Part2_pt_14274_left.jpg
Changsha_Part2_pt_11825_left.jpg,Wuhan_Part3_pt_33826_back.jpg
Changsha_Part1_pt_1230_back.jpg,Wuhan_Part2_pt_28088_back.jpg
Nanchang_Part3_pt_22797_back.jpg,Wuhan_Part1_pt_1128_front.jpg
Nanchang_Part1_pt_3285_left.jpg,Wuhan_Part1_pt_1904_left.jpg
Changsha_Part6_pt_52680_left.jpg,Wuhan_Part3_pt_31969_front.jpg
Wuhan_Part1_pt_4510_front.jpg,Wuhan_Part2_pt_17975_right.jpg
Changsha_Part1_pt_5400_front.jpg,Changsha_Part4_pt_34902_right.jpg
Nanchang_Part2_pt_15015_right.jpg,Wuhan_Part3_pt_41182_back.jpg
Changsha_Part2_pt_12959_front.jpg,Nanchang_Part2_pt_12616_left.jpg
Changsha_Part1_pt_6320_back.jpg,Changsha_Part3_pt_24110_front.jpg
Nanchang_Part3_pt_27075_left.jpg,Wuhan_Part3_pt_34977_right.jpg
Nanchang_Part1_pt_3927_left.jpg,Nanchang_Part3_pt_23059_front.jpg
Wuhan_Part1_pt_9442_back.jpg,Wuhan_Part2_pt_25165_front.jpg
Nanchang_Part1_pt_5033_front.jpg,Wuhan_Part2_pt_17503_back.jpg
Changsha_Part5_pt_45542_back.jpg,Nanchang_Part3_pt_23502_front.jpg
Changsha_Part6_pt_57138_back.jpg,Wuhan_Part1_pt_4_front.jpg
Nanchang_Part2_pt_12581_left.jpg,Nanchang_Part2_pt_16333_right.jpg
Changsha_Part6_pt_51757_front.jpg,Nanchang_Part2_pt_17914_back.jpg
Wuhan_Part1_pt_2613_right.jpg,Wuhan_Part3_pt_32763_front.jpg
Nanchang_Part1_pt_4729_left.jpg,Wuhan_Part1_pt_194_left.jpg
Changsha_Part6_pt_55312_back.jpg,Nanchang_Part2_pt_15760_back.jpg
Changsha_Part1_pt_1132_back.jpg,Changsha_Part3_pt_20174_front.jpg
Nanchang_Part1_pt_6829_right.jpg,Wuhan_Part1_pt_5761_right.jpg
Nanchang_Part1_pt_3475_right.jpg,Wuhan_Part3_pt_35384_right.jpg
Changsha_Part4_pt_33177_left.jpg,Wuhan_Part2_pt_17783_back.jpg
Nanchang_Part2_pt_15778_front.jpg,Wuhan_Part3_pt_31296_left.jpg
Nanchang_Part2_pt_19865_right.jpg,Wuhan_Part3_pt_32090_front.jpg
Nanchang_Part1_pt_1381_back.jpg,Wuhan_Part1_pt_7728_back.jpg
Nanchang_Part2_pt_12929_right.jpg,Wuhan_Part2_pt_16180_back.jpg
Wuhan_Part1_pt_4084_right.jpg,Wuhan_Part3_pt_35053_front.jpg
Changsha_Part5_pt_44803_left.jpg,Wuhan_Part2_pt_17975_right.jpg
Nanchang_Part1_pt_9724_front.jpg,Wuhan_Part1_pt_4486_back.jpg
Changsha_Part3_pt_25880_right.jpg,Changsha_Part3_pt_29721_left.jpg
Changsha_Part3_pt_27425_back.jpg,Nanchang_Part1_pt_2614_front.jpg
Changsha_Part5_pt_44803_left.jpg,Nanchang_Part3_pt_30388_left.jpg
Wuhan_Part1_pt_637_front.jpg,Wuhan_Part3_pt_32357_right.jpg
Changsha_Part6_pt_56883_right.jpg,Wuhan_Part3_pt_35384_right.jpg
Changsha_Part5_pt_46484_left.jpg,Wuhan_Part3_pt_32763_front.jpg
Changsha_Part1_pt_1380_back.jpg,Changsha_Part2_pt_15281_back.jpg
Nanchang_Part1_pt_6918_back.jpg,Nanchang_Part2_pt_15107_right.jpg
Changsha_Part1_pt_1295_back.jpg,Changsha_Part1_pt_26_right.jpg
Changsha_Part5_pt_46119_back.jpg,Wuhan_Part2_pt_17125_front.jpg
Wuhan_Part1_pt_3786_right.jpg,Wuhan_Part3_pt_40495_left.jpg
Wuhan_Part2_pt_20088_front.jpg,Wuhan_Part2_pt_20584_back.jpg
Changsha_Part4_pt_35551_front.jpg,Wuhan_Part1_pt_6464_front.jpg
Wuhan_Part1_pt_11205_right.jpg,Wuhan_Part3_pt_36584_back.jpg
Changsha_Part3_pt_28755_left.jpg,Wuhan_Part2_pt_23234_front.jpg
Nanchang_Part2_pt_16333_right.jpg,Wuhan_Part3_pt_32763_front.jpg
Changsha_Part1_pt_26_right.jpg,Wuhan_Part1_pt_2740_right.jpg
Nanchang_Part1_pt_9655_left.jpg,Nanchang_Part3_pt_27202_right.jpg
Changsha_Part2_pt_10912_left.jpg,Changsha_Part4_pt_36530_back.jpg
Nanchang_Part1_pt_9330_right.jpg,Nanchang_Part2_pt_12616_left.jpg
Wuhan_Part2_pt_23241_left.jpg,Wuhan_Part3_pt_39616_right.jpg
Changsha_Part3_pt_24252_front.jpg,Changsha_Part3_pt_27866_right.jpg
Nanchang_Part1_pt_3665_right.jpg,Wuhan_Part1_pt_4704_back.jpg
Changsha_Part6_pt_53756_right.jpg,Nanchang_Part2_pt_12695_right.jpg
Nanchang_Part2_pt_17121_front.jpg,Nanchang_Part3_pt_24189_front.jpg
Changsha_Part2_pt_11501_right.jpg,Wuhan_Part2_pt_24010_front.jpg
Changsha_Part3_pt_23517_left.jpg,Nanchang_Part1_pt_849_left.jpg
Wuhan_Part1_pt_1937_back.jpg,Wuhan_Part3_pt_33527_left.jpg
Changsha_Part3_pt_24252_front.jpg,Nanchang_Part2_pt_13614_left.jpg
Changsha_Part5_pt_42756_right.jpg,Changsha_Part6_pt_55889_left.jpg
Changsha_Part6_pt_58248_front.jpg,Wuhan_Part2_pt_26153_back.jpg
Changsha_Part3_pt_27425_back.jpg,Wuhan_Part3_pt_35275_back.jpg
Nanchang_Part2_pt_13488_front.jpg,Nanchang_Part2_pt_15035_right.jpg
Changsha_Part3_pt_28604_right.jpg,Nanchang_Part1_pt_6748_right.jpg
Changsha_Part3_pt_28715_left.jpg,Wuhan_Part2_pt_26610_left.jpg
Changsha_Part1_pt_1630_front.jpg,Wuhan_Part1_pt_6464_front.jpg
Nanchang_Part1_pt_3229_left.jpg,Wuhan_Part1_pt_4704_back.jpg
Wuhan_Part1_pt_4344_back.jpg,Wuhan_Part2_pt_26385_left.jpg
Nanchang_Part3_pt_28522_right.jpg,Wuhan_Part2_pt_27296_front.jpg
Nanchang_Part1_pt_6488_left.jpg,Nanchang_Part3_pt_24910_left.jpg
Nanchang_Part3_pt_25434_front.jpg,Nanchang_Part3_pt_30260_right.jpg
Changsha_Part2_pt_15631_front.jpg,Wuhan_Part1_pt_1062_left.jpg
Nanchang_Part2_pt_12569_back.jpg,Nanchang_Part2_pt_16284_front.jpg
Changsha_Part1_pt_15_right.jpg,Nanchang_Part2_pt_17914_back.jpg
Wuhan_Part2_pt_18958_back.jpg,Wuhan_Part3_pt_39821_left.jpg
Changsha_Part4_pt_36706_left.jpg,Changsha_Part4_pt_37794_right.jpg
Changsha_Part5_pt_41790_right.jpg,Nanchang_Part2_pt_17077_left.jpg
Nanchang_Part3_pt_27082_back.jpg,Wuhan_Part2_pt_21516_back.jpg
Nanchang_Part1_pt_5004_back.jpg,Wuhan_Part2_pt_18958_back.jpg
Changsha_Part2_pt_12584_right.jpg,Nanchang_Part3_pt_32622_left.jpg
Wuhan_Part1_pt_1053_right.jpg,Wuhan_Part1_pt_8308_front.jpg
Changsha_Part5_pt_41507_front.jpg,Changsha_Part5_pt_43438_front.jpg
Changsha_Part6_pt_51316_left.jpg,Nanchang_Part2_pt_12842_left.jpg
Changsha_Part5_pt_47118_left.jpg,Wuhan_Part2_pt_19123_left.jpg
Nanchang_Part3_pt_28416_front.jpg,Wuhan_Part1_pt_3198_front.jpg
Changsha_Part3_pt_28571_left.jpg,Nanchang_Part1_pt_7051_back.jpg
Nanchang_Part1_pt_232_right.jpg,Nanchang_Part2_pt_16007_left.jpg
Nanchang_Part2_pt_14057_front.jpg,Wuhan_Part2_pt_26404_left.jpg
Nanchang_Part2_pt_15275_front.jpg,Wuhan_Part2_pt_19680_left.jpg
Wuhan_Part2_pt_16547_left.jpg,Wuhan_Part3_pt_31778_left.jpg
Changsha_Part1_pt_5737_left.jpg,Nanchang_Part2_pt_18736_back.jpg
Changsha_Part6_pt_51615_left.jpg,Nanchang_Part1_pt_4690_left.jpg
Changsha_Part2_pt_11501_right.jpg,Nanchang_Part1_pt_7647_left.jpg
Changsha_Part5_pt_42019_front.jpg,Nanchang_Part2_pt_19795_right.jpg
Nanchang_Part2_pt_16007_left.jpg,Nanchang_Part3_pt_32368_right.jpg
Changsha_Part4_pt_35551_front.jpg,Wuhan_Part1_pt_9922_left.jpg
Changsha_Part4_pt_31855_back.jpg,Wuhan_Part3_pt_35071_back.jpg
Wuhan_Part2_pt_16645_left.jpg,Wuhan_Part2_pt_24010_front.jpg
Changsha_Part3_pt_21618_front.jpg,Changsha_Part5_pt_46172_left.jpg
Nanchang_Part3_pt_22886_front.jpg,Wuhan_Part1_pt_5454_front.jpg
Wuhan_Part2_pt_27640_front.jpg,Wuhan_Part3_pt_37558_back.jpg
Nanchang_Part1_pt_4282_left.jpg,Nanchang_Part2_pt_12654_back.jpg
Nanchang_Part3_pt_22797_back.jpg,Wuhan_Part3_pt_33451_right.jpg
Changsha_Part3_pt_28198_front.jpg,Wuhan_Part1_pt_8570_right.jpg
Changsha_Part3_pt_27866_right.jpg,Nanchang_Part1_pt_849_left.jpg
Changsha_Part4_pt_34265_back.jpg,Nanchang_Part2_pt_20227_front.jpg
Nanchang_Part2_pt_15760_back.jpg,Wuhan_Part3_pt_40616_front.jpg
Nanchang_Part1_pt_9781_right.jpg,Nanchang_Part2_pt_13042_front.jpg
Changsha_Part4_pt_31904_front.jpg,Nanchang_Part2_pt_15297_front.jpg
Nanchang_Part1_pt_2879_right.jpg,Wuhan_Part2_pt_23647_right.jpg
Changsha_Part3_pt_28715_left.jpg,Wuhan_Part2_pt_22829_back.jpg
Changsha_Part5_pt_45650_left.jpg,Nanchang_Part3_pt_24187_right.jpg
Changsha_Part4_pt_31888_back.jpg,Nanchang_Part3_pt_22606_front.jpg
Nanchang_Part1_pt_849_left.jpg,Wuhan_Part1_pt_9396_left.jpg
Changsha_Part2_pt_11273_front.jpg,Nanchang_Part2_pt_16158_back.jpg
Changsha_Part5_pt_44968_back.jpg,Wuhan_Part3_pt_38109_left.jpg
Nanchang_Part1_pt_4640_back.jpg,Nanchang_Part2_pt_18732_front.jpg
Wuhan_Part3_pt_40154_front.jpg,Wuhan_Part3_pt_40368_front.jpg
Changsha_Part5_pt_43473_front.jpg,Nanchang_Part1_pt_9904_right.jpg
Changsha_Part5_pt_43473_front.jpg,Wuhan_Part1_pt_67_right.jpg
Changsha_Part2_pt_11460_front.jpg,Nanchang_Part3_pt_30062_back.jpg
Changsha_Part3_pt_21634_right.jpg,Wuhan_Part1_pt_5382_right.jpg
Nanchang_Part2_pt_17540_front.jpg,Nanchang_Part3_pt_30858_front.jpg
Wuhan_Part3_pt_31443_right.jpg,Wuhan_Part3_pt_40845_back.jpg
Changsha_Part1_pt_3751_left.jpg,Wuhan_Part3_pt_31340_right.jpg
Nanchang_Part2_pt_13845_right.jpg,Wuhan_Part3_pt_40120_back.jpg
Changsha_Part2_pt_14409_front.jpg,Wuhan_Part2_pt_19264_left.jpg
Changsha_Part2_pt_11501_right.jpg,Nanchang_Part3_pt_31209_left.jpg
Changsha_Part6_pt_56604_left.jpg,Wuhan_Part3_pt_33399_back.jpg
Changsha_Part4_pt_32068_right.jpg,Nanchang_Part1_pt_5033_front.jpg
Changsha_Part3_pt_29647_left.jpg,Nanchang_Part1_pt_7647_left.jpg
Changsha_Part2_pt_17728_right.jpg,Changsha_Part6_pt_52888_back.jpg
Wuhan_Part1_pt_3130_left.jpg,Wuhan_Part2_pt_24640_front.jpg
Changsha_Part6_pt_56467_front.jpg,Wuhan_Part2_pt_23318_back.jpg
Changsha_Part1_pt_4988_front.jpg,Nanchang_Part1_pt_819_front.jpg
Changsha_Part6_pt_51448_right.jpg,Wuhan_Part2_pt_15743_front.jpg
Changsha_Part1_pt_5266_left.jpg,Wuhan_Part2_pt_21945_left.jpg
Changsha_Part4_pt_35618_back.jpg,Wuhan_Part2_pt_27578_right.jpg
Changsha_Part1_pt_4807_left.jpg,Wuhan_Part1_pt_8504_left.jpg
Changsha_Part6_pt_54018_back.jpg,Nanchang_Part3_pt_22580_front.jpg
Nanchang_Part3_pt_23745_front.jpg,Wuhan_Part1_pt_9289_front.jpg
Nanchang_Part3_pt_30674_left.jpg,Wuhan_Part2_pt_20514_front.jpg
Changsha_Part1_pt_5997_right.jpg,Nanchang_Part1_pt_4061_right.jpg
Wuhan_Part2_pt_21352_right.jpg,Wuhan_Part3_pt_41887_right.jpg
Changsha_Part3_pt_21728_front.jpg,Changsha_Part6_pt_58206_front.jpg
Changsha_Part5_pt_43834_back.jpg,Nanchang_Part1_pt_599_back.jpg
Nanchang_Part3_pt_24085_front.jpg,Wuhan_Part1_pt_8504_left.jpg
Nanchang_Part2_pt_11726_front.jpg,Nanchang_Part2_pt_17487_right.jpg
Nanchang_Part1_pt_9861_left.jpg,Nanchang_Part3_pt_30674_left.jpg
Changsha_Part1_pt_1016_back.jpg,Nanchang_Part1_pt_5746_back.jpg
Changsha_Part2_pt_17778_left.jpg,Nanchang_Part2_pt_15739_front.jpg
Wuhan_Part1_pt_611_right.jpg,Wuhan_Part3_pt_39565_front.jpg
Changsha_Part1_pt_1376_left.jpg,Nanchang_Part2_pt_15778_front.jpg
Changsha_Part2_pt_10912_left.jpg,Changsha_Part2_pt_15291_front.jpg
Changsha_Part2_pt_14874_left.jpg,Nanchang_Part2_pt_20028_right.jpg
Nanchang_Part1_pt_9724_front.jpg,Nanchang_Part2_pt_20259_back.jpg
Nanchang_Part1_pt_5386_front.jpg,Wuhan_Part2_pt_27169_right.jpg
Wuhan_Part1_pt_3130_left.jpg,Wuhan_Part1_pt_3198_front.jpg
Changsha_Part1_pt_5333_front.jpg,Wuhan_Part3_pt_37339_right.jpg
Nanchang_Part2_pt_12577_left.jpg,Wuhan_Part2_pt_27640_front.jpg
Changsha_Part2_pt_17688_right.jpg,Wuhan_Part2_pt_18460_left.jpg
Changsha_Part6_pt_54034_right.jpg,Wuhan_Part3_pt_36472_right.jpg
Wuhan_Part3_pt_31340_right.jpg,Wuhan_Part3_pt_36409_back.jpg
Wuhan_Part1_pt_3224_right.jpg,Wuhan_Part3_pt_32640_front.jpg
Nanchang_Part1_pt_4566_back.jpg,Wuhan_Part1_pt_6851_right.jpg
Changsha_Part2_pt_11750_front.jpg,Changsha_Part3_pt_27199_left.jpg
Changsha_Part5_pt_41199_right.jpg,Nanchang_Part3_pt_32368_right.jpg
Changsha_Part2_pt_17959_left.jpg,Nanchang_Part1_pt_7979_right.jpg
Changsha_Part6_pt_52888_back.jpg,Wuhan_Part3_pt_31443_right.jpg
Changsha_Part3_pt_29509_left.jpg,Wuhan_Part2_pt_24300_right.jpg
Changsha_Part2_pt_12327_right.jpg,Nanchang_Part1_pt_7681_right.jpg
Nanchang_Part3_pt_31259_front.jpg,Wuhan_Part1_pt_4308_right.jpg
Changsha_Part5_pt_40221_right.jpg,Changsha_Part5_pt_46400_back.jpg
Changsha_Part1_pt_996_back.jpg,Changsha_Part5_pt_43834_back.jpg
Nanchang_Part1_pt_289_right.jpg,Nanchang_Part1_pt_6878_back.jpg
Changsha_Part3_pt_23537_right.jpg,Wuhan_Part3_pt_40120_back.jpg
Changsha_Part2_pt_12606_right.jpg,Nanchang_Part2_pt_20212_front.jpg
Nanchang_Part1_pt_8049_front.jpg,Nanchang_Part3_pt_27189_left.jpg
Changsha_Part1_pt_2292_left.jpg,Nanchang_Part3_pt_28084_front.jpg
Changsha_Part3_pt_26896_front.jpg,Wuhan_Part2_pt_27541_right.jpg
Wuhan_Part3_pt_41577_left.jpg,Wuhan_Part3_pt_42698_back.jpg
Wuhan_Part2_pt_26610_left.jpg,Wuhan_Part3_pt_31969_front.jpg
Nanchang_Part1_pt_6748_right.jpg,Nanchang_Part1_pt_8277_front.jpg
Changsha_Part3_pt_25820_back.jpg,Nanchang_Part2_pt_18872_right.jpg
Changsha_Part5_pt_40221_right.jpg,Wuhan_Part2_pt_22303_back.jpg
Nanchang_Part2_pt_19036_left.jpg,Wuhan_Part1_pt_3410_back.jpg
Changsha_Part3_pt_25736_left.jpg,Nanchang_Part1_pt_6878_back.jpg
Changsha_Part2_pt_11794_back.jpg,Changsha_Part4_pt_34265_back.jpg
Nanchang_Part1_pt_5435_front.jpg,Wuhan_Part1_pt_6881_front.jpg
Changsha_Part4_pt_35551_front.jpg,Nanchang_Part3_pt_32850_left.jpg
Changsha_Part6_pt_57072_right.jpg,Nanchang_Part1_pt_9599_back.jpg
Nanchang_Part2_pt_13488_front.jpg,Wuhan_Part2_pt_27439_front.jpg
Nanchang_Part2_pt_11716_back.jpg,Wuhan_Part2_pt_20009_front.jpg
Changsha_Part6_pt_54362_back.jpg,Wuhan_Part2_pt_22093_right.jpg
Nanchang_Part2_pt_16929_back.jpg,Wuhan_Part3_pt_37619_left.jpg
Changsha_Part2_pt_11524_front.jpg,Wuhan_Part2_pt_17329_front.jpg
Nanchang_Part1_pt_4640_back.jpg,Nanchang_Part1_pt_5435_front.jpg
Changsha_Part3_pt_28034_front.jpg,Nanchang_Part1_pt_6314_left.jpg
Changsha_Part2_pt_11460_front.jpg,Wuhan_Part2_pt_17125_front.jpg
Changsha_Part4_pt_35468_right.jpg,Wuhan_Part2_pt_20292_back.jpg
Changsha_Part6_pt_55018_front.jpg,Wuhan_Part1_pt_67_right.jpg
Changsha_Part1_pt_3958_left.jpg,Nanchang_Part2_pt_12616_left.jpg
Nanchang_Part1_pt_4061_right.jpg,Wuhan_Part3_pt_40845_back.jpg
Changsha_Part1_pt_3316_left.jpg,Changsha_Part3_pt_20174_front.jpg
Changsha_Part1_pt_3070_back.jpg,Wuhan_Part1_pt_194_left.jpg
Changsha_Part3_pt_21634_right.jpg,Wuhan_Part3_pt_32617_left.jpg
Changsha_Part2_pt_14371_front.jpg,Wuhan_Part1_pt_9922_left.jpg
Changsha_Part2_pt_10912_left.jpg,Wuhan_Part3_pt_39821_left.jpg
Changsha_Part5_pt_40666_left.jpg,Wuhan_Part3_pt_35053_front.jpg
Changsha_Part3_pt_23133_front.jpg,Changsha_Part6_pt_54672_back.jpg
Changsha_Part2_pt_17662_front.jpg,Wuhan_Part1_pt_4115_front.jpg
Nanchang_Part3_pt_22886_front.jpg,Nanchang_Part3_pt_24189_front.jpg
Changsha_Part1_pt_1145_right.jpg,Nanchang_Part3_pt_30232_right.jpg
Nanchang_Part1_pt_2879_right.jpg,Nanchang_Part2_pt_15812_left.jpg
Changsha_Part1_pt_15_right.jpg,Changsha_Part4_pt_34265_back.jpg
Wuhan_Part2_pt_21749_left.jpg,Wuhan_Part2_pt_24317_back.jpg
Wuhan_Part2_pt_16645_left.jpg,Wuhan_Part2_pt_21945_left.jpg
Changsha_Part3_pt_29647_left.jpg,Nanchang_Part3_pt_30260_right.jpg
Changsha_Part2_pt_14371_front.jpg,Wuhan_Part1_pt_192_left.jpg
Changsha_Part1_pt_1016_back.jpg,Nanchang_Part2_pt_17914_back.jpg
Wuhan_Part1_pt_2293_right.jpg,Wuhan_Part1_pt_3410_back.jpg
Nanchang_Part2_pt_11726_back.jpg,Wuhan_Part1_pt_7827_left.jpg
Nanchang_Part2_pt_17487_right.jpg,Wuhan_Part1_pt_4084_right.jpg
Changsha_Part2_pt_16148_front.jpg,Nanchang_Part1_pt_8514_back.jpg
Nanchang_Part2_pt_15812_left.jpg,Nanchang_Part3_pt_31921_back.jpg
Changsha_Part4_pt_30968_back.jpg,Nanchang_Part1_pt_4905_front.jpg
Changsha_Part2_pt_16148_front.jpg,Wuhan_Part1_pt_2976_right.jpg
Wuhan_Part1_pt_304_back.jpg,Wuhan_Part2_pt_17503_back.jpg
Changsha_Part3_pt_25880_right.jpg,Wuhan_Part3_pt_36567_right.jpg
Nanchang_Part1_pt_8513_right.jpg,Wuhan_Part3_pt_32779_right.jpg
Changsha_Part3_pt_23794_back.jpg,Nanchang_Part1_pt_9756_left.jpg
Nanchang_Part2_pt_14057_front.jpg,Wuhan_Part3_pt_35384_right.jpg
Changsha_Part2_pt_14251_right.jpg,Wuhan_Part3_pt_36472_right.jpg
Nanchang_Part3_pt_24085_front.jpg,Nanchang_Part3_pt_30260_right.jpg
Changsha_Part2_pt_11345_left.jpg,Nanchang_Part2_pt_20318_right.jpg
Nanchang_Part3_pt_28084_front.jpg,Wuhan_Part1_pt_8424_back.jpg
Changsha_Part2_pt_12959_front.jpg,Wuhan_Part2_pt_17880_right.jpg
Changsha_Part3_pt_28034_front.jpg,Nanchang_Part1_pt_4893_front.jpg
Nanchang_Part3_pt_28976_back.jpg,Wuhan_Part3_pt_39565_front.jpg
Wuhan_Part2_pt_23928_back.jpg,Wuhan_Part3_pt_36915_front.jpg
Changsha_Part6_pt_54018_back.jpg,Nanchang_Part1_pt_5004_back.jpg
Nanchang_Part1_pt_5746_back.jpg,Wuhan_Part2_pt_22829_back.jpg
Wuhan_Part1_pt_194_left.jpg,Wuhan_Part2_pt_16408_front.jpg
Changsha_Part2_pt_11524_front.jpg,Changsha_Part5_pt_46119_back.jpg
Changsha_Part3_pt_27024_left.jpg,Wuhan_Part3_pt_31769_back.jpg
Changsha_Part3_pt_23133_front.jpg,Wuhan_Part1_pt_9169_left.jpg
Changsha_Part2_pt_13552_front.jpg,Changsha_Part4_pt_33640_back.jpg
Changsha_Part3_pt_21873_left.jpg,Changsha_Part5_pt_46119_back.jpg
Changsha_Part2_pt_10270_right.jpg,Wuhan_Part2_pt_20086_right.jpg
Changsha_Part1_pt_26_right.jpg,Nanchang_Part2_pt_17540_front.jpg
Changsha_Part6_pt_52484_front.jpg,Wuhan_Part3_pt_35071_back.jpg
Nanchang_Part3_pt_28522_right.jpg,Wuhan_Part2_pt_17783_back.jpg
Changsha_Part1_pt_1016_back.jpg,Nanchang_Part3_pt_27590_right.jpg
Nanchang_Part1_pt_6745_front.jpg,Wuhan_Part2_pt_19423_right.jpg
Changsha_Part2_pt_14874_left.jpg,Nanchang_Part1_pt_9781_right.jpg
Changsha_Part1_pt_1376_left.jpg,Nanchang_Part1_pt_8510_back.jpg
Changsha_Part2_pt_11273_front.jpg,Wuhan_Part3_pt_32664_back.jpg
Nanchang_Part2_pt_12539_front.jpg,Nanchang_Part2_pt_15760_back.jpg
Wuhan_Part1_pt_10113_back.jpg,Wuhan_Part2_pt_26610_left.jpg
Changsha_Part1_pt_1145_right.jpg,Changsha_Part6_pt_54006_back.jpg
Changsha_Part3_pt_28723_left.jpg,Changsha_Part4_pt_30304_front.jpg
Changsha_Part1_pt_3958_left.jpg,Changsha_Part4_pt_31855_back.jpg
Wuhan_Part2_pt_19423_right.jpg,Wuhan_Part2_pt_21679_front.jpg
Nanchang_Part1_pt_4061_right.jpg,Nanchang_Part3_pt_24189_front.jpg
Changsha_Part5_pt_46278_left.jpg,Nanchang_Part2_pt_20647_front.jpg
Changsha_Part6_pt_58557_front.jpg,Nanchang_Part3_pt_28084_front.jpg
Changsha_Part2_pt_10912_left.jpg,Nanchang_Part3_pt_30874_back.jpg
Changsha_Part1_pt_3958_left.jpg,Changsha_Part6_pt_51615_left.jpg
Nanchang_Part1_pt_279_front.jpg,Wuhan_Part3_pt_39821_left.jpg
Changsha_Part6_pt_56542_left.jpg,Wuhan_Part1_pt_3801_right.jpg
Changsha_Part2_pt_17728_right.jpg,Wuhan_Part2_pt_26906_back.jpg
Nanchang_Part2_pt_15015_right.jpg,Wuhan_Part2_pt_24681_back.jpg
Changsha_Part3_pt_20021_front.jpg,Wuhan_Part1_pt_4517_right.jpg
Changsha_Part6_pt_54642_front.jpg,Nanchang_Part2_pt_12559_back.jpg
Changsha_Part5_pt_46307_front.jpg,Wuhan_Part2_pt_24300_right.jpg
Changsha_Part3_pt_20158_left.jpg,Nanchang_Part2_pt_15035_left.jpg
Changsha_Part1_pt_1145_right.jpg,Wuhan_Part2_pt_15630_left.jpg
Nanchang_Part1_pt_7084_front.jpg,Wuhan_Part1_pt_3786_right.jpg
Changsha_Part5_pt_42238_left.jpg,Wuhan_Part3_pt_36595_front.jpg
Nanchang_Part1_pt_6008_front.jpg,Nanchang_Part3_pt_24948_left.jpg
Wuhan_Part1_pt_345_front.jpg,Wuhan_Part1_pt_3843_back.jpg
Changsha_Part6_pt_55138_back.jpg,Nanchang_Part2_pt_19036_left.jpg
Nanchang_Part2_pt_16158_back.jpg,Nanchang_Part3_pt_22606_front.jpg
Changsha_Part2_pt_10912_left.jpg,Nanchang_Part1_pt_9144_front.jpg
Wuhan_Part2_pt_24484_front.jpg,Wuhan_Part3_pt_40972_right.jpg
Nanchang_Part3_pt_30674_left.jpg,Wuhan_Part3_pt_31340_right.jpg
Changsha_Part4_pt_31888_back.jpg,Nanchang_Part1_pt_4729_left.jpg
Nanchang_Part3_pt_24948_left.jpg,Wuhan_Part1_pt_3410_back.jpg
Changsha_Part6_pt_50649_left.jpg,Wuhan_Part1_pt_7051_front.jpg
Changsha_Part3_pt_26523_front.jpg,Nanchang_Part3_pt_32850_left.jpg
Nanchang_Part3_pt_31302_front.jpg,Wuhan_Part2_pt_22110_left.jpg
Nanchang_Part2_pt_18344_back.jpg,Wuhan_Part3_pt_37084_back.jpg
Nanchang_Part2_pt_15035_right.jpg,Wuhan_Part3_pt_37558_back.jpg
Changsha_Part3_pt_24110_front.jpg,Wuhan_Part2_pt_16999_front.jpg
Nanchang_Part2_pt_12631_right.jpg,Nanchang_Part2_pt_19667_right.jpg
Changsha_Part1_pt_161_front.jpg,Changsha_Part3_pt_20158_left.jpg
Changsha_Part6_pt_52510_left.jpg,Wuhan_Part3_pt_32664_back.jpg
Changsha_Part3_pt_29509_left.jpg,Nanchang_Part3_pt_24910_left.jpg
Nanchang_Part3_pt_30014_left.jpg,Wuhan_Part2_pt_16999_front.jpg
Changsha_Part6_pt_55138_back.jpg,Wuhan_Part1_pt_3944_left.jpg
Changsha_Part5_pt_47118_left.jpg,Nanchang_Part3_pt_24910_left.jpg
Nanchang_Part1_pt_9724_front.jpg,Wuhan_Part3_pt_35204_left.jpg
Changsha_Part6_pt_54741_back.jpg,Wuhan_Part2_pt_27296_front.jpg
Changsha_Part6_pt_56542_left.jpg,Wuhan_Part1_pt_5958_front.jpg
Nanchang_Part2_pt_16007_left.jpg,Wuhan_Part2_pt_17783_back.jpg
Wuhan_Part3_pt_36397_front.jpg,Wuhan_Part3_pt_41495_right.jpg
Nanchang_Part1_pt_3704_front.jpg,Wuhan_Part2_pt_17646_front.jpg
Nanchang_Part3_pt_30158_right.jpg,Wuhan_Part1_pt_8915_front.jpg
Changsha_Part2_pt_11325_left.jpg,Wuhan_Part2_pt_20584_back.jpg
Changsha_Part5_pt_40748_left.jpg,Nanchang_Part1_pt_8386_back.jpg
Changsha_Part1_pt_1630_front.jpg,Changsha_Part3_pt_20158_left.jpg
Wuhan_Part1_pt_3751_right.jpg,Wuhan_Part3_pt_32763_front.jpg
Changsha_Part4_pt_34902_right.jpg,Nanchang_Part1_pt_819_front.jpg
Changsha_Part2_pt_14251_right.jpg,Wuhan_Part2_pt_17061_front.jpg
Wuhan_Part2_pt_22093_right.jpg,Wuhan_Part2_pt_22110_left.jpg
Wuhan_Part1_pt_6893_left.jpg,Wuhan_Part3_pt_40616_front.jpg
Changsha_Part5_pt_46885_left.jpg,Wuhan_Part1_pt_8570_right.jpg
Nanchang_Part2_pt_17914_back.jpg,Wuhan_Part1_pt_8504_left.jpg
Nanchang_Part1_pt_8510_back.jpg,Wuhan_Part1_pt_9321_front.jpg
Wuhan_Part2_pt_17768_left.jpg,Wuhan_Part2_pt_22930_left.jpg
Nanchang_Part1_pt_9447_front.jpg,Wuhan_Part3_pt_36915_front.jpg
Wuhan_Part2_pt_18553_front.jpg,Wuhan_Part2_pt_22591_left.jpg
Wuhan_Part1_pt_5970_back.jpg,Wuhan_Part1_pt_8424_back.jpg
Wuhan_Part2_pt_19144_back.jpg,Wuhan_Part2_pt_20482_right.jpg
Nanchang_Part3_pt_29341_back.jpg,Wuhan_Part1_pt_9321_front.jpg
Nanchang_Part3_pt_28863_back.jpg,Nanchang_Part3_pt_32368_right.jpg
Changsha_Part3_pt_28034_front.jpg,Changsha_Part6_pt_55889_left.jpg
Changsha_Part4_pt_35000_back.jpg,Wuhan_Part3_pt_36584_back.jpg
Nanchang_Part2_pt_11442_right.jpg,Wuhan_Part2_pt_25165_front.jpg
Changsha_Part6_pt_57628_back.jpg,Wuhan_Part1_pt_1482_front.jpg
Changsha_Part3_pt_25710_left.jpg,Wuhan_Part3_pt_40495_left.jpg
Changsha_Part6_pt_54278_left.jpg,Wuhan_Part2_pt_25165_front.jpg
Changsha_Part4_pt_32401_back.jpg,Nanchang_Part3_pt_24124_back.jpg
Changsha_Part5_pt_43557_back.jpg,Changsha_Part6_pt_50522_front.jpg
Nanchang_Part1_pt_9891_back.jpg,Nanchang_Part2_pt_15739_front.jpg
Nanchang_Part1_pt_5746_back.jpg,Wuhan_Part3_pt_34296_left.jpg
Changsha_Part5_pt_44078_back.jpg,Nanchang_Part2_pt_17077_left.jpg
Changsha_Part2_pt_18318_front.jpg,Nanchang_Part2_pt_19607_left.jpg
Nanchang_Part1_pt_1317_front.jpg,Nanchang_Part1_pt_8514_back.jpg
Changsha_Part1_pt_1145_right.jpg,Wuhan_Part1_pt_4517_right.jpg
Nanchang_Part3_pt_30271_left.jpg,Wuhan_Part1_pt_2153_right.jpg
Nanchang_Part3_pt_24910_left.jpg,Wuhan_Part1_pt_2330_left.jpg
Changsha_Part5_pt_46484_left.jpg,Nanchang_Part3_pt_30396_back.jpg
Nanchang_Part1_pt_8030_left.jpg,Wuhan_Part1_pt_7386_back.jpg
Changsha_Part4_pt_35840_right.jpg,Changsha_Part6_pt_56883_right.jpg
Changsha_Part6_pt_51628_left.jpg,Wuhan_Part1_pt_3116_front.jpg
Changsha_Part4_pt_33286_left.jpg,Nanchang_Part2_pt_15107_right.jpg
Changsha_Part2_pt_15291_front.jpg,Wuhan_Part1_pt_4_front.jpg
Nanchang_Part2_pt_16007_left.jpg,Wuhan_Part3_pt_41412_left.jpg
Wuhan_Part1_pt_8570_right.jpg,Wuhan_Part3_pt_32779_right.jpg
Changsha_Part2_pt_16277_right.jpg,Nanchang_Part2_pt_12674_back.jpg
Changsha_Part1_pt_5400_front.jpg,Nanchang_Part1_pt_5085_front.jpg
Nanchang_Part2_pt_19791_left.jpg,Nanchang_Part3_pt_24948_left.jpg
Changsha_Part6_pt_55982_left.jpg,Nanchang_Part1_pt_2017_front.jpg
Nanchang_Part3_pt_32364_left.jpg,Wuhan_Part3_pt_34296_left.jpg
Nanchang_Part1_pt_741_left.jpg,Wuhan_Part2_pt_27296_front.jpg
Changsha_Part1_pt_3958_left.jpg,Changsha_Part2_pt_15281_back.jpg
Nanchang_Part1_pt_8561_left.jpg,Wuhan_Part2_pt_16408_front.jpg
Changsha_Part5_pt_44803_left.jpg,Wuhan_Part2_pt_26156_back.jpg
Changsha_Part3_pt_21618_front.jpg,Wuhan_Part1_pt_2084_front.jpg
Changsha_Part4_pt_34483_front.jpg,Nanchang_Part1_pt_1827_left.jpg
Changsha_Part4_pt_33286_left.jpg,Changsha_Part6_pt_56861_right.jpg
Changsha_Part2_pt_14251_right.jpg,Changsha_Part5_pt_45015_right.jpg
Changsha_Part3_pt_20174_front.jpg,Wuhan_Part2_pt_16180_back.jpg
Changsha_Part2_pt_15998_back.jpg,Wuhan_Part2_pt_17765_front.jpg
Changsha_Part2_pt_17493_back.jpg,Nanchang_Part1_pt_8871_right.jpg
Nanchang_Part3_pt_22824_back.jpg,Wuhan_Part2_pt_22093_right.jpg
Changsha_Part5_pt_41513_back.jpg,Wuhan_Part1_pt_6067_back.jpg
Nanchang_Part1_pt_5085_front.jpg,Wuhan_Part1_pt_9289_front.jpg
Changsha_Part6_pt_56982_back.jpg,Wuhan_Part2_pt_24058_left.jpg
Changsha_Part6_pt_57628_back.jpg,Nanchang_Part3_pt_31367_back.jpg
Changsha_Part4_pt_32166_back.jpg,Nanchang_Part1_pt_8514_back.jpg
Changsha_Part2_pt_11460_front.jpg,Nanchang_Part2_pt_15035_right.jpg
Nanchang_Part2_pt_16929_back.jpg,Nanchang_Part3_pt_30356_back.jpg
Changsha_Part6_pt_50277_right.jpg,Wuhan_Part3_pt_36595_front.jpg
Changsha_Part4_pt_35861_left.jpg,Wuhan_Part3_pt_32763_front.jpg
Wuhan_Part1_pt_3801_right.jpg,Wuhan_Part1_pt_9169_left.jpg
Changsha_Part3_pt_20158_left.jpg,Nanchang_Part3_pt_30126_left.jpg
Changsha_Part3_pt_28779_right.jpg,Nanchang_Part2_pt_12559_back.jpg
Changsha_Part4_pt_35618_back.jpg,Changsha_Part6_pt_56861_right.jpg
Nanchang_Part2_pt_12577_left.jpg,Wuhan_Part2_pt_27296_front.jpg
Changsha_Part5_pt_44803_left.jpg,Wuhan_Part3_pt_32877_back.jpg
Nanchang_Part1_pt_6424_right.jpg,Wuhan_Part3_pt_35384_right.jpg
Nanchang_Part1_pt_8094_back.jpg,Wuhan_Part1_pt_2153_right.jpg
Nanchang_Part2_pt_15932_left.jpg,Wuhan_Part3_pt_31340_right.jpg
Changsha_Part3_pt_27024_left.jpg,Changsha_Part5_pt_44803_left.jpg
Nanchang_Part1_pt_3170_front.jpg,Wuhan_Part3_pt_34958_front.jpg
Nanchang_Part2_pt_18732_front.jpg,Wuhan_Part2_pt_17975_right.jpg
Changsha_Part6_pt_55018_front.jpg,Nanchang_Part3_pt_22797_back.jpg
Changsha_Part1_pt_1016_back.jpg,Nanchang_Part2_pt_19440_front.jpg
Changsha_Part2_pt_16148_front.jpg,Wuhan_Part2_pt_17374_back.jpg
Changsha_Part1_pt_3692_back.jpg,Nanchang_Part2_pt_18020_back.jpg
Nanchang_Part1_pt_1381_back.jpg,Nanchang_Part2_pt_11726_back.jpg
Changsha_Part6_pt_53756_right.jpg,Nanchang_Part2_pt_16022_back.jpg
Nanchang_Part1_pt_9904_right.jpg,Wuhan_Part3_pt_32877_back.jpg
Changsha_Part2_pt_16277_right.jpg,Wuhan_Part3_pt_32448_front.jpg
Nanchang_Part1_pt_9741_back.jpg,Wuhan_Part2_pt_17364_right.jpg
Nanchang_Part2_pt_12616_left.jpg,Nanchang_Part3_pt_30742_back.jpg
Nanchang_Part1_pt_7051_back.jpg,Wuhan_Part2_pt_26521_front.jpg
Changsha_Part4_pt_30001_right.jpg,Wuhan_Part1_pt_7963_left.jpg
Nanchang_Part2_pt_12581_left.jpg,Wuhan_Part3_pt_32779_right.jpg
Changsha_Part1_pt_1907_left.jpg,Nanchang_Part3_pt_31460_front.jpg
Nanchang_Part1_pt_7647_left.jpg,Wuhan_Part2_pt_26385_left.jpg
Nanchang_Part1_pt_3200_right.jpg,Wuhan_Part2_pt_18958_back.jpg
Changsha_Part1_pt_4988_front.jpg,Wuhan_Part1_pt_1904_left.jpg
Nanchang_Part3_pt_22797_back.jpg,Wuhan_Part1_pt_3803_back.jpg
Nanchang_Part1_pt_3927_left.jpg,Wuhan_Part1_pt_7563_left.jpg
Changsha_Part2_pt_17688_right.jpg,Changsha_Part4_pt_32436_left.jpg
Nanchang_Part1_pt_3224_left.jpg,Wuhan_Part3_pt_35558_front.jpg
Changsha_Part6_pt_50522_front.jpg,Wuhan_Part1_pt_7563_left.jpg
Wuhan_Part2_pt_19592_back.jpg,Wuhan_Part3_pt_34168_back.jpg
Changsha_Part4_pt_30001_right.jpg,Changsha_Part4_pt_31904_front.jpg
Nanchang_Part3_pt_27797_left.jpg,Wuhan_Part2_pt_26404_left.jpg
Changsha_Part4_pt_30066_right.jpg,Wuhan_Part1_pt_5958_front.jpg
Changsha_Part1_pt_996_back.jpg,Nanchang_Part2_pt_12011_left.jpg
Nanchang_Part1_pt_583_right.jpg,Nanchang_Part3_pt_27202_right.jpg
Nanchang_Part1_pt_6745_front.jpg,Wuhan_Part3_pt_33826_back.jpg
Nanchang_Part1_pt_8119_right.jpg,Wuhan_Part3_pt_31769_back.jpg
Nanchang_Part2_pt_11628_front.jpg,Nanchang_Part2_pt_17985_back.jpg
Changsha_Part2_pt_15291_front.jpg,Wuhan_Part2_pt_22387_back.jpg
Changsha_Part3_pt_21965_front.jpg,Wuhan_Part2_pt_17329_front.jpg
Changsha_Part6_pt_51316_left.jpg,Nanchang_Part3_pt_22567_right.jpg
Changsha_Part3_pt_28198_front.jpg,Changsha_Part5_pt_44916_back.jpg
Changsha_Part1_pt_5400_front.jpg,Nanchang_Part1_pt_3285_left.jpg
Changsha_Part4_pt_32401_back.jpg,Nanchang_Part3_pt_28150_front.jpg
Nanchang_Part1_pt_3285_left.jpg,Wuhan_Part2_pt_19596_left.jpg
Nanchang_Part3_pt_23502_front.jpg,Wuhan_Part2_pt_19609_right.jpg
Wuhan_Part2_pt_19144_back.jpg,Wuhan_Part2_pt_19609_right.jpg
Changsha_Part6_pt_50548_right.jpg,Nanchang_Part1_pt_9781_right.jpg
Wuhan_Part2_pt_23555_front.jpg,Wuhan_Part3_pt_31960_right.jpg
Wuhan_Part3_pt_32448_front.jpg,Wuhan_Part3_pt_32640_front.jpg
Changsha_Part2_pt_14442_right.jpg,Changsha_Part5_pt_46172_left.jpg
Nanchang_Part1_pt_8871_right.jpg,Nanchang_Part2_pt_16333_right.jpg
Changsha_Part5_pt_41017_left.jpg,Nanchang_Part1_pt_9904_right.jpg
Changsha_Part6_pt_52484_front.jpg,Wuhan_Part2_pt_19123_left.jpg
Changsha_Part3_pt_27913_front.jpg,Wuhan_Part3_pt_32315_left.jpg
Nanchang_Part2_pt_13403_front.jpg,Wuhan_Part2_pt_17374_back.jpg
Changsha_Part4_pt_31604_back.jpg,Nanchang_Part1_pt_6008_front.jpg
Nanchang_Part2_pt_20212_front.jpg,Wuhan_Part1_pt_4667_right.jpg
Wuhan_Part2_pt_24058_left.jpg,Wuhan_Part3_pt_37599_left.jpg
Changsha_Part5_pt_41790_right.jpg,Wuhan_Part3_pt_41412_left.jpg
Wuhan_Part1_pt_9527_left.jpg,Wuhan_Part3_pt_38649_right.jpg
Wuhan_Part2_pt_26521_front.jpg,Wuhan_Part3_pt_32357_right.jpg
Changsha_Part1_pt_996_back.jpg,Wuhan_Part1_pt_11205_right.jpg
Changsha_Part4_pt_32436_left.jpg,Nanchang_Part2_pt_13842_back.jpg
Changsha_Part5_pt_41199_right.jpg,Nanchang_Part1_pt_1965_back.jpg
Nanchang_Part2_pt_11381_back.jpg,Wuhan_Part1_pt_4667_right.jpg
Changsha_Part5_pt_46092_right.jpg,Wuhan_Part1_pt_4667_right.jpg
Changsha_Part1_pt_5737_left.jpg,Nanchang_Part2_pt_15932_left.jpg
Nanchang_Part3_pt_24406_left.jpg,Wuhan_Part3_pt_31833_front.jpg
Changsha_Part5_pt_45139_left.jpg,Wuhan_Part1_pt_735_right.jpg
Changsha_Part1_pt_6407_right.jpg,Nanchang_Part1_pt_289_right.jpg
Nanchang_Part3_pt_25159_right.jpg,Wuhan_Part2_pt_15743_front.jpg
Nanchang_Part2_pt_12559_back.jpg,Wuhan_Part1_pt_740_right.jpg
Nanchang_Part1_pt_9447_front.jpg,Wuhan_Part1_pt_4_front.jpg
Changsha_Part3_pt_28604_right.jpg,Nanchang_Part1_pt_8663_back.jpg
Changsha_Part1_pt_3316_left.jpg,Changsha_Part6_pt_55018_front.jpg
Nanchang_Part1_pt_6008_front.jpg,Wuhan_Part3_pt_41411_front.jpg
Changsha_Part2_pt_17778_left.jpg,Nanchang_Part1_pt_5033_front.jpg
Changsha_Part3_pt_28755_left.jpg,Nanchang_Part3_pt_31460_front.jpg
Changsha_Part6_pt_56883_right.jpg,Wuhan_Part2_pt_21679_front.jpg
Nanchang_Part2_pt_15812_left.jpg,Nanchang_Part2_pt_18872_right.jpg
Changsha_Part5_pt_40387_left.jpg,Wuhan_Part1_pt_2084_front.jpg
Changsha_Part4_pt_33026_right.jpg,Wuhan_Part2_pt_26668_front.jpg
Changsha_Part2_pt_11825_left.jpg,Changsha_Part4_pt_33640_back.jpg
Changsha_Part5_pt_46400_back.jpg,Wuhan_Part3_pt_31969_front.jpg
Nanchang_Part1_pt_6649_right.jpg,Wuhan_Part3_pt_35053_front.jpg
Nanchang_Part2_pt_11726_front.jpg,Wuhan_Part1_pt_5970_back.jpg
Wuhan_Part1_pt_3803_back.jpg,Wuhan_Part2_pt_17503_back.jpg
Nanchang_Part2_pt_17914_back.jpg,Nanchang_Part3_pt_32938_left.jpg
Nanchang_Part2_pt_15035_right.jpg,Nanchang_Part3_pt_30388_left.jpg
Changsha_Part3_pt_25820_back.jpg,Changsha_Part6_pt_58333_right.jpg
Changsha_Part1_pt_1891_left.jpg,Nanchang_Part2_pt_15035_left.jpg
Wuhan_Part2_pt_17768_left.jpg,Wuhan_Part3_pt_39555_front.jpg
Changsha_Part5_pt_40748_left.jpg,Wuhan_Part3_pt_32090_front.jpg
Nanchang_Part1_pt_1625_left.jpg,Wuhan_Part3_pt_33527_left.jpg
Wuhan_Part3_pt_31296_left.jpg,Wuhan_Part3_pt_36397_front.jpg
Changsha_Part1_pt_2989_right.jpg,Changsha_Part5_pt_40387_left.jpg
Nanchang_Part1_pt_5769_left.jpg,Nanchang_Part1_pt_6314_left.jpg
Nanchang_Part1_pt_9861_left.jpg,Wuhan_Part1_pt_7963_left.jpg
Changsha_Part2_pt_16405_front.jpg,Changsha_Part4_pt_33640_back.jpg
Changsha_Part1_pt_15_right.jpg,Wuhan_Part2_pt_15743_front.jpg
Wuhan_Part1_pt_4308_right.jpg,Wuhan_Part3_pt_33826_back.jpg
Nanchang_Part2_pt_19667_right.jpg,Wuhan_Part2_pt_26610_left.jpg
Changsha_Part2_pt_16293_front.jpg,Changsha_Part6_pt_56883_right.jpg
Nanchang_Part2_pt_18760_front.jpg,Wuhan_Part1_pt_10052_front.jpg
Nanchang_Part3_pt_30388_left.jpg,Wuhan_Part3_pt_35530_front.jpg
Changsha_Part2_pt_16293_front.jpg,Nanchang_Part1_pt_8561_left.jpg
Nanchang_Part1_pt_7647_left.jpg,Nanchang_Part2_pt_19667_right.jpg
Changsha_Part4_pt_35342_back.jpg,Nanchang_Part1_pt_8514_back.jpg
Changsha_Part1_pt_161_front.jpg,Wuhan_Part2_pt_19123_left.jpg
Wuhan_Part2_pt_15743_front.jpg,Wuhan_Part2_pt_18189_back.jpg
Wuhan_Part2_pt_16408_front.jpg,Wuhan_Part3_pt_31541_front.jpg
Nanchang_Part3_pt_28999_right.jpg,Wuhan_Part3_pt_31401_front.jpg
Changsha_Part3_pt_23478_left.jpg,Changsha_Part4_pt_32239_right.jpg
Changsha_Part5_pt_47118_left.jpg,Wuhan_Part2_pt_27578_right.jpg
Changsha_Part4_pt_35342_back.jpg,Wuhan_Part2_pt_22303_back.jpg
Changsha_Part2_pt_15291_front.jpg,Changsha_Part4_pt_34483_front.jpg
Changsha_Part5_pt_41724_left.jpg,Wuhan_Part3_pt_31340_right.jpg
Nanchang_Part3_pt_28929_right.jpg,Wuhan_Part1_pt_5382_right.jpg
Changsha_Part1_pt_161_front.jpg,Nanchang_Part3_pt_27797_left.jpg
Nanchang_Part1_pt_3200_right.jpg,Nanchang_Part1_pt_7076_front.jpg
Changsha_Part1_pt_1232_right.jpg,Changsha_Part3_pt_25941_front.jpg
Changsha_Part3_pt_27913_front.jpg,Wuhan_Part2_pt_20292_back.jpg
Changsha_Part1_pt_2719_front.jpg,Nanchang_Part2_pt_19829_front.jpg
Nanchang_Part1_pt_9718_back.jpg,Nanchang_Part2_pt_15275_front.jpg
Nanchang_Part1_pt_9553_left.jpg,Nanchang_Part3_pt_28758_left.jpg
Changsha_Part1_pt_5333_front.jpg,Nanchang_Part2_pt_18892_right.jpg
Changsha_Part2_pt_12606_right.jpg,Nanchang_Part1_pt_583_right.jpg
Nanchang_Part3_pt_22854_back.jpg,Wuhan_Part2_pt_15743_front.jpg
Wuhan_Part1_pt_10113_back.jpg,Wuhan_Part1_pt_4517_right.jpg
Changsha_Part1_pt_6811_right.jpg,Nanchang_Part3_pt_24725_right.jpg
Changsha_Part4_pt_35840_right.jpg,Nanchang_Part3_pt_28606_back.jpg
Changsha_Part2_pt_16148_front.jpg,Wuhan_Part2_pt_19095_left.jpg
Changsha_Part4_pt_31193_back.jpg,Wuhan_Part1_pt_2525_front.jpg
Changsha_Part4_pt_33808_back.jpg,Changsha_Part6_pt_55376_front.jpg
Changsha_Part6_pt_56075_left.jpg,Nanchang_Part3_pt_31259_front.jpg
Wuhan_Part1_pt_3944_left.jpg,Wuhan_Part2_pt_17768_left.jpg
Wuhan_Part2_pt_17975_right.jpg,Wuhan_Part2_pt_22930_left.jpg
Changsha_Part6_pt_56982_back.jpg,Wuhan_Part2_pt_27578_right.jpg
Changsha_Part2_pt_15992_left.jpg,Changsha_Part6_pt_55472_left.jpg
Changsha_Part2_pt_15746_left.jpg,Changsha_Part5_pt_44078_back.jpg
Changsha_Part2_pt_18318_front.jpg,Wuhan_Part3_pt_33893_front.jpg
Changsha_Part3_pt_29509_left.jpg,Wuhan_Part2_pt_27640_front.jpg
Changsha_Part3_pt_23537_right.jpg,Nanchang_Part2_pt_20227_front.jpg
Changsha_Part1_pt_514_right.jpg,Nanchang_Part1_pt_6424_right.jpg
Nanchang_Part1_pt_6488_left.jpg,Wuhan_Part2_pt_27169_right.jpg
Changsha_Part5_pt_43619_right.jpg,Nanchang_Part3_pt_31228_right.jpg
Changsha_Part6_pt_57264_left.jpg,Wuhan_Part1_pt_2822_right.jpg
Changsha_Part4_pt_30539_back.jpg,Changsha_Part4_pt_33642_left.jpg
Nanchang_Part1_pt_6657_right.jpg,Wuhan_Part3_pt_34158_right.jpg
Changsha_Part2_pt_17223_front.jpg,Nanchang_Part1_pt_3587_right.jpg
Changsha_Part1_pt_3751_left.jpg,Changsha_Part2_pt_10912_left.jpg
Wuhan_Part1_pt_1986_right.jpg,Wuhan_Part2_pt_26610_left.jpg
Nanchang_Part2_pt_12011_left.jpg,Nanchang_Part2_pt_15004_back.jpg
Nanchang_Part1_pt_9756_left.jpg,Nanchang_Part3_pt_31209_left.jpg
Changsha_Part4_pt_31169_back.jpg,Wuhan_Part3_pt_34498_right.jpg
Changsha_Part5_pt_46484_left.jpg,Wuhan_Part1_pt_9527_left.jpg
Changsha_Part1_pt_1669_front.jpg,Changsha_Part1_pt_1891_left.jpg
Changsha_Part4_pt_37192_front.jpg,Changsha_Part5_pt_40221_right.jpg
Changsha_Part4_pt_35244_back.jpg,Nanchang_Part1_pt_3704_front.jpg
Changsha_Part3_pt_25880_right.jpg,Changsha_Part4_pt_35618_back.jpg
Changsha_Part3_pt_20021_front.jpg,Nanchang_Part2_pt_19699_back.jpg
Nanchang_Part1_pt_7051_back.jpg,Wuhan_Part1_pt_3751_right.jpg
Nanchang_Part1_pt_352_back.jpg,Wuhan_Part1_pt_3410_back.jpg
Changsha_Part1_pt_3316_left.jpg,Nanchang_Part3_pt_22580_front.jpg
Nanchang_Part1_pt_8277_front.jpg,Nanchang_Part2_pt_19567_back.jpg
Nanchang_Part1_pt_8924_right.jpg,Wuhan_Part1_pt_417_front.jpg
Changsha_Part1_pt_1295_back.jpg,Changsha_Part2_pt_12086_back.jpg
Changsha_Part4_pt_31888_back.jpg,Nanchang_Part2_pt_15609_left.jpg
Wuhan_Part1_pt_7563_left.jpg,Wuhan_Part3_pt_34168_back.jpg
Changsha_Part2_pt_10270_right.jpg,Nanchang_Part2_pt_19865_right.jpg
Nanchang_Part2_pt_20212_front.jpg,Wuhan_Part1_pt_6893_left.jpg
Changsha_Part3_pt_28571_left.jpg,Wuhan_Part2_pt_19560_back.jpg
Changsha_Part1_pt_1669_front.jpg,Nanchang_Part2_pt_17227_front.jpg
Wuhan_Part3_pt_34977_right.jpg,Wuhan_Part3_pt_36365_left.jpg
Nanchang_Part2_pt_16022_back.jpg,Wuhan_Part3_pt_35274_left.jpg
Changsha_Part2_pt_16040_front.jpg,Nanchang_Part1_pt_9861_left.jpg
Nanchang_Part3_pt_30396_back.jpg,Wuhan_Part3_pt_31541_front.jpg
Changsha_Part6_pt_54006_back.jpg,Nanchang_Part2_pt_13660_front.jpg
Changsha_Part6_pt_56542_left.jpg,Wuhan_Part1_pt_3252_right.jpg
Changsha_Part2_pt_11273_front.jpg,Changsha_Part4_pt_37794_right.jpg
Wuhan_Part3_pt_32763_front.jpg,Wuhan_Part3_pt_34168_back.jpg
Changsha_Part2_pt_10259_back.jpg,Wuhan_Part1_pt_6067_back.jpg
Nanchang_Part3_pt_28976_back.jpg,Wuhan_Part1_pt_415_left.jpg
Wuhan_Part1_pt_7933_front.jpg,Wuhan_Part2_pt_21324_back.jpg
Nanchang_Part1_pt_5261_right.jpg,Nanchang_Part2_pt_18020_back.jpg
Changsha_Part3_pt_23794_back.jpg,Nanchang_Part1_pt_8030_left.jpg
Nanchang_Part2_pt_13403_front.jpg,Wuhan_Part3_pt_31541_front.jpg
Changsha_Part1_pt_3316_left.jpg,Wuhan_Part3_pt_35053_front.jpg
Changsha_Part3_pt_27024_left.jpg,Wuhan_Part2_pt_27640_front.jpg
Nanchang_Part3_pt_24187_right.jpg,Wuhan_Part2_pt_17503_back.jpg
Nanchang_Part1_pt_8094_back.jpg,Nanchang_Part2_pt_15778_front.jpg
Nanchang_Part1_pt_1808_back.jpg,Wuhan_Part1_pt_4084_right.jpg
Changsha_Part4_pt_30092_right.jpg,Wuhan_Part1_pt_6881_front.jpg
Nanchang_Part2_pt_18344_back.jpg,Wuhan_Part3_pt_34296_left.jpg
Changsha_Part1_pt_1891_left.jpg,Wuhan_Part2_pt_18488_front.jpg
Changsha_Part6_pt_52680_left.jpg,Nanchang_Part2_pt_17487_right.jpg
Changsha_Part3_pt_24031_left.jpg,Changsha_Part4_pt_30001_right.jpg
Changsha_Part6_pt_51265_back.jpg,Wuhan_Part2_pt_16215_back.jpg
Nanchang_Part1_pt_5769_left.jpg,Wuhan_Part2_pt_19807_back.jpg
Changsha_Part2_pt_11794_back.jpg,Nanchang_Part2_pt_12674_back.jpg
Changsha_Part1_pt_2719_front.jpg,Changsha_Part5_pt_41513_back.jpg
Changsha_Part6_pt_55982_left.jpg,Nanchang_Part1_pt_9447_front.jpg
Changsha_Part6_pt_56883_right.jpg,Nanchang_Part3_pt_24085_front.jpg
Nanchang_Part1_pt_3587_right.jpg,Nanchang_Part1_pt_5004_back.jpg
Changsha_Part5_pt_44090_right.jpg,Nanchang_Part1_pt_8119_right.jpg
Nanchang_Part1_pt_5539_left.jpg,Wuhan_Part2_pt_17646_front.jpg
Changsha_Part2_pt_15746_left.jpg,Wuhan_Part1_pt_10505_left.jpg
Changsha_Part4_pt_37192_front.jpg,Nanchang_Part3_pt_28863_back.jpg
Changsha_Part5_pt_40666_left.jpg,Nanchang_Part2_pt_17914_back.jpg
Nanchang_Part1_pt_6196_right.jpg,Wuhan_Part1_pt_1902_right.jpg
Wuhan_Part2_pt_18623_left.jpg,Wuhan_Part3_pt_36397_front.jpg
Nanchang_Part2_pt_18020_back.jpg,Wuhan_Part2_pt_23647_right.jpg
Nanchang_Part1_pt_4690_left.jpg,Wuhan_Part2_pt_27578_right.jpg
Nanchang_Part1_pt_289_right.jpg,Wuhan_Part1_pt_5761_right.jpg
Changsha_Part3_pt_26896_front.jpg,Nanchang_Part2_pt_19699_back.jpg
Nanchang_Part1_pt_8094_back.jpg,Wuhan_Part2_pt_27245_left.jpg
Changsha_Part1_pt_4197_right.jpg,Nanchang_Part3_pt_24910_left.jpg
Wuhan_Part2_pt_23318_back.jpg,Wuhan_Part3_pt_42512_back.jpg
Changsha_Part5_pt_43932_front.jpg,Wuhan_Part3_pt_38109_left.jpg
Nanchang_Part1_pt_819_front.jpg,Wuhan_Part2_pt_17364_right.jpg
Nanchang_Part1_pt_4905_front.jpg,Wuhan_Part3_pt_40154_front.jpg
Nanchang_Part1_pt_6088_right.jpg,Wuhan_Part3_pt_40616_front.jpg
Changsha_Part1_pt_5500_front.jpg,Wuhan_Part1_pt_10147_left.jpg
Nanchang_Part2_pt_16595_back.jpg,Wuhan_Part1_pt_10463_left.jpg
Nanchang_Part2_pt_12842_left.jpg,Wuhan_Part3_pt_36397_front.jpg
Changsha_Part2_pt_17728_right.jpg,Wuhan_Part3_pt_34958_front.jpg
Nanchang_Part1_pt_4393_right.jpg,Wuhan_Part2_pt_23555_front.jpg
Changsha_Part5_pt_43834_back.jpg,Nanchang_Part3_pt_29590_left.jpg
Changsha_Part5_pt_46172_left.jpg,Wuhan_Part1_pt_10147_left.jpg
Changsha_Part5_pt_42019_front.jpg,Wuhan_Part2_pt_16017_left.jpg
Changsha_Part1_pt_1380_back.jpg,Wuhan_Part3_pt_40154_front.jpg
Changsha_Part3_pt_27051_back.jpg,Nanchang_Part2_pt_19607_left.jpg
Nanchang_Part1_pt_4393_right.jpg,Wuhan_Part3_pt_33527_left.jpg
Changsha_Part3_pt_29509_left.jpg,Nanchang_Part2_pt_15297_front.jpg
Nanchang_Part1_pt_6529_right.jpg,Nanchang_Part1_pt_8030_left.jpg
Changsha_Part5_pt_42648_left.jpg,Wuhan_Part2_pt_27541_right.jpg
Nanchang_Part1_pt_5607_right.jpg,Wuhan_Part2_pt_17880_right.jpg
Nanchang_Part3_pt_22606_front.jpg,Wuhan_Part1_pt_8504_left.jpg
Changsha_Part5_pt_43473_front.jpg,Wuhan_Part3_pt_40616_front.jpg
Changsha_Part5_pt_41469_front.jpg,Wuhan_Part1_pt_4308_right.jpg
Wuhan_Part1_pt_3588_back.jpg,Wuhan_Part2_pt_23318_back.jpg
Changsha_Part5_pt_43834_back.jpg,Wuhan_Part3_pt_37339_right.jpg
Changsha_Part6_pt_56604_left.jpg,Wuhan_Part1_pt_5970_back.jpg
Changsha_Part6_pt_51615_left.jpg,Nanchang_Part3_pt_22854_back.jpg
Changsha_Part1_pt_2292_left.jpg,Changsha_Part5_pt_42238_left.jpg
Changsha_Part2_pt_11251_left.jpg,Nanchang_Part2_pt_19667_right.jpg
Nanchang_Part2_pt_19567_back.jpg,Nanchang_Part3_pt_28999_right.jpg
Changsha_Part3_pt_27425_back.jpg,Nanchang_Part1_pt_8924_right.jpg
Changsha_Part1_pt_6811_right.jpg,Wuhan_Part1_pt_304_back.jpg
Changsha_Part4_pt_33642_left.jpg,Wuhan_Part1_pt_6287_front.jpg
Changsha_Part1_pt_6399_back.jpg,Changsha_Part2_pt_18295_left.jpg
Nanchang_Part1_pt_8514_back.jpg,Nanchang_Part2_pt_16595_back.jpg
Changsha_Part2_pt_16293_front.jpg,Wuhan_Part1_pt_3527_right.jpg
Nanchang_Part3_pt_23745_front.jpg,Wuhan_Part2_pt_16017_left.jpg
Changsha_Part5_pt_42019_front.jpg,Nanchang_Part2_pt_15760_back.jpg
Nanchang_Part2_pt_12278_front.jpg,Nanchang_Part3_pt_22797_back.jpg
Changsha_Part2_pt_12606_right.jpg,Changsha_Part6_pt_54006_back.jpg
Changsha_Part5_pt_40748_left.jpg,Wuhan_Part3_pt_41577_left.jpg
Wuhan_Part1_pt_192_left.jpg,Wuhan_Part1_pt_4045_front.jpg
Changsha_Part5_pt_43834_back.jpg,Nanchang_Part3_pt_22567_right.jpg
Changsha_Part3_pt_21965_front.jpg,Wuhan_Part2_pt_17364_right.jpg
Changsha_Part4_pt_30066_right.jpg,Nanchang_Part3_pt_30014_left.jpg
Nanchang_Part1_pt_4282_left.jpg,Wuhan_Part2_pt_18623_left.jpg
Nanchang_Part2_pt_13042_front.jpg,Nanchang_Part3_pt_30232_right.jpg
Wuhan_Part1_pt_4084_right.jpg,Wuhan_Part2_pt_24681_back.jpg
Changsha_Part4_pt_35296_back.jpg,Changsha_Part5_pt_44292_right.jpg
Wuhan_Part1_pt_5213_front.jpg,Wuhan_Part3_pt_34168_back.jpg
Changsha_Part2_pt_12584_right.jpg,Changsha_Part6_pt_51316_left.jpg
Changsha_Part6_pt_51448_right.jpg,Nanchang_Part2_pt_21221_front.jpg
Wuhan_Part1_pt_3224_right.jpg,Wuhan_Part2_pt_15743_front.jpg
Nanchang_Part1_pt_6088_right.jpg,Nanchang_Part3_pt_30158_right.jpg
Wuhan_Part1_pt_8915_front.jpg,Wuhan_Part3_pt_41577_left.jpg
Nanchang_Part1_pt_6044_right.jpg,Wuhan_Part3_pt_34977_right.jpg
Nanchang_Part2_pt_12616_left.jpg,Nanchang_Part2_pt_20647_front.jpg
Changsha_Part6_pt_55472_left.jpg,Wuhan_Part3_pt_35071_back.jpg
Nanchang_Part3_pt_28758_left.jpg,Wuhan_Part2_pt_26906_back.jpg
Changsha_Part4_pt_32239_right.jpg,Wuhan_Part3_pt_34296_left.jpg
Changsha_Part2_pt_12327_right.jpg,Wuhan_Part3_pt_35558_front.jpg
Changsha_Part3_pt_24252_front.jpg,Wuhan_Part1_pt_7817_back.jpg
Wuhan_Part1_pt_10147_left.jpg,Wuhan_Part3_pt_32112_back.jpg
Changsha_Part4_pt_36721_back.jpg,Nanchang_Part2_pt_11378_left.jpg
Nanchang_Part2_pt_12631_right.jpg,Wuhan_Part3_pt_42177_front.jpg
Wuhan_Part2_pt_22387_back.jpg,Wuhan_Part2_pt_24484_front.jpg
Wuhan_Part2_pt_20088_front.jpg,Wuhan_Part2_pt_27245_left.jpg
Nanchang_Part3_pt_29934_back.jpg,Wuhan_Part2_pt_21679_front.jpg
Wuhan_Part3_pt_37558_back.jpg,Wuhan_Part3_pt_39523_left.jpg
Changsha_Part1_pt_4607_front.jpg,Wuhan_Part2_pt_16645_left.jpg
Nanchang_Part3_pt_23502_front.jpg,Wuhan_Part2_pt_23091_left.jpg
Changsha_Part4_pt_36485_right.jpg,Nanchang_Part3_pt_31460_front.jpg
Wuhan_Part1_pt_1482_front.jpg,Wuhan_Part2_pt_26156_back.jpg
Wuhan_Part1_pt_4308_right.jpg,Wuhan_Part2_pt_19596_left.jpg
Nanchang_Part3_pt_28546_back.jpg,Wuhan_Part1_pt_4517_right.jpg
Nanchang_Part2_pt_14656_left.jpg,Nanchang_Part2_pt_20028_right.jpg
Nanchang_Part2_pt_15609_left.jpg,Nanchang_Part2_pt_20028_right.jpg
Changsha_Part6_pt_58557_front.jpg,Wuhan_Part2_pt_26153_back.jpg
Changsha_Part2_pt_10435_back.jpg,Wuhan_Part1_pt_8504_left.jpg
Wuhan_Part1_pt_7963_left.jpg,Wuhan_Part2_pt_27169_right.jpg
Changsha_Part6_pt_54018_back.jpg,Wuhan_Part1_pt_1482_front.jpg
Nanchang_Part1_pt_5539_left.jpg,Nanchang_Part1_pt_9741_back.jpg
Nanchang_Part1_pt_7681_right.jpg,Nanchang_Part3_pt_31125_front.jpg
Nanchang_Part3_pt_30858_front.jpg,Wuhan_Part2_pt_26001_left.jpg
Changsha_Part3_pt_28099_left.jpg,Nanchang_Part2_pt_19829_front.jpg
Changsha_Part2_pt_12327_right.jpg,Changsha_Part3_pt_23134_left.jpg
Changsha_Part1_pt_1232_right.jpg,Nanchang_Part1_pt_635_left.jpg
Changsha_Part1_pt_4988_front.jpg,Wuhan_Part2_pt_21945_left.jpg
Changsha_Part4_pt_31374_back.jpg,Wuhan_Part2_pt_26668_front.jpg
Nanchang_Part2_pt_13933_right.jpg,Wuhan_Part1_pt_740_right.jpg
Changsha_Part1_pt_5333_front.jpg,Wuhan_Part3_pt_35053_front.jpg
Changsha_Part4_pt_30001_right.jpg,Changsha_Part6_pt_51615_left.jpg
Nanchang_Part2_pt_20275_back.jpg,Wuhan_Part1_pt_2740_right.jpg
Changsha_Part4_pt_36807_right.jpg,Changsha_Part6_pt_55322_right.jpg
Nanchang_Part1_pt_5386_front.jpg,Nanchang_Part2_pt_15004_back.jpg
Changsha_Part3_pt_27913_front.jpg,Changsha_Part6_pt_57072_right.jpg
Changsha_Part3_pt_20028_left.jpg,Changsha_Part4_pt_36485_right.jpg
Changsha_Part3_pt_24106_left.jpg,Changsha_Part6_pt_55018_front.jpg
Changsha_Part3_pt_28723_left.jpg,Nanchang_Part3_pt_27075_left.jpg
Wuhan_Part1_pt_67_right.jpg,Wuhan_Part3_pt_39523_left.jpg
Changsha_Part6_pt_51615_left.jpg,Wuhan_Part1_pt_6893_left.jpg
Changsha_Part1_pt_1016_back.jpg,Changsha_Part6_pt_51757_front.jpg
Changsha_Part4_pt_32401_back.jpg,Wuhan_Part1_pt_3269_right.jpg
Changsha_Part6_pt_58557_front.jpg,Wuhan_Part2_pt_15743_front.jpg
Nanchang_Part3_pt_22661_left.jpg,Wuhan_Part1_pt_7856_right.jpg
Changsha_Part3_pt_27051_back.jpg,Changsha_Part5_pt_46396_left.jpg
Changsha_Part6_pt_57264_left.jpg,Nanchang_Part1_pt_4690_left.jpg
Nanchang_Part2_pt_13933_right.jpg,Wuhan_Part1_pt_2084_front.jpg
Changsha_Part3_pt_23794_back.jpg,Nanchang_Part2_pt_18045_right.jpg
Changsha_Part3_pt_25710_left.jpg,Changsha_Part5_pt_44916_back.jpg
Changsha_Part5_pt_41863_front.jpg,Wuhan_Part3_pt_40845_back.jpg
Changsha_Part4_pt_30968_back.jpg,Wuhan_Part2_pt_23692_front.jpg
Changsha_Part3_pt_23813_front.jpg,Changsha_Part3_pt_23973_right.jpg
Nanchang_Part3_pt_22824_back.jpg,Wuhan_Part1_pt_6287_front.jpg
Changsha_Part3_pt_24031_left.jpg,Nanchang_Part1_pt_9756_left.jpg
Nanchang_Part1_pt_8871_right.jpg,Wuhan_Part3_pt_37084_back.jpg
Wuhan_Part2_pt_22387_back.jpg,Wuhan_Part3_pt_40759_front.jpg
Changsha_Part2_pt_17493_back.jpg,Changsha_Part3_pt_23970_right.jpg
Changsha_Part2_pt_17980_right.jpg,Wuhan_Part3_pt_42177_front.jpg
Wuhan_Part2_pt_20584_back.jpg,Wuhan_Part2_pt_24058_left.jpg
Changsha_Part3_pt_27625_back.jpg,Changsha_Part5_pt_40666_left.jpg
Nanchang_Part3_pt_24725_right.jpg,Wuhan_Part1_pt_8570_right.jpg
Nanchang_Part2_pt_12929_right.jpg,Wuhan_Part3_pt_40154_front.jpg
Nanchang_Part3_pt_28863_back.jpg,Wuhan_Part2_pt_22062_back.jpg
Changsha_Part5_pt_44916_back.jpg,Nanchang_Part3_pt_27797_left.jpg
Nanchang_Part2_pt_12789_front.jpg,Nanchang_Part3_pt_30674_left.jpg
Changsha_Part1_pt_5997_right.jpg,Wuhan_Part1_pt_1128_front.jpg
Nanchang_Part2_pt_16158_back.jpg,Nanchang_Part3_pt_29149_back.jpg
Nanchang_Part2_pt_18760_front.jpg,Wuhan_Part3_pt_40845_back.jpg
Changsha_Part6_pt_50548_right.jpg,Wuhan_Part3_pt_34980_back.jpg
Changsha_Part3_pt_21965_front.jpg,Wuhan_Part1_pt_7227_left.jpg
Nanchang_Part1_pt_6314_left.jpg,Nanchang_Part2_pt_12581_left.jpg
Nanchang_Part1_pt_4393_right.jpg,Nanchang_Part2_pt_14839_right.jpg
Changsha_Part5_pt_46396_left.jpg,Nanchang_Part2_pt_17985_back.jpg
Changsha_Part5_pt_40625_left.jpg,Nanchang_Part3_pt_28758_left.jpg
Nanchang_Part1_pt_6424_right.jpg,Nanchang_Part2_pt_13614_left.jpg
Nanchang_Part3_pt_27202_right.jpg,Wuhan_Part2_pt_23378_front.jpg
Nanchang_Part1_pt_6745_front.jpg,Wuhan_Part1_pt_2293_right.jpg
Changsha_Part5_pt_43557_back.jpg,Nanchang_Part1_pt_5661_front.jpg
Changsha_Part1_pt_15_right.jpg,Changsha_Part5_pt_45542_back.jpg
Changsha_Part1_pt_15_right.jpg,Changsha_Part2_pt_16405_front.jpg
Nanchang_Part2_pt_19795_right.jpg,Nanchang_Part3_pt_31302_front.jpg
Changsha_Part2_pt_15281_back.jpg,Nanchang_Part2_pt_17985_back.jpg
Changsha_Part3_pt_29647_left.jpg,Wuhan_Part2_pt_21352_right.jpg
Changsha_Part3_pt_21634_right.jpg,Nanchang_Part1_pt_583_right.jpg
Changsha_Part6_pt_55472_left.jpg,Wuhan_Part3_pt_35384_right.jpg
Changsha_Part3_pt_25736_left.jpg,Nanchang_Part3_pt_30271_left.jpg
Wuhan_Part1_pt_5213_front.jpg,Wuhan_Part3_pt_40957_left.jpg
Wuhan_Part1_pt_2054_right.jpg,Wuhan_Part3_pt_31401_front.jpg
Changsha_Part6_pt_55670_back.jpg,Nanchang_Part2_pt_18879_back.jpg
Nanchang_Part2_pt_14656_left.jpg,Wuhan_Part3_pt_32877_back.jpg
Changsha_Part2_pt_17959_left.jpg,Nanchang_Part2_pt_19349_back.jpg
Changsha_Part1_pt_1907_left.jpg,Wuhan_Part2_pt_16017_left.jpg
Nanchang_Part1_pt_944_back.jpg,Nanchang_Part2_pt_11628_front.jpg
Changsha_Part2_pt_11524_front.jpg,Wuhan_Part3_pt_40616_front.jpg
Changsha_Part6_pt_56075_left.jpg,Wuhan_Part2_pt_22062_back.jpg
Wuhan_Part1_pt_5970_back.jpg,Wuhan_Part2_pt_21324_back.jpg
Nanchang_Part2_pt_17487_right.jpg,Wuhan_Part3_pt_39555_front.jpg
Nanchang_Part3_pt_28546_back.jpg,Nanchang_Part3_pt_32938_left.jpg
Changsha_Part5_pt_42648_left.jpg,Wuhan_Part1_pt_4667_right.jpg
Changsha_Part2_pt_18295_left.jpg,Wuhan_Part2_pt_23555_front.jpg
Changsha_Part4_pt_31904_front.jpg,Wuhan_Part2_pt_17765_front.jpg
Nanchang_Part1_pt_8119_right.jpg,Wuhan_Part2_pt_27439_front.jpg
Nanchang_Part3_pt_23502_front.jpg,Wuhan_Part3_pt_41887_right.jpg
Changsha_Part6_pt_50346_back.jpg,Wuhan_Part2_pt_16017_left.jpg
Changsha_Part3_pt_28715_left.jpg,Wuhan_Part1_pt_3843_back.jpg
Changsha_Part3_pt_26037_left.jpg,Nanchang_Part1_pt_3285_left.jpg
Changsha_Part5_pt_42238_left.jpg,Wuhan_Part1_pt_7563_left.jpg
Nanchang_Part3_pt_22567_right.jpg,Wuhan_Part2_pt_20482_right.jpg
Changsha_Part2_pt_12584_right.jpg,Wuhan_Part1_pt_7563_left.jpg
Changsha_Part3_pt_24031_left.jpg,Changsha_Part3_pt_26037_left.jpg
Nanchang_Part2_pt_19667_right.jpg,Wuhan_Part1_pt_2445_back.jpg
Nanchang_Part2_pt_16007_left.jpg,Wuhan_Part1_pt_1437_back.jpg
Changsha_Part1_pt_1295_back.jpg,Wuhan_Part2_pt_24304_front.jpg
Nanchang_Part3_pt_27189_left.jpg,Wuhan_Part2_pt_23928_back.jpg
Nanchang_Part2_pt_12654_back.jpg,Wuhan_Part3_pt_34168_back.jpg
Changsha_Part2_pt_16148_front.jpg,Nanchang_Part2_pt_13847_back.jpg
Changsha_Part3_pt_25736_left.jpg,Nanchang_Part2_pt_19699_back.jpg
Nanchang_Part2_pt_19036_left.jpg,Wuhan_Part1_pt_3944_left.jpg
Wuhan_Part1_pt_4667_right.jpg,Wuhan_Part2_pt_22062_back.jpg
Nanchang_Part2_pt_11726_back.jpg,Nanchang_Part2_pt_15778_front.jpg
Changsha_Part2_pt_10259_back.jpg,Changsha_Part2_pt_15992_left.jpg
Nanchang_Part1_pt_849_left.jpg,Wuhan_Part3_pt_32877_back.jpg
Nanchang_Part1_pt_3552_left.jpg,Wuhan_Part3_pt_35558_front.jpg
Nanchang_Part1_pt_5486_right.jpg,Wuhan_Part2_pt_19423_right.jpg
Changsha_Part1_pt_4807_left.jpg,Changsha_Part3_pt_23970_right.jpg
Wuhan_Part1_pt_9289_front.jpg,Wuhan_Part3_pt_41887_right.jpg
Changsha_Part1_pt_5266_left.jpg,Nanchang_Part2_pt_17985_back.jpg
Nanchang_Part2_pt_20028_right.jpg,Wuhan_Part2_pt_27296_front.jpg
Changsha_Part5_pt_44035_back.jpg,Changsha_Part6_pt_55670_back.jpg
Changsha_Part4_pt_30092_right.jpg,Nanchang_Part2_pt_18344_back.jpg
Wuhan_Part1_pt_3130_left.jpg,Wuhan_Part3_pt_33409_right.jpg
Nanchang_Part3_pt_22797_back.jpg,Nanchang_Part3_pt_23774_front.jpg
Changsha_Part4_pt_30825_back.jpg,Nanchang_Part1_pt_5261_right.jpg
Nanchang_Part2_pt_12789_front.jpg,Wuhan_Part3_pt_32617_left.jpg
Nanchang_Part1_pt_5261_right.jpg,Wuhan_Part3_pt_41364_right.jpg
Changsha_Part1_pt_1145_right.jpg,Nanchang_Part1_pt_8924_right.jpg
Nanchang_Part2_pt_11680_back.jpg,Wuhan_Part1_pt_2084_front.jpg
Changsha_Part1_pt_425_front.jpg,Changsha_Part2_pt_17980_right.jpg
Changsha_Part6_pt_51615_left.jpg,Wuhan_Part1_pt_7817_back.jpg
Wuhan_Part3_pt_39523_left.jpg,Wuhan_Part3_pt_40845_back.jpg
Changsha_Part2_pt_11251_left.jpg,Wuhan_Part3_pt_40495_left.jpg
Changsha_Part5_pt_46307_front.jpg,Wuhan_Part1_pt_740_right.jpg
Nanchang_Part2_pt_13403_front.jpg,Wuhan_Part3_pt_40972_right.jpg
Changsha_Part6_pt_56604_left.jpg,Nanchang_Part3_pt_31025_left.jpg
Changsha_Part3_pt_25880_right.jpg,Changsha_Part6_pt_57138_back.jpg
Nanchang_Part2_pt_11628_front.jpg,Nanchang_Part2_pt_16333_right.jpg
Wuhan_Part2_pt_17374_back.jpg,Wuhan_Part2_pt_22591_left.jpg
Wuhan_Part2_pt_19144_back.jpg,Wuhan_Part2_pt_26668_front.jpg
Nanchang_Part2_pt_18020_back.jpg,Wuhan_Part3_pt_33451_right.jpg
Changsha_Part6_pt_50277_right.jpg,Nanchang_Part3_pt_31228_right.jpg
Changsha_Part5_pt_46278_left.jpg,Changsha_Part6_pt_57072_right.jpg
Wuhan_Part1_pt_2976_right.jpg,Wuhan_Part2_pt_24300_right.jpg
Changsha_Part2_pt_12004_front.jpg,Changsha_Part5_pt_42757_right.jpg
Nanchang_Part2_pt_19667_right.jpg,Nanchang_Part3_pt_30158_right.jpg
Changsha_Part1_pt_3070_back.jpg,Changsha_Part2_pt_17728_right.jpg
Nanchang_Part1_pt_9724_front.jpg,Nanchang_Part2_pt_13403_front.jpg
Wuhan_Part1_pt_7227_left.jpg,Wuhan_Part1_pt_8424_back.jpg
Nanchang_Part2_pt_12581_left.jpg,Wuhan_Part3_pt_40759_front.jpg
Nanchang_Part1_pt_5004_back.jpg,Nanchang_Part1_pt_7084_front.jpg
Changsha_Part5_pt_43557_back.jpg,Wuhan_Part3_pt_39616_right.jpg
Nanchang_Part2_pt_15023_left.jpg,Wuhan_Part1_pt_5761_right.jpg
Nanchang_Part2_pt_15015_right.jpg,Nanchang_Part2_pt_20259_back.jpg
Changsha_Part3_pt_28715_left.jpg,Wuhan_Part3_pt_35053_front.jpg
Nanchang_Part3_pt_24910_left.jpg,Wuhan_Part1_pt_5958_front.jpg
Nanchang_Part3_pt_29149_back.jpg,Wuhan_Part2_pt_19680_left.jpg
Wuhan_Part1_pt_2740_right.jpg,Wuhan_Part3_pt_34158_right.jpg
Changsha_Part5_pt_43473_front.jpg,Wuhan_Part2_pt_23555_front.jpg
Changsha_Part5_pt_41469_front.jpg,Wuhan_Part2_pt_23928_back.jpg
Changsha_Part2_pt_15992_left.jpg,Wuhan_Part2_pt_19680_left.jpg
Nanchang_Part2_pt_12094_right.jpg,Wuhan_Part2_pt_20584_back.jpg
Changsha_Part5_pt_40748_left.jpg,Wuhan_Part3_pt_34783_left.jpg
Changsha_Part4_pt_33286_left.jpg,Nanchang_Part3_pt_30271_left.jpg
Changsha_Part5_pt_46484_left.jpg,Wuhan_Part2_pt_17975_right.jpg
Changsha_Part6_pt_55322_right.jpg,Nanchang_Part2_pt_15297_front.jpg
Changsha_Part5_pt_44292_right.jpg,Nanchang_Part3_pt_24085_front.jpg
Nanchang_Part3_pt_23059_front.jpg,Nanchang_Part3_pt_30260_right.jpg
Nanchang_Part2_pt_15004_back.jpg,Wuhan_Part1_pt_2445_back.jpg
Changsha_Part6_pt_55138_back.jpg,Wuhan_Part3_pt_37619_left.jpg
Changsha_Part3_pt_26037_left.jpg,Nanchang_Part2_pt_15932_left.jpg
Changsha_Part5_pt_43473_front.jpg,Nanchang_Part1_pt_3802_right.jpg
Changsha_Part2_pt_14409_front.jpg,Changsha_Part3_pt_28636_left.jpg
Wuhan_Part1_pt_4_front.jpg,Wuhan_Part3_pt_39821_left.jpg
Changsha_Part4_pt_30304_front.jpg,Wuhan_Part1_pt_4667_right.jpg
Changsha_Part3_pt_25820_back.jpg,Changsha_Part5_pt_45246_left.jpg
Nanchang_Part2_pt_11716_back.jpg,Nanchang_Part3_pt_28546_back.jpg
Changsha_Part6_pt_55455_right.jpg,Nanchang_Part3_pt_27202_right.jpg
Changsha_Part3_pt_25880_right.jpg,Nanchang_Part1_pt_3587_right.jpg
Nanchang_Part1_pt_3224_left.jpg,Wuhan_Part1_pt_2084_front.jpg
Changsha_Part5_pt_41657_right.jpg,Nanchang_Part3_pt_30388_left.jpg
Nanchang_Part3_pt_30858_front.jpg,Wuhan_Part2_pt_26737_left.jpg
Changsha_Part3_pt_27866_right.jpg,Wuhan_Part1_pt_637_front.jpg
Nanchang_Part1_pt_232_right.jpg,Nanchang_Part2_pt_19795_right.jpg
Nanchang_Part1_pt_5746_back.jpg,Wuhan_Part3_pt_39565_front.jpg
Changsha_Part5_pt_41863_front.jpg,Nanchang_Part3_pt_28929_right.jpg
Nanchang_Part1_pt_2847_front.jpg,Wuhan_Part3_pt_32090_front.jpg
Changsha_Part2_pt_15724_left.jpg,Changsha_Part4_pt_30539_back.jpg
Wuhan_Part3_pt_31833_front.jpg,Wuhan_Part3_pt_41182_back.jpg
Changsha_Part4_pt_35861_left.jpg,Wuhan_Part1_pt_11303_right.jpg
Changsha_Part4_pt_30968_back.jpg,Nanchang_Part2_pt_20647_front.jpg
Nanchang_Part1_pt_256_front.jpg,Nanchang_Part3_pt_30485_front.jpg
Nanchang_Part2_pt_19829_front.jpg,Wuhan_Part1_pt_1937_back.jpg
Nanchang_Part1_pt_9597_right.jpg,Wuhan_Part3_pt_34875_right.jpg
Changsha_Part3_pt_21634_right.jpg,Wuhan_Part3_pt_39319_left.jpg
Changsha_Part1_pt_5737_left.jpg,Wuhan_Part1_pt_6658_right.jpg
Nanchang_Part3_pt_28976_back.jpg,Wuhan_Part1_pt_10147_left.jpg
Changsha_Part3_pt_27866_right.jpg,Changsha_Part3_pt_28099_left.jpg
Changsha_Part5_pt_41255_front.jpg,Nanchang_Part2_pt_19440_front.jpg
Nanchang_Part1_pt_8094_back.jpg,Wuhan_Part2_pt_16180_back.jpg
Changsha_Part5_pt_45246_left.jpg,Changsha_Part6_pt_56075_left.jpg
Wuhan_Part1_pt_2293_right.jpg,Wuhan_Part3_pt_34596_right.jpg
Changsha_Part3_pt_25820_back.jpg,Nanchang_Part3_pt_28758_left.jpg
Wuhan_Part1_pt_415_left.jpg,Wuhan_Part2_pt_27640_front.jpg
Changsha_Part1_pt_5997_right.jpg,Changsha_Part4_pt_36706_left.jpg
Changsha_Part1_pt_1380_back.jpg,Changsha_Part3_pt_27913_front.jpg
Changsha_Part1_pt_1016_back.jpg,Changsha_Part5_pt_41507_front.jpg
Nanchang_Part2_pt_19657_front.jpg,Wuhan_Part2_pt_26404_left.jpg
Nanchang_Part1_pt_1056_front.jpg,Wuhan_Part1_pt_6658_right.jpg
Changsha_Part1_pt_1016_back.jpg,Changsha_Part5_pt_46264_front.jpg
Changsha_Part4_pt_34902_right.jpg,Nanchang_Part1_pt_8391_right.jpg
Changsha_Part4_pt_35551_front.jpg,Nanchang_Part2_pt_20028_right.jpg
Changsha_Part4_pt_32068_right.jpg,Nanchang_Part1_pt_5539_left.jpg
Wuhan_Part1_pt_7817_back.jpg,Wuhan_Part3_pt_42177_front.jpg
Nanchang_Part2_pt_14839_right.jpg,Wuhan_Part1_pt_415_left.jpg
Nanchang_Part1_pt_8561_left.jpg,Nanchang_Part3_pt_27202_right.jpg
Nanchang_Part2_pt_19657_front.jpg,Wuhan_Part3_pt_41235_back.jpg
Changsha_Part4_pt_32436_left.jpg,Nanchang_Part3_pt_28606_back.jpg
Nanchang_Part1_pt_8871_right.jpg,Wuhan_Part3_pt_31296_left.jpg
Changsha_Part2_pt_17493_back.jpg,Nanchang_Part3_pt_22854_back.jpg
Nanchang_Part1_pt_5386_front.jpg,Wuhan_Part3_pt_31778_left.jpg
Changsha_Part2_pt_10912_left.jpg,Changsha_Part5_pt_46119_back.jpg
Changsha_Part5_pt_42695_right.jpg,Nanchang_Part2_pt_11726_front.jpg
Changsha_Part3_pt_26896_front.jpg,Changsha_Part6_pt_57138_back.jpg
Changsha_Part2_pt_18188_back.jpg,Changsha_Part6_pt_54741_back.jpg
Changsha_Part6_pt_56604_left.jpg,Nanchang_Part3_pt_25159_right.jpg
Nanchang_Part1_pt_4893_front.jpg,Wuhan_Part2_pt_26385_left.jpg
Changsha_Part6_pt_51265_back.jpg,Nanchang_Part3_pt_28758_left.jpg
Nanchang_Part1_pt_3170_front.jpg,Nanchang_Part1_pt_9756_left.jpg
Changsha_Part1_pt_3316_left.jpg,Changsha_Part5_pt_42238_left.jpg
Changsha_Part5_pt_41255_front.jpg,Nanchang_Part1_pt_4893_front.jpg
Changsha_Part4_pt_36807_right.jpg,Nanchang_Part1_pt_6008_front.jpg
Nanchang_Part1_pt_1285_back.jpg,Wuhan_Part1_pt_7386_back.jpg
Wuhan_Part3_pt_34066_front.jpg,Wuhan_Part3_pt_38649_right.jpg
Wuhan_Part1_pt_488_left.jpg,Wuhan_Part2_pt_17765_front.jpg
Nanchang_Part1_pt_6748_right.jpg,Nanchang_Part2_pt_20227_front.jpg
Nanchang_Part2_pt_19349_back.jpg,Wuhan_Part1_pt_304_back.jpg
Nanchang_Part3_pt_29404_right.jpg,Wuhan_Part2_pt_27578_right.jpg
Wuhan_Part1_pt_3786_right.jpg,Wuhan_Part1_pt_417_front.jpg
Changsha_Part4_pt_36485_right.jpg,Nanchang_Part1_pt_1285_back.jpg
Nanchang_Part1_pt_3475_right.jpg,Nanchang_Part1_pt_3704_front.jpg
Changsha_Part6_pt_54642_front.jpg,Changsha_Part6_pt_55138_back.jpg
Changsha_Part1_pt_5528_front.jpg,Nanchang_Part3_pt_28758_left.jpg
Wuhan_Part3_pt_33409_right.jpg,Wuhan_Part3_pt_34980_back.jpg
Changsha_Part1_pt_4234_back.jpg,Wuhan_Part3_pt_37558_back.jpg
Changsha_Part5_pt_44916_back.jpg,Wuhan_Part2_pt_26906_back.jpg
Nanchang_Part1_pt_9891_back.jpg,Wuhan_Part3_pt_35204_left.jpg
Wuhan_Part1_pt_10463_left.jpg,Wuhan_Part2_pt_26608_front.jpg
Changsha_Part2_pt_10415_back.jpg,Nanchang_Part3_pt_28977_left.jpg
Changsha_Part5_pt_46278_left.jpg,Nanchang_Part2_pt_12569_back.jpg
Nanchang_Part1_pt_8514_back.jpg,Nanchang_Part2_pt_11442_right.jpg
Changsha_Part3_pt_28034_front.jpg,Changsha_Part6_pt_50548_right.jpg
Nanchang_Part2_pt_15609_left.jpg,Wuhan_Part2_pt_26385_left.jpg
Nanchang_Part2_pt_19349_back.jpg,Wuhan_Part3_pt_37619_left.jpg
Wuhan_Part1_pt_3252_right.jpg,Wuhan_Part2_pt_20086_right.jpg
Wuhan_Part1_pt_6658_right.jpg,Wuhan_Part3_pt_34296_left.jpg
Changsha_Part3_pt_23133_front.jpg,Wuhan_Part2_pt_27578_right.jpg
Changsha_Part5_pt_46396_left.jpg,Wuhan_Part2_pt_21621_front.jpg
Nanchang_Part1_pt_9904_right.jpg,Nanchang_Part3_pt_32422_front.jpg
Nanchang_Part3_pt_30126_left.jpg,Wuhan_Part1_pt_3801_right.jpg
Changsha_Part4_pt_35000_back.jpg,Nanchang_Part1_pt_9718_back.jpg
Nanchang_Part3_pt_25316_back.jpg,Wuhan_Part2_pt_16999_front.jpg
Nanchang_Part1_pt_9144_front.jpg,Wuhan_Part1_pt_415_left.jpg
Changsha_Part6_pt_54018_back.jpg,Wuhan_Part1_pt_7728_back.jpg
Nanchang_Part1_pt_8663_back.jpg,Wuhan_Part1_pt_6067_back.jpg
Nanchang_Part3_pt_22824_back.jpg,Wuhan_Part3_pt_41364_right.jpg
Changsha_Part6_pt_54362_back.jpg,Nanchang_Part1_pt_4061_right.jpg
Changsha_Part6_pt_56883_right.jpg,Nanchang_Part2_pt_17357_right.jpg
Changsha_Part4_pt_31888_back.jpg,Wuhan_Part3_pt_32448_front.jpg
Changsha_Part3_pt_20158_left.jpg,Nanchang_Part3_pt_24406_left.jpg
Changsha_Part6_pt_55376_front.jpg,Wuhan_Part1_pt_735_right.jpg
Nanchang_Part2_pt_12929_right.jpg,Wuhan_Part3_pt_34980_back.jpg
Wuhan_Part1_pt_9396_left.jpg,Wuhan_Part3_pt_33409_right.jpg
Changsha_Part6_pt_51448_right.jpg,Wuhan_Part3_pt_35865_front.jpg
Changsha_Part6_pt_50927_back.jpg,Nanchang_Part2_pt_11378_left.jpg
Changsha_Part4_pt_31604_back.jpg,Changsha_Part5_pt_44090_right.jpg
Changsha_Part3_pt_28604_right.jpg,Nanchang_Part1_pt_2017_front.jpg
Changsha_Part2_pt_11750_front.jpg,Nanchang_Part1_pt_2847_front.jpg
Nanchang_Part1_pt_7515_front.jpg,Nanchang_Part3_pt_31228_right.jpg
Wuhan_Part2_pt_19095_left.jpg,Wuhan_Part3_pt_31769_back.jpg
Changsha_Part6_pt_54034_right.jpg,Wuhan_Part2_pt_20009_front.jpg
Changsha_Part5_pt_46119_back.jpg,Wuhan_Part2_pt_20086_right.jpg
Nanchang_Part2_pt_11716_back.jpg,Wuhan_Part3_pt_41411_front.jpg
Nanchang_Part1_pt_583_right.jpg,Nanchang_Part2_pt_12581_left.jpg
Changsha_Part5_pt_45650_left.jpg,Wuhan_Part3_pt_37619_left.jpg
Nanchang_Part1_pt_9741_back.jpg,Nanchang_Part2_pt_15015_right.jpg
Changsha_Part5_pt_46400_back.jpg,Wuhan_Part2_pt_21324_back.jpg
Changsha_Part3_pt_23274_front.jpg,Wuhan_Part3_pt_32315_left.jpg
Changsha_Part1_pt_1295_back.jpg,Wuhan_Part2_pt_22303_back.jpg
Nanchang_Part1_pt_4282_left.jpg,Wuhan_Part2_pt_20009_front.jpg
Nanchang_Part1_pt_4061_right.jpg,Nanchang_Part1_pt_9741_back.jpg
Nanchang_Part2_pt_12674_back.jpg,Wuhan_Part1_pt_7051_front.jpg
Nanchang_Part2_pt_18719_back.jpg,Wuhan_Part3_pt_32090_front.jpg
Changsha_Part4_pt_30621_back.jpg,Nanchang_Part3_pt_24910_left.jpg
Changsha_Part6_pt_55982_left.jpg,Nanchang_Part1_pt_7515_front.jpg
Nanchang_Part1_pt_3170_front.jpg,Wuhan_Part1_pt_2293_right.jpg
Nanchang_Part2_pt_15932_left.jpg,Nanchang_Part3_pt_31921_back.jpg
Changsha_Part5_pt_41790_right.jpg,Nanchang_Part1_pt_6424_right.jpg
Nanchang_Part1_pt_9718_back.jpg,Nanchang_Part3_pt_25526_front.jpg
Changsha_Part4_pt_31855_back.jpg,Wuhan_Part2_pt_19123_left.jpg
Wuhan_Part1_pt_7728_back.jpg,Wuhan_Part2_pt_23692_front.jpg
Wuhan_Part1_pt_819_front.jpg,Wuhan_Part3_pt_34783_left.jpg
Nanchang_Part2_pt_18879_back.jpg,Wuhan_Part2_pt_27439_front.jpg
Wuhan_Part1_pt_4667_right.jpg,Wuhan_Part3_pt_31960_right.jpg
Changsha_Part3_pt_21735_front.jpg,Wuhan_Part1_pt_2525_front.jpg
Nanchang_Part2_pt_19886_left.jpg,Wuhan_Part2_pt_17221_left.jpg
Changsha_Part1_pt_26_right.jpg,Changsha_Part5_pt_41724_left.jpg
Changsha_Part6_pt_58248_front.jpg,Wuhan_Part1_pt_8504_left.jpg
Changsha_Part2_pt_15724_left.jpg,Nanchang_Part1_pt_944_back.jpg
Nanchang_Part2_pt_11381_back.jpg,Wuhan_Part1_pt_2084_front.jpg
Nanchang_Part1_pt_2614_front.jpg,Wuhan_Part2_pt_20009_front.jpg
Nanchang_Part1_pt_5486_right.jpg,Wuhan_Part3_pt_42177_front.jpg
Changsha_Part2_pt_12004_front.jpg,Wuhan_Part1_pt_2740_right.jpg
Changsha_Part4_pt_31855_back.jpg,Wuhan_Part3_pt_35530_front.jpg
Changsha_Part2_pt_17493_back.jpg,Nanchang_Part1_pt_3985_right.jpg
Changsha_Part1_pt_3751_left.jpg,Wuhan_Part3_pt_34980_back.jpg
Nanchang_Part1_pt_5261_right.jpg,Nanchang_Part1_pt_6657_right.jpg
Changsha_Part3_pt_27866_right.jpg,Nanchang_Part3_pt_31921_back.jpg
Nanchang_Part2_pt_17446_right.jpg,Wuhan_Part3_pt_31340_right.jpg
Nanchang_Part2_pt_12278_front.jpg,Wuhan_Part1_pt_4704_back.jpg
Wuhan_Part3_pt_36409_back.jpg,Wuhan_Part3_pt_41235_back.jpg
Nanchang_Part1_pt_9597_right.jpg,Wuhan_Part3_pt_39565_front.jpg
Changsha_Part2_pt_18188_back.jpg,Nanchang_Part3_pt_28150_front.jpg
Changsha_Part1_pt_5333_front.jpg,Nanchang_Part3_pt_27598_right.jpg
Nanchang_Part1_pt_5386_front.jpg,Nanchang_Part2_pt_17540_front.jpg
Changsha_Part1_pt_3316_left.jpg,Changsha_Part1_pt_5528_front.jpg
Nanchang_Part3_pt_23018_left.jpg,Nanchang_Part3_pt_31676_right.jpg
Nanchang_Part3_pt_31367_back.jpg,Wuhan_Part3_pt_33409_right.jpg
Changsha_Part1_pt_5737_left.jpg,Wuhan_Part3_pt_31769_back.jpg
Changsha_Part5_pt_46172_left.jpg,Wuhan_Part2_pt_19560_back.jpg
Wuhan_Part1_pt_4308_right.jpg,Wuhan_Part1_pt_4704_back.jpg
Changsha_Part3_pt_28755_left.jpg,Changsha_Part5_pt_43932_front.jpg
Changsha_Part2_pt_11251_left.jpg,Wuhan_Part3_pt_32779_right.jpg
Nanchang_Part3_pt_25159_right.jpg,Wuhan_Part1_pt_1904_left.jpg
Nanchang_Part2_pt_15107_right.jpg,Wuhan_Part2_pt_22062_back.jpg
Wuhan_Part2_pt_16180_back.jpg,Wuhan_Part3_pt_31778_left.jpg
Changsha_Part5_pt_45015_right.jpg,Nanchang_Part2_pt_19562_front.jpg
Changsha_Part2_pt_12584_right.jpg,Nanchang_Part1_pt_7681_right.jpg
Changsha_Part2_pt_12959_front.jpg,Nanchang_Part2_pt_19567_back.jpg
Nanchang_Part1_pt_6044_right.jpg,Wuhan_Part1_pt_2330_left.jpg
Wuhan_Part1_pt_3198_front.jpg,Wuhan_Part1_pt_7817_back.jpg
Nanchang_Part1_pt_3386_left.jpg,Nanchang_Part2_pt_20227_front.jpg
Nanchang_Part1_pt_6657_right.jpg,Nanchang_Part2_pt_17914_back.jpg
Wuhan_Part1_pt_7386_back.jpg,Wuhan_Part3_pt_36567_right.jpg
Nanchang_Part2_pt_16284_front.jpg,Wuhan_Part1_pt_5761_right.jpg
Changsha_Part2_pt_17999_left.jpg,Nanchang_Part1_pt_9756_left.jpg
Changsha_Part5_pt_40387_left.jpg,Nanchang_Part2_pt_13876_left.jpg
Nanchang_Part2_pt_18845_front.jpg,Wuhan_Part1_pt_194_left.jpg
Nanchang_Part2_pt_12569_back.jpg,Wuhan_Part2_pt_22387_back.jpg
Changsha_Part3_pt_27625_back.jpg,Wuhan_Part3_pt_40702_back.jpg
Nanchang_Part1_pt_3927_left.jpg,Wuhan_Part1_pt_6287_front.jpg
Changsha_Part6_pt_57264_left.jpg,Wuhan_Part1_pt_5970_back.jpg
Nanchang_Part2_pt_15035_left.jpg,Wuhan_Part2_pt_17125_front.jpg
Nanchang_Part2_pt_12103_back.jpg,Nanchang_Part2_pt_19785_right.jpg
Changsha_Part5_pt_44035_back.jpg,Changsha_Part6_pt_50522_front.jpg
Nanchang_Part1_pt_9781_right.jpg,Wuhan_Part2_pt_18189_back.jpg
Nanchang_Part2_pt_20028_right.jpg,Nanchang_Part3_pt_22886_front.jpg
Changsha_Part3_pt_20021_front.jpg,Changsha_Part6_pt_54034_right.jpg
Changsha_Part2_pt_15281_back.jpg,Nanchang_Part3_pt_32368_right.jpg
Nanchang_Part1_pt_8561_left.jpg,Nanchang_Part3_pt_31125_front.jpg
Changsha_Part6_pt_53756_right.jpg,Nanchang_Part2_pt_19791_left.jpg
Nanchang_Part2_pt_21221_front.jpg,Wuhan_Part3_pt_41495_right.jpg
Changsha_Part2_pt_17688_right.jpg,Changsha_Part5_pt_40221_right.jpg
Nanchang_Part1_pt_1965_back.jpg,Wuhan_Part2_pt_17061_front.jpg
Nanchang_Part3_pt_25159_right.jpg,Wuhan_Part2_pt_20086_right.jpg
Wuhan_Part2_pt_22930_left.jpg,Wuhan_Part2_pt_23555_front.jpg
Changsha_Part6_pt_51628_left.jpg,Wuhan_Part1_pt_3527_right.jpg
Nanchang_Part2_pt_16284_front.jpg,Nanchang_Part3_pt_22580_front.jpg
Wuhan_Part1_pt_2293_right.jpg,Wuhan_Part3_pt_38798_back.jpg
Changsha_Part5_pt_44078_back.jpg,Nanchang_Part3_pt_31302_front.jpg
Changsha_Part4_pt_31888_back.jpg,Changsha_Part6_pt_53887_back.jpg
Changsha_Part6_pt_57250_front.jpg,Nanchang_Part2_pt_20318_right.jpg
Nanchang_Part2_pt_19886_left.jpg,Nanchang_Part3_pt_24187_right.jpg
Nanchang_Part1_pt_279_front.jpg,Wuhan_Part1_pt_4344_back.jpg
Nanchang_Part2_pt_12654_back.jpg,Nanchang_Part2_pt_17983_left.jpg
Changsha_Part3_pt_29721_left.jpg,Wuhan_Part2_pt_26404_left.jpg
Nanchang_Part2_pt_13842_back.jpg,Wuhan_Part2_pt_22303_back.jpg
Changsha_Part1_pt_2308_front.jpg,Changsha_Part3_pt_27866_right.jpg
Wuhan_Part2_pt_22930_left.jpg,Wuhan_Part2_pt_24640_front.jpg
Changsha_Part3_pt_28034_front.jpg,Nanchang_Part3_pt_28606_back.jpg
Nanchang_Part3_pt_30485_front.jpg,Wuhan_Part1_pt_304_back.jpg
Nanchang_Part2_pt_19795_right.jpg,Nanchang_Part3_pt_32938_left.jpg
Changsha_Part4_pt_36040_right.jpg,Changsha_Part5_pt_41199_right.jpg
Changsha_Part1_pt_4172_right.jpg,Wuhan_Part2_pt_25372_right.jpg
Changsha_Part2_pt_10435_back.jpg,Wuhan_Part1_pt_5213_front.jpg
Changsha_Part4_pt_37192_front.jpg,Wuhan_Part3_pt_40495_left.jpg
Nanchang_Part1_pt_2847_front.jpg,Wuhan_Part1_pt_7817_back.jpg
Changsha_Part1_pt_3692_back.jpg,Wuhan_Part2_pt_24010_front.jpg
Changsha_Part3_pt_23973_right.jpg,Nanchang_Part2_pt_19349_back.jpg
Wuhan_Part1_pt_3198_front.jpg,Wuhan_Part3_pt_32877_back.jpg
Changsha_Part4_pt_36040_right.jpg,Nanchang_Part1_pt_4905_front.jpg
Changsha_Part3_pt_27625_back.jpg,Nanchang_Part3_pt_29934_back.jpg
Nanchang_Part1_pt_3200_right.jpg,Nanchang_Part1_pt_9718_back.jpg
Changsha_Part1_pt_4197_right.jpg,Nanchang_Part2_pt_11716_back.jpg
Nanchang_Part2_pt_17581_right.jpg,Wuhan_Part3_pt_43094_back.jpg
Changsha_Part5_pt_43932_front.jpg,Nanchang_Part1_pt_5435_front.jpg
Changsha_Part5_pt_45015_right.jpg,Nanchang_Part3_pt_29149_back.jpg
Changsha_Part4_pt_30001_right.jpg,Nanchang_Part1_pt_3285_left.jpg
Changsha_Part1_pt_6811_right.jpg,Wuhan_Part1_pt_5035_right.jpg
Changsha_Part5_pt_44968_back.jpg,Wuhan_Part2_pt_27439_front.jpg
Changsha_Part2_pt_15291_front.jpg,Nanchang_Part3_pt_27075_left.jpg
Changsha_Part3_pt_27199_left.jpg,Wuhan_Part1_pt_1437_back.jpg
Changsha_Part1_pt_2566_left.jpg,Nanchang_Part2_pt_16158_back.jpg
Nanchang_Part1_pt_5746_back.jpg,Nanchang_Part3_pt_27590_right.jpg
Changsha_Part3_pt_28604_right.jpg,Wuhan_Part3_pt_31340_right.jpg
Changsha_Part1_pt_2292_left.jpg,Changsha_Part2_pt_15746_left.jpg
Changsha_Part4_pt_33542_right.jpg,Wuhan_Part1_pt_3269_right.jpg
Nanchang_Part1_pt_3170_front.jpg,Wuhan_Part1_pt_735_right.jpg
Changsha_Part6_pt_51757_front.jpg,Wuhan_Part2_pt_19609_right.jpg
Changsha_Part5_pt_46119_back.jpg,Wuhan_Part2_pt_20009_front.jpg
Nanchang_Part1_pt_5607_right.jpg,Wuhan_Part2_pt_17646_front.jpg
Changsha_Part5_pt_43438_front.jpg,Wuhan_Part3_pt_34596_right.jpg
Nanchang_Part2_pt_17487_right.jpg,Wuhan_Part1_pt_7227_left.jpg
Changsha_Part2_pt_14371_front.jpg,Nanchang_Part2_pt_11442_right.jpg
Wuhan_Part1_pt_3588_back.jpg,Wuhan_Part3_pt_39555_front.jpg
Nanchang_Part2_pt_19667_right.jpg,Wuhan_Part3_pt_32315_left.jpg
Changsha_Part1_pt_1891_left.jpg,Wuhan_Part2_pt_23928_back.jpg
Wuhan_Part1_pt_5970_back.jpg,Wuhan_Part2_pt_26610_left.jpg
Changsha_Part2_pt_10415_back.jpg,Nanchang_Part3_pt_24189_front.jpg
Changsha_Part6_pt_55322_right.jpg,Wuhan_Part1_pt_1986_right.jpg
Wuhan_Part1_pt_637_front.jpg,Wuhan_Part3_pt_41235_back.jpg
Nanchang_Part2_pt_19562_front.jpg,Wuhan_Part3_pt_42698_back.jpg
Changsha_Part3_pt_24110_front.jpg,Nanchang_Part1_pt_741_left.jpg
Wuhan_Part3_pt_35071_back.jpg,Wuhan_Part3_pt_39616_right.jpg
Changsha_Part6_pt_52484_front.jpg,Nanchang_Part1_pt_352_back.jpg
Changsha_Part1_pt_1230_back.jpg,Nanchang_Part3_pt_29341_back.jpg
Nanchang_Part3_pt_24406_left.jpg,Nanchang_Part3_pt_31125_front.jpg
Changsha_Part1_pt_15_right.jpg,Wuhan_Part1_pt_1482_front.jpg
Nanchang_Part1_pt_3985_right.jpg,Nanchang_Part2_pt_12011_left.jpg
Wuhan_Part2_pt_17765_front.jpg,Wuhan_Part2_pt_17880_right.jpg
Changsha_Part2_pt_12606_right.jpg,Wuhan_Part1_pt_819_front.jpg
Nanchang_Part2_pt_19785_right.jpg,Nanchang_Part2_pt_20259_back.jpg
Changsha_Part5_pt_41199_right.jpg,Nanchang_Part1_pt_5607_right.jpg
Wuhan_Part3_pt_32664_back.jpg,Wuhan_Part3_pt_33157_front.jpg
Changsha_Part4_pt_36706_left.jpg,Wuhan_Part2_pt_18488_front.jpg
Changsha_Part3_pt_23478_left.jpg,Wuhan_Part3_pt_41577_left.jpg
Nanchang_Part1_pt_5033_front.jpg,Nanchang_Part3_pt_32368_right.jpg
Changsha_Part3_pt_26523_front.jpg,Nanchang_Part3_pt_27590_right.jpg
Nanchang_Part2_pt_13847_back.jpg,Wuhan_Part1_pt_9169_left.jpg
Nanchang_Part3_pt_27590_right.jpg,Wuhan_Part1_pt_1437_back.jpg
Changsha_Part3_pt_25941_front.jpg,Wuhan_Part2_pt_23234_front.jpg
Wuhan_Part1_pt_4704_back.jpg,Wuhan_Part2_pt_23241_left.jpg
Changsha_Part4_pt_35000_back.jpg,Wuhan_Part1_pt_10463_left.jpg
Nanchang_Part1_pt_5769_left.jpg,Wuhan_Part3_pt_41577_left.jpg
Changsha_Part3_pt_23537_right.jpg,Wuhan_Part2_pt_26906_back.jpg
Changsha_Part4_pt_31193_back.jpg,Nanchang_Part1_pt_4690_left.jpg
Wuhan_Part2_pt_19264_left.jpg,Wuhan_Part3_pt_40616_front.jpg
Wuhan_Part1_pt_7386_back.jpg,Wuhan_Part1_pt_9922_left.jpg
Wuhan_Part3_pt_32357_right.jpg,Wuhan_Part3_pt_39821_left.jpg
Changsha_Part1_pt_1016_back.jpg,Nanchang_Part1_pt_6424_right.jpg
Nanchang_Part2_pt_18892_right.jpg,Wuhan_Part1_pt_3843_back.jpg
Changsha_Part4_pt_30621_back.jpg,Wuhan_Part3_pt_42188_front.jpg
Changsha_Part5_pt_46092_right.jpg,Wuhan_Part1_pt_3588_back.jpg
Nanchang_Part3_pt_28084_front.jpg,Wuhan_Part1_pt_7827_left.jpg
Nanchang_Part1_pt_583_right.jpg,Nanchang_Part3_pt_32368_right.jpg
Changsha_Part6_pt_58248_front.jpg,Nanchang_Part1_pt_9553_left.jpg
Changsha_Part2_pt_15746_left.jpg,Wuhan_Part2_pt_23555_front.jpg
Changsha_Part1_pt_6811_right.jpg,Changsha_Part4_pt_33642_left.jpg
Wuhan_Part1_pt_11205_right.jpg,Wuhan_Part1_pt_415_left.jpg
Nanchang_Part3_pt_22584_left.jpg,Wuhan_Part2_pt_26521_front.jpg
Wuhan_Part1_pt_5213_front.jpg,Wuhan_Part2_pt_27179_back.jpg
Changsha_Part3_pt_22004_right.jpg,Changsha_Part3_pt_28571_left.jpg
Changsha_Part2_pt_12327_right.jpg,Nanchang_Part2_pt_15275_front.jpg
Changsha_Part6_pt_54018_back.jpg,Wuhan_Part3_pt_34958_front.jpg
Nanchang_Part1_pt_1381_back.jpg,Wuhan_Part1_pt_4_front.jpg
Nanchang_Part2_pt_18045_right.jpg,Nanchang_Part3_pt_24809_front.jpg
Changsha_Part2_pt_11750_front.jpg,Changsha_Part2_pt_15998_back.jpg
Nanchang_Part1_pt_6878_back.jpg,Nanchang_Part2_pt_15107_right.jpg
Wuhan_Part3_pt_36584_back.jpg,Wuhan_Part3_pt_40154_front.jpg
Nanchang_Part2_pt_13847_back.jpg,Wuhan_Part3_pt_36567_right.jpg
Changsha_Part1_pt_4807_left.jpg,Changsha_Part3_pt_24031_left.jpg
Nanchang_Part1_pt_4566_back.jpg,Wuhan_Part1_pt_10463_left.jpg
Changsha_Part6_pt_56542_left.jpg,Wuhan_Part3_pt_41364_right.jpg
Nanchang_Part3_pt_22580_front.jpg,Nanchang_Part3_pt_29590_left.jpg
Wuhan_Part2_pt_26906_back.jpg,Wuhan_Part3_pt_34296_left.jpg
Nanchang_Part2_pt_19699_back.jpg,Nanchang_Part3_pt_23774_front.jpg
Changsha_Part5_pt_43619_right.jpg,Wuhan_Part2_pt_17295_back.jpg
Wuhan_Part1_pt_9169_left.jpg,Wuhan_Part3_pt_36567_right.jpg
Nanchang_Part1_pt_4566_back.jpg,Wuhan_Part1_pt_1053_right.jpg
Changsha_Part2_pt_10259_back.jpg,Wuhan_Part2_pt_21352_right.jpg
Nanchang_Part1_pt_8386_back.jpg,Wuhan_Part1_pt_9442_back.jpg
Wuhan_Part3_pt_40957_left.jpg,Wuhan_Part3_pt_42177_front.jpg
Changsha_Part5_pt_47118_left.jpg,Nanchang_Part2_pt_20259_back.jpg
Nanchang_Part2_pt_15739_front.jpg,Nanchang_Part3_pt_23774_front.jpg
Changsha_Part5_pt_42695_right.jpg,Nanchang_Part3_pt_22661_left.jpg
Nanchang_Part1_pt_4640_back.jpg,Nanchang_Part2_pt_12569_back.jpg
Nanchang_Part2_pt_17540_front.jpg,Wuhan_Part3_pt_40495_left.jpg
Changsha_Part4_pt_32401_back.jpg,Nanchang_Part2_pt_12559_back.jpg
Changsha_Part3_pt_28604_right.jpg,Nanchang_Part2_pt_17077_left.jpg
Changsha_Part1_pt_4234_back.jpg,Nanchang_Part2_pt_19667_right.jpg
Nanchang_Part2_pt_11726_back.jpg,Wuhan_Part1_pt_2330_left.jpg
Nanchang_Part2_pt_19607_left.jpg,Wuhan_Part2_pt_21945_left.jpg
Changsha_Part1_pt_1380_back.jpg,Wuhan_Part3_pt_35530_front.jpg
Nanchang_Part1_pt_9724_front.jpg,Nanchang_Part1_pt_9781_right.jpg
Changsha_Part6_pt_55670_back.jpg,Wuhan_Part2_pt_16017_left.jpg
Nanchang_Part3_pt_30674_left.jpg,Wuhan_Part1_pt_10113_back.jpg
Wuhan_Part1_pt_304_back.jpg,Wuhan_Part3_pt_32664_back.jpg
Nanchang_Part2_pt_14656_left.jpg,Wuhan_Part3_pt_36567_right.jpg
Changsha_Part5_pt_42019_front.jpg,Wuhan_Part2_pt_25372_right.jpg
Nanchang_Part3_pt_30356_back.jpg,Wuhan_Part3_pt_41411_front.jpg
Changsha_Part4_pt_35468_right.jpg,Changsha_Part5_pt_45015_right.jpg
Changsha_Part6_pt_57264_left.jpg,Nanchang_Part1_pt_4179_left.jpg
Changsha_Part2_pt_17590_back.jpg,Nanchang_Part3_pt_31125_front.jpg
Changsha_Part6_pt_53640_right.jpg,Nanchang_Part3_pt_22606_front.jpg
Changsha_Part6_pt_51615_left.jpg,Nanchang_Part3_pt_28977_left.jpg
Nanchang_Part1_pt_1381_back.jpg,Nanchang_Part2_pt_20259_back.jpg
Changsha_Part2_pt_14409_front.jpg,Changsha_Part6_pt_56604_left.jpg
Nanchang_Part3_pt_24910_left.jpg,Wuhan_Part3_pt_31443_right.jpg
Changsha_Part4_pt_31193_back.jpg,Wuhan_Part1_pt_3803_back.jpg
Changsha_Part4_pt_35468_right.jpg,Wuhan_Part3_pt_39616_right.jpg
Changsha_Part5_pt_43438_front.jpg,Nanchang_Part1_pt_3170_front.jpg
Changsha_Part6_pt_56883_right.jpg,Wuhan_Part2_pt_20514_front.jpg
Nanchang_Part1_pt_3985_right.jpg,Nanchang_Part3_pt_29404_right.jpg
Changsha_Part1_pt_5266_left.jpg,Changsha_Part4_pt_33640_back.jpg
Changsha_Part1_pt_4197_right.jpg,Wuhan_Part3_pt_34958_front.jpg
Changsha_Part1_pt_3751_left.jpg,Changsha_Part3_pt_25880_right.jpg
Changsha_Part5_pt_41469_front.jpg,Nanchang_Part1_pt_1965_back.jpg
Changsha_Part5_pt_42757_right.jpg,Wuhan_Part3_pt_36584_back.jpg
Wuhan_Part1_pt_8570_right.jpg,Wuhan_Part2_pt_26404_left.jpg
Nanchang_Part1_pt_5607_right.jpg,Nanchang_Part2_pt_16022_back.jpg
Wuhan_Part2_pt_16215_back.jpg,Wuhan_Part2_pt_17221_left.jpg
Changsha_Part3_pt_25820_back.jpg,Nanchang_Part2_pt_12654_back.jpg
Nanchang_Part1_pt_1285_back.jpg,Nanchang_Part1_pt_6745_front.jpg
Nanchang_Part2_pt_18045_right.jpg,Nanchang_Part3_pt_28863_back.jpg
Nanchang_Part3_pt_24187_right.jpg,Wuhan_Part2_pt_19807_back.jpg
Changsha_Part5_pt_45139_left.jpg,Nanchang_Part1_pt_9861_left.jpg
Changsha_Part4_pt_30092_right.jpg,Nanchang_Part3_pt_24124_back.jpg
Wuhan_Part2_pt_26156_back.jpg,Wuhan_Part3_pt_42698_back.jpg
Wuhan_Part1_pt_8570_right.jpg,Wuhan_Part3_pt_33399_back.jpg
Wuhan_Part2_pt_17646_front.jpg,Wuhan_Part3_pt_39616_right.jpg
Changsha_Part3_pt_21735_front.jpg,Wuhan_Part1_pt_4831_front.jpg
Nanchang_Part1_pt_583_right.jpg,Wuhan_Part2_pt_19264_left.jpg
Changsha_Part3_pt_27625_back.jpg,Wuhan_Part1_pt_3588_back.jpg
Changsha_Part2_pt_12327_right.jpg,Nanchang_Part3_pt_29116_left.jpg
Changsha_Part4_pt_37794_right.jpg,Wuhan_Part2_pt_21945_left.jpg
Changsha_Part5_pt_41786_right.jpg,Wuhan_Part2_pt_20086_right.jpg
Changsha_Part3_pt_28636_left.jpg,Wuhan_Part1_pt_4517_right.jpg
Nanchang_Part2_pt_15426_left.jpg,Wuhan_Part1_pt_7963_left.jpg
Changsha_Part1_pt_6399_back.jpg,Changsha_Part3_pt_21873_left.jpg
Changsha_Part4_pt_37845_back.jpg,Nanchang_Part3_pt_31209_left.jpg
Nanchang_Part3_pt_28977_left.jpg,Wuhan_Part2_pt_18553_front.jpg
Wuhan_Part1_pt_8915_front.jpg,Wuhan_Part2_pt_27541_right.jpg
Changsha_Part4_pt_31604_back.jpg,Wuhan_Part3_pt_36397_front.jpg
Changsha_Part2_pt_11251_left.jpg,Changsha_Part5_pt_46172_left.jpg
Changsha_Part5_pt_46119_back.jpg,Wuhan_Part1_pt_2293_right.jpg
Changsha_Part5_pt_41469_front.jpg,Nanchang_Part3_pt_30874_back.jpg
Changsha_Part5_pt_45015_right.jpg,Changsha_Part5_pt_45650_left.jpg
Changsha_Part4_pt_32239_right.jpg,Wuhan_Part2_pt_25372_right.jpg
Nanchang_Part2_pt_15297_front.jpg,Nanchang_Part2_pt_17914_back.jpg
Changsha_Part4_pt_31374_back.jpg,Changsha_Part4_pt_37794_right.jpg
Changsha_Part4_pt_37794_right.jpg,Nanchang_Part2_pt_14057_front.jpg
Nanchang_Part1_pt_1783_left.jpg,Nanchang_Part1_pt_8514_back.jpg
Nanchang_Part3_pt_23774_front.jpg,Wuhan_Part2_pt_22829_back.jpg
Nanchang_Part2_pt_19795_right.jpg,Wuhan_Part2_pt_17061_front.jpg
Changsha_Part2_pt_17778_left.jpg,Wuhan_Part2_pt_25165_front.jpg
Nanchang_Part1_pt_8924_right.jpg,Wuhan_Part2_pt_28088_back.jpg
Nanchang_Part3_pt_30232_right.jpg,Wuhan_Part2_pt_17364_right.jpg
Changsha_Part6_pt_56861_right.jpg,Wuhan_Part2_pt_23318_back.jpg
Changsha_Part1_pt_5500_front.jpg,Wuhan_Part2_pt_21621_front.jpg
Wuhan_Part2_pt_18958_back.jpg,Wuhan_Part2_pt_27245_left.jpg
Nanchang_Part2_pt_16094_left.jpg,Nanchang_Part2_pt_16158_back.jpg
Nanchang_Part2_pt_15023_left.jpg,Wuhan_Part3_pt_33893_front.jpg
Changsha_Part3_pt_29509_left.jpg,Nanchang_Part3_pt_27202_right.jpg
Wuhan_Part2_pt_17975_right.jpg,Wuhan_Part2_pt_23234_front.jpg
Changsha_Part1_pt_6050_right.jpg,Wuhan_Part2_pt_27296_front.jpg
Nanchang_Part2_pt_19785_right.jpg,Wuhan_Part2_pt_19596_left.jpg
Nanchang_Part2_pt_13403_front.jpg,Wuhan_Part1_pt_3562_left.jpg
Changsha_Part1_pt_161_front.jpg,Changsha_Part2_pt_15724_left.jpg
Changsha_Part4_pt_30621_back.jpg,Wuhan_Part2_pt_27179_back.jpg
Changsha_Part3_pt_23970_right.jpg,Changsha_Part4_pt_35244_back.jpg
Changsha_Part4_pt_36040_right.jpg,Nanchang_Part3_pt_27598_right.jpg
Nanchang_Part2_pt_19791_left.jpg,Nanchang_Part3_pt_32938_left.jpg
Changsha_Part3_pt_28723_left.jpg,Nanchang_Part1_pt_9447_front.jpg
Changsha_Part2_pt_17223_front.jpg,Nanchang_Part3_pt_22580_front.jpg
Changsha_Part2_pt_16277_right.jpg,Nanchang_Part1_pt_4566_back.jpg
Changsha_Part3_pt_23537_right.jpg,Nanchang_Part1_pt_1381_back.jpg
Changsha_Part4_pt_35000_back.jpg,Wuhan_Part3_pt_34980_back.jpg
Wuhan_Part2_pt_17768_left.jpg,Wuhan_Part3_pt_38433_back.jpg
Nanchang_Part1_pt_4282_left.jpg,Wuhan_Part2_pt_21516_back.jpg
Nanchang_Part3_pt_32364_left.jpg,Wuhan_Part3_pt_38433_back.jpg
Wuhan_Part3_pt_32554_left.jpg,Wuhan_Part3_pt_35384_right.jpg
Nanchang_Part3_pt_25159_right.jpg,Nanchang_Part3_pt_30396_back.jpg
Changsha_Part1_pt_3751_left.jpg,Nanchang_Part1_pt_9655_left.jpg
Changsha_Part6_pt_53756_right.jpg,Wuhan_Part1_pt_4517_right.jpg
Nanchang_Part3_pt_23018_left.jpg,Wuhan_Part3_pt_38109_left.jpg
Wuhan_Part1_pt_10463_left.jpg,Wuhan_Part3_pt_35865_front.jpg
Nanchang_Part1_pt_3552_left.jpg,Nanchang_Part3_pt_23018_left.jpg
Nanchang_Part3_pt_27075_left.jpg,Nanchang_Part3_pt_30396_back.jpg
Nanchang_Part2_pt_19667_right.jpg,Wuhan_Part1_pt_4704_back.jpg
Wuhan_Part2_pt_27578_right.jpg,Wuhan_Part3_pt_31389_right.jpg
Nanchang_Part1_pt_5539_left.jpg,Nanchang_Part2_pt_15035_right.jpg
Changsha_Part3_pt_21965_front.jpg,Wuhan_Part2_pt_20086_right.jpg
Wuhan_Part1_pt_4510_front.jpg,Wuhan_Part3_pt_41887_right.jpg
Changsha_Part1_pt_425_front.jpg,Changsha_Part6_pt_57072_right.jpg
Nanchang_Part1_pt_5077_left.jpg,Nanchang_Part1_pt_819_front.jpg
Changsha_Part1_pt_1380_back.jpg,Nanchang_Part3_pt_28999_right.jpg
Changsha_Part5_pt_47118_left.jpg,Wuhan_Part1_pt_192_left.jpg
Changsha_Part2_pt_14874_left.jpg,Nanchang_Part1_pt_289_right.jpg
Changsha_Part1_pt_26_right.jpg,Nanchang_Part3_pt_30126_left.jpg
Changsha_Part6_pt_55312_back.jpg,Wuhan_Part2_pt_19095_left.jpg
Nanchang_Part1_pt_8119_right.jpg,Nanchang_Part2_pt_16929_back.jpg
Changsha_Part5_pt_41507_front.jpg,Wuhan_Part2_pt_17329_front.jpg
Changsha_Part4_pt_36706_left.jpg,Wuhan_Part2_pt_27296_front.jpg
Changsha_Part6_pt_55312_back.jpg,Wuhan_Part3_pt_33826_back.jpg
Changsha_Part6_pt_57362_right.jpg,Wuhan_Part3_pt_39555_front.jpg
Nanchang_Part1_pt_1827_left.jpg,Nanchang_Part2_pt_21221_front.jpg
Nanchang_Part2_pt_12581_left.jpg,Wuhan_Part2_pt_19264_left.jpg
Nanchang_Part2_pt_15932_left.jpg,Nanchang_Part2_pt_18736_back.jpg
Changsha_Part1_pt_1016_back.jpg,Nanchang_Part2_pt_19785_right.jpg
Changsha_Part3_pt_21735_front.jpg,Wuhan_Part1_pt_6778_back.jpg
Changsha_Part2_pt_14371_front.jpg,Nanchang_Part2_pt_12616_left.jpg
Changsha_Part3_pt_21873_left.jpg,Nanchang_Part3_pt_30126_left.jpg
Changsha_Part6_pt_56883_right.jpg,Wuhan_Part1_pt_9289_front.jpg
Wuhan_Part1_pt_3527_right.jpg,Wuhan_Part3_pt_32090_front.jpg
Changsha_Part2_pt_16277_right.jpg,Wuhan_Part1_pt_8504_left.jpg
Changsha_Part6_pt_53887_back.jpg,Nanchang_Part2_pt_15426_left.jpg
Nanchang_Part1_pt_352_back.jpg,Wuhan_Part3_pt_36584_back.jpg
Wuhan_Part2_pt_15630_left.jpg,Wuhan_Part2_pt_19592_back.jpg
Nanchang_Part3_pt_28522_right.jpg,Wuhan_Part1_pt_1128_front.jpg
Changsha_Part3_pt_26523_front.jpg,Changsha_Part6_pt_54006_back.jpg
Changsha_Part1_pt_1016_back.jpg,Wuhan_Part1_pt_1398_left.jpg
Wuhan_Part1_pt_5970_back.jpg,Wuhan_Part3_pt_34783_left.jpg
Changsha_Part4_pt_31604_back.jpg,Wuhan_Part3_pt_32315_left.jpg
Nanchang_Part2_pt_15023_left.jpg,Wuhan_Part3_pt_31389_right.jpg
Changsha_Part5_pt_45650_left.jpg,Nanchang_Part2_pt_13845_right.jpg
Nanchang_Part1_pt_6088_right.jpg,Nanchang_Part2_pt_15275_front.jpg
Changsha_Part6_pt_50346_back.jpg,Nanchang_Part1_pt_741_left.jpg
Changsha_Part1_pt_1669_front.jpg,Wuhan_Part2_pt_20292_back.jpg
Changsha_Part3_pt_20028_left.jpg,Changsha_Part5_pt_44803_left.jpg
Changsha_Part2_pt_15281_back.jpg,Nanchang_Part3_pt_28150_front.jpg
Nanchang_Part1_pt_8510_back.jpg,Wuhan_Part2_pt_19560_back.jpg
Changsha_Part6_pt_58333_right.jpg,Wuhan_Part2_pt_26156_back.jpg
Changsha_Part6_pt_53640_right.jpg,Nanchang_Part3_pt_31676_right.jpg
Nanchang_Part3_pt_28758_left.jpg,Wuhan_Part1_pt_4667_right.jpg
Changsha_Part1_pt_2566_left.jpg,Nanchang_Part3_pt_32368_right.jpg
Nanchang_Part3_pt_28546_back.jpg,Wuhan_Part2_pt_21324_back.jpg
Changsha_Part6_pt_53756_right.jpg,Wuhan_Part3_pt_34958_front.jpg
Changsha_Part2_pt_16040_front.jpg,Changsha_Part6_pt_54642_front.jpg
Changsha_Part2_pt_17493_back.jpg,Wuhan_Part3_pt_36915_front.jpg
Changsha_Part4_pt_32239_right.jpg,Nanchang_Part1_pt_9724_front.jpg
Nanchang_Part1_pt_7979_right.jpg,Wuhan_Part3_pt_41495_right.jpg
Changsha_Part3_pt_28715_left.jpg,Changsha_Part6_pt_51265_back.jpg
Changsha_Part3_pt_25736_left.jpg,Changsha_Part5_pt_43473_front.jpg
Changsha_Part3_pt_28636_left.jpg,Changsha_Part4_pt_34587_back.jpg
Changsha_Part6_pt_51193_back.jpg,Wuhan_Part1_pt_9922_left.jpg
Changsha_Part5_pt_44035_back.jpg,Wuhan_Part2_pt_22093_right.jpg
Nanchang_Part1_pt_352_back.jpg,Nanchang_Part3_pt_24406_left.jpg
Changsha_Part6_pt_56883_right.jpg,Nanchang_Part1_pt_8119_right.jpg
Changsha_Part2_pt_11325_left.jpg,Nanchang_Part2_pt_12674_back.jpg
Changsha_Part5_pt_42756_right.jpg,Nanchang_Part2_pt_12616_left.jpg
Nanchang_Part2_pt_12496_front.jpg,Wuhan_Part1_pt_2445_back.jpg
Changsha_Part2_pt_13683_back.jpg,Wuhan_Part3_pt_36397_front.jpg
Changsha_Part4_pt_35179_front.jpg,Wuhan_Part1_pt_5382_right.jpg
Nanchang_Part1_pt_8386_back.jpg,Wuhan_Part1_pt_735_right.jpg
Nanchang_Part3_pt_30485_front.jpg,Wuhan_Part3_pt_36915_front.jpg
Nanchang_Part1_pt_9330_right.jpg,Nanchang_Part1_pt_9599_back.jpg
Nanchang_Part3_pt_30742_back.jpg,Wuhan_Part3_pt_41577_left.jpg
Changsha_Part2_pt_15853_right.jpg,Nanchang_Part2_pt_11726_front.jpg
Nanchang_Part3_pt_24910_left.jpg,Wuhan_Part1_pt_7153_right.jpg
Nanchang_Part2_pt_19865_right.jpg,Wuhan_Part3_pt_41182_back.jpg
Nanchang_Part3_pt_27082_back.jpg,Wuhan_Part2_pt_27245_left.jpg
Changsha_Part2_pt_17959_left.jpg,Nanchang_Part2_pt_12789_front.jpg
Nanchang_Part3_pt_22854_back.jpg,Wuhan_Part3_pt_34980_back.jpg
Changsha_Part3_pt_27024_left.jpg,Wuhan_Part2_pt_17503_back.jpg
Changsha_Part5_pt_47450_back.jpg,Wuhan_Part2_pt_19095_left.jpg
Wuhan_Part2_pt_16284_back.jpg,Wuhan_Part3_pt_38615_right.jpg
Nanchang_Part3_pt_22854_back.jpg,Wuhan_Part2_pt_24353_right.jpg
Changsha_Part6_pt_50522_front.jpg,Wuhan_Part3_pt_35865_front.jpg
Nanchang_Part1_pt_5435_front.jpg,Nanchang_Part1_pt_944_back.jpg
Nanchang_Part1_pt_5435_front.jpg,Nanchang_Part3_pt_24187_right.jpg
Wuhan_Part1_pt_735_right.jpg,Wuhan_Part3_pt_31389_right.jpg
Changsha_Part1_pt_1376_left.jpg,Nanchang_Part1_pt_3587_right.jpg
Nanchang_Part3_pt_29404_right.jpg,Nanchang_Part3_pt_30014_left.jpg
Nanchang_Part2_pt_12094_right.jpg,Wuhan_Part1_pt_2976_right.jpg
Nanchang_Part1_pt_7084_front.jpg,Wuhan_Part2_pt_27179_back.jpg
Nanchang_Part3_pt_29590_left.jpg,Wuhan_Part2_pt_16284_back.jpg
Changsha_Part5_pt_41469_front.jpg,Changsha_Part6_pt_54034_right.jpg
Nanchang_Part1_pt_7681_right.jpg,Wuhan_Part2_pt_23318_back.jpg
Nanchang_Part2_pt_13845_right.jpg,Wuhan_Part3_pt_34958_front.jpg
Nanchang_Part2_pt_15812_left.jpg,Wuhan_Part1_pt_6604_left.jpg
Nanchang_Part1_pt_5486_right.jpg,Wuhan_Part2_pt_24058_left.jpg
Changsha_Part5_pt_44916_back.jpg,Nanchang_Part3_pt_29590_left.jpg
Nanchang_Part1_pt_3587_right.jpg,Nanchang_Part1_pt_583_right.jpg
Changsha_Part4_pt_31374_back.jpg,Nanchang_Part1_pt_7515_front.jpg
Changsha_Part2_pt_12004_front.jpg,Changsha_Part5_pt_46092_right.jpg
Nanchang_Part2_pt_11726_front.jpg,Wuhan_Part3_pt_38798_back.jpg
Nanchang_Part1_pt_9724_front.jpg,Nanchang_Part3_pt_30874_back.jpg
Nanchang_Part2_pt_12631_right.jpg,Wuhan_Part1_pt_3410_back.jpg
Changsha_Part4_pt_36807_right.jpg,Wuhan_Part2_pt_26153_back.jpg
Nanchang_Part1_pt_3229_left.jpg,Wuhan_Part3_pt_35275_back.jpg
Nanchang_Part1_pt_3704_front.jpg,Nanchang_Part1_pt_4729_left.jpg
Nanchang_Part3_pt_29934_back.jpg,Wuhan_Part3_pt_31389_right.jpg
Changsha_Part5_pt_43619_right.jpg,Wuhan_Part1_pt_3588_back.jpg
Changsha_Part2_pt_11524_front.jpg,Nanchang_Part1_pt_256_front.jpg
Nanchang_Part2_pt_18344_back.jpg,Wuhan_Part2_pt_22591_left.jpg
Nanchang_Part1_pt_4690_left.jpg,Wuhan_Part2_pt_16999_front.jpg
Nanchang_Part1_pt_1808_back.jpg,Wuhan_Part2_pt_24010_front.jpg
Changsha_Part3_pt_21618_front.jpg,Wuhan_Part1_pt_10052_front.jpg
Changsha_Part5_pt_43473_front.jpg,Nanchang_Part3_pt_29404_right.jpg
Changsha_Part4_pt_36706_left.jpg,Wuhan_Part2_pt_26153_back.jpg
Nanchang_Part3_pt_25526_front.jpg,Wuhan_Part3_pt_36781_right.jpg
Wuhan_Part1_pt_304_back.jpg,Wuhan_Part2_pt_24058_left.jpg
Wuhan_Part2_pt_22110_left.jpg,Wuhan_Part2_pt_22591_left.jpg
Wuhan_Part3_pt_38615_right.jpg,Wuhan_Part3_pt_43094_back.jpg
Changsha_Part4_pt_32166_back.jpg,Wuhan_Part3_pt_40120_back.jpg
Changsha_Part3_pt_24252_front.jpg,Nanchang_Part3_pt_24187_right.jpg
Wuhan_Part3_pt_38798_back.jpg,Wuhan_Part3_pt_39523_left.jpg
Nanchang_Part2_pt_11628_front.jpg,Nanchang_Part2_pt_20348_right.jpg
Nanchang_Part2_pt_20212_front.jpg,Nanchang_Part3_pt_32622_left.jpg
Changsha_Part2_pt_12004_front.jpg,Wuhan_Part3_pt_42188_front.jpg
Changsha_Part4_pt_35551_front.jpg,Nanchang_Part1_pt_7979_right.jpg
Changsha_Part2_pt_17728_right.jpg,Nanchang_Part1_pt_3552_left.jpg
Nanchang_Part1_pt_4282_left.jpg,Wuhan_Part1_pt_4510_front.jpg
Changsha_Part4_pt_36485_right.jpg,Wuhan_Part3_pt_36472_right.jpg
Changsha_Part1_pt_5737_left.jpg,Nanchang_Part3_pt_23774_front.jpg
Nanchang_Part1_pt_7979_right.jpg,Wuhan_Part3_pt_41411_front.jpg
Nanchang_Part1_pt_1285_back.jpg,Nanchang_Part3_pt_22584_left.jpg
Changsha_Part5_pt_43834_back.jpg,Wuhan_Part1_pt_2153_right.jpg
Changsha_Part1_pt_26_right.jpg,Nanchang_Part2_pt_11628_front.jpg
Changsha_Part1_pt_3958_left.jpg,Nanchang_Part2_pt_19785_right.jpg
Changsha_Part1_pt_5266_left.jpg,Nanchang_Part2_pt_18045_right.jpg
Nanchang_Part2_pt_11378_left.jpg,Wuhan_Part3_pt_33399_back.jpg
Changsha_Part3_pt_23134_left.jpg,Nanchang_Part3_pt_30232_right.jpg
Changsha_Part3_pt_23133_front.jpg,Nanchang_Part1_pt_6088_right.jpg
Changsha_Part5_pt_46172_left.jpg,Wuhan_Part1_pt_7933_front.jpg
Nanchang_Part3_pt_30742_back.jpg,Wuhan_Part2_pt_23241_left.jpg
Changsha_Part5_pt_41199_right.jpg,Nanchang_Part3_pt_22661_left.jpg
Nanchang_Part1_pt_5261_right.jpg,Nanchang_Part2_pt_16007_left.jpg
Changsha_Part2_pt_14409_front.jpg,Changsha_Part4_pt_34265_back.jpg
Changsha_Part2_pt_12004_front.jpg,Wuhan_Part2_pt_23091_left.jpg
Changsha_Part5_pt_41017_left.jpg,Wuhan_Part3_pt_32664_back.jpg
Changsha_Part4_pt_30825_back.jpg,Wuhan_Part1_pt_2740_right.jpg
Nanchang_Part2_pt_12011_left.jpg,Nanchang_Part2_pt_19349_back.jpg
Nanchang_Part1_pt_352_back.jpg,Nanchang_Part1_pt_9553_left.jpg
Wuhan_Part1_pt_740_right.jpg,Wuhan_Part3_pt_37339_right.jpg
Changsha_Part4_pt_31374_back.jpg,Nanchang_Part3_pt_22606_front.jpg
Changsha_Part1_pt_5266_left.jpg,Wuhan_Part1_pt_3116_front.jpg
Changsha_Part4_pt_33177_left.jpg,Nanchang_Part3_pt_27650_front.jpg
Wuhan_Part1_pt_4704_back.jpg,Wuhan_Part3_pt_40845_back.jpg
Nanchang_Part1_pt_4905_front.jpg,Nanchang_Part3_pt_28976_back.jpg
Nanchang_Part2_pt_17487_right.jpg,Wuhan_Part1_pt_6067_back.jpg
Nanchang_Part2_pt_12789_front.jpg,Wuhan_Part2_pt_23378_front.jpg
Changsha_Part2_pt_15281_back.jpg,Nanchang_Part1_pt_3587_right.jpg
Nanchang_Part1_pt_6748_right.jpg,Wuhan_Part1_pt_345_front.jpg
Changsha_Part4_pt_32119_left.jpg,Changsha_Part6_pt_57138_back.jpg
Changsha_Part6_pt_57250_front.jpg,Wuhan_Part1_pt_1937_back.jpg
Changsha_Part2_pt_16293_front.jpg,Wuhan_Part1_pt_4667_right.jpg
Nanchang_Part3_pt_22661_left.jpg,Wuhan_Part2_pt_22093_right.jpg
Changsha_Part4_pt_33026_right.jpg,Wuhan_Part2_pt_21516_back.jpg
Changsha_Part5_pt_46119_back.jpg,Nanchang_Part2_pt_13847_back.jpg
Changsha_Part3_pt_28636_left.jpg,Changsha_Part4_pt_34483_front.jpg
Nanchang_Part3_pt_24124_back.jpg,Wuhan_Part2_pt_16547_left.jpg
Changsha_Part4_pt_31193_back.jpg,Nanchang_Part1_pt_6529_right.jpg
Nanchang_Part2_pt_18045_right.jpg,Nanchang_Part3_pt_28606_back.jpg
Nanchang_Part2_pt_13847_back.jpg,Nanchang_Part3_pt_24406_left.jpg
Wuhan_Part1_pt_6835_right.jpg,Wuhan_Part3_pt_41887_right.jpg
Nanchang_Part2_pt_16929_back.jpg,Wuhan_Part1_pt_7051_front.jpg
Changsha_Part3_pt_28198_front.jpg,Wuhan_Part2_pt_24353_right.jpg
Nanchang_Part3_pt_28999_right.jpg,Nanchang_Part3_pt_31259_front.jpg
Changsha_Part2_pt_14251_right.jpg,Nanchang_Part3_pt_31676_right.jpg
Nanchang_Part2_pt_13614_left.jpg,Nanchang_Part3_pt_31228_right.jpg
Wuhan_Part2_pt_21352_right.jpg,Wuhan_Part2_pt_26156_back.jpg
Changsha_Part2_pt_10435_back.jpg,Nanchang_Part2_pt_13968_front.jpg
Changsha_Part6_pt_53887_back.jpg,Nanchang_Part3_pt_28606_back.jpg
Nanchang_Part1_pt_9144_front.jpg,Wuhan_Part3_pt_32763_front.jpg
Wuhan_Part2_pt_17374_back.jpg,Wuhan_Part2_pt_23647_right.jpg
Changsha_Part6_pt_52680_left.jpg,Wuhan_Part1_pt_415_left.jpg
Nanchang_Part2_pt_12577_left.jpg,Wuhan_Part2_pt_23555_front.jpg
Wuhan_Part1_pt_7963_left.jpg,Wuhan_Part3_pt_36781_right.jpg
Changsha_Part2_pt_13447_right.jpg,Changsha_Part4_pt_30304_front.jpg
Changsha_Part1_pt_1145_right.jpg,Nanchang_Part1_pt_309_back.jpg
Wuhan_Part1_pt_6604_left.jpg,Wuhan_Part3_pt_32448_front.jpg
Changsha_Part1_pt_3316_left.jpg,Nanchang_Part2_pt_16284_front.jpg
Wuhan_Part1_pt_345_front.jpg,Wuhan_Part2_pt_24300_right.jpg
Changsha_Part1_pt_5266_left.jpg,Wuhan_Part1_pt_6464_front.jpg
Changsha_Part1_pt_1145_right.jpg,Wuhan_Part3_pt_36365_left.jpg
Changsha_Part4_pt_34902_right.jpg,Wuhan_Part2_pt_19095_left.jpg
Changsha_Part1_pt_2308_front.jpg,Changsha_Part5_pt_47118_left.jpg
Nanchang_Part1_pt_1965_back.jpg,Nanchang_Part2_pt_11381_back.jpg
Changsha_Part2_pt_11794_back.jpg,Changsha_Part6_pt_50548_right.jpg
Changsha_Part6_pt_50927_back.jpg,Wuhan_Part1_pt_2740_right.jpg
Changsha_Part3_pt_28779_right.jpg,Wuhan_Part2_pt_19777_front.jpg
Nanchang_Part1_pt_5607_right.jpg,Nanchang_Part1_pt_6088_right.jpg
Nanchang_Part3_pt_31228_right.jpg,Wuhan_Part3_pt_34783_left.jpg
Changsha_Part1_pt_2292_left.jpg,Wuhan_Part1_pt_304_back.jpg
Changsha_Part6_pt_54672_back.jpg,Wuhan_Part2_pt_22591_left.jpg
Nanchang_Part2_pt_13845_right.jpg,Nanchang_Part2_pt_16284_front.jpg
Changsha_Part2_pt_18295_left.jpg,Nanchang_Part1_pt_5894_front.jpg
Changsha_Part3_pt_24106_left.jpg,Nanchang_Part1_pt_6648_right.jpg
Changsha_Part2_pt_17662_front.jpg,Wuhan_Part2_pt_21679_front.jpg
Wuhan_Part1_pt_4517_right.jpg,Wuhan_Part2_pt_26153_back.jpg
Nanchang_Part1_pt_1285_back.jpg,Wuhan_Part2_pt_19596_left.jpg
Nanchang_Part1_pt_309_back.jpg,Nanchang_Part3_pt_25316_back.jpg
Wuhan_Part2_pt_25165_front.jpg,Wuhan_Part3_pt_34168_back.jpg
Wuhan_Part3_pt_31833_front.jpg,Wuhan_Part3_pt_33893_front.jpg
Changsha_Part5_pt_40666_left.jpg,Wuhan_Part2_pt_16180_back.jpg
Nanchang_Part2_pt_16929_back.jpg,Wuhan_Part1_pt_2084_front.jpg
Changsha_Part1_pt_6399_back.jpg,Nanchang_Part2_pt_20028_right.jpg
Changsha_Part3_pt_23794_back.jpg,Wuhan_Part2_pt_27541_right.jpg
Changsha_Part3_pt_20397_front.jpg,Wuhan_Part3_pt_32554_left.jpg
Wuhan_Part2_pt_19123_left.jpg,Wuhan_Part3_pt_34168_back.jpg
Changsha_Part3_pt_20397_front.jpg,Nanchang_Part2_pt_12929_right.jpg
Changsha_Part4_pt_32166_back.jpg,Wuhan_Part1_pt_5761_right.jpg
Changsha_Part1_pt_6811_right.jpg,Wuhan_Part1_pt_8915_front.jpg
Changsha_Part2_pt_15998_back.jpg,Nanchang_Part1_pt_3170_front.jpg
Changsha_Part2_pt_10912_left.jpg,Wuhan_Part1_pt_4084_right.jpg
Nanchang_Part1_pt_7010_front.jpg,Nanchang_Part2_pt_20212_front.jpg
Nanchang_Part3_pt_23502_front.jpg,Wuhan_Part1_pt_8308_front.jpg
Nanchang_Part2_pt_15035_left.jpg,Wuhan_Part3_pt_31833_front.jpg
Changsha_Part1_pt_6399_back.jpg,Wuhan_Part3_pt_40154_front.jpg
Nanchang_Part1_pt_7622_front.jpg,Nanchang_Part2_pt_11442_right.jpg
Changsha_Part4_pt_30066_right.jpg,Wuhan_Part3_pt_31340_right.jpg
Nanchang_Part2_pt_12695_right.jpg,Wuhan_Part2_pt_20086_right.jpg
Nanchang_Part1_pt_1783_left.jpg,Nanchang_Part3_pt_28929_right.jpg
Changsha_Part4_pt_31888_back.jpg,Nanchang_Part3_pt_27590_right.jpg
Nanchang_Part2_pt_20647_front.jpg,Wuhan_Part2_pt_17765_front.jpg
Nanchang_Part1_pt_8561_left.jpg,Nanchang_Part2_pt_19886_left.jpg
Changsha_Part6_pt_50346_back.jpg,Wuhan_Part2_pt_17125_front.jpg
Changsha_Part1_pt_1630_front.jpg,Wuhan_Part2_pt_18189_back.jpg
Nanchang_Part3_pt_29341_back.jpg,Wuhan_Part1_pt_5970_back.jpg
Changsha_Part4_pt_36721_back.jpg,Nanchang_Part3_pt_31259_front.jpg
Changsha_Part6_pt_58248_front.jpg,Wuhan_Part2_pt_23378_front.jpg
Nanchang_Part1_pt_5077_left.jpg,Wuhan_Part1_pt_1937_back.jpg
Nanchang_Part3_pt_24725_right.jpg,Wuhan_Part1_pt_10113_back.jpg
Changsha_Part2_pt_11251_left.jpg,Wuhan_Part2_pt_22930_left.jpg
Nanchang_Part2_pt_16094_left.jpg,Nanchang_Part2_pt_19699_back.jpg
Nanchang_Part2_pt_19791_left.jpg,Wuhan_Part3_pt_40972_right.jpg
Changsha_Part5_pt_43834_back.jpg,Nanchang_Part1_pt_1285_back.jpg
Nanchang_Part1_pt_8119_right.jpg,Wuhan_Part2_pt_16180_back.jpg
Nanchang_Part3_pt_29590_left.jpg,Wuhan_Part3_pt_41364_right.jpg
Nanchang_Part2_pt_12654_back.jpg,Nanchang_Part2_pt_15371_right.jpg
Wuhan_Part1_pt_7933_front.jpg,Wuhan_Part3_pt_32357_right.jpg
Changsha_Part1_pt_4172_right.jpg,Changsha_Part2_pt_17590_back.jpg
Changsha_Part1_pt_161_front.jpg,Nanchang_Part3_pt_27189_left.jpg
Changsha_Part1_pt_1891_left.jpg,Changsha_Part6_pt_54741_back.jpg
Wuhan_Part2_pt_17364_right.jpg,Wuhan_Part3_pt_35274_left.jpg
Changsha_Part2_pt_15992_left.jpg,Nanchang_Part2_pt_15004_back.jpg
Wuhan_Part1_pt_7386_back.jpg,Wuhan_Part3_pt_32554_left.jpg
Nanchang_Part1_pt_1381_back.jpg,Nanchang_Part3_pt_27797_left.jpg
Nanchang_Part1_pt_6314_left.jpg,Wuhan_Part2_pt_24317_back.jpg
Changsha_Part3_pt_26896_front.jpg,Wuhan_Part2_pt_27296_front.jpg
Wuhan_Part1_pt_4510_front.jpg,Wuhan_Part3_pt_32664_back.jpg
Changsha_Part2_pt_11325_left.jpg,Nanchang_Part1_pt_8924_right.jpg
Changsha_Part6_pt_56982_back.jpg,Wuhan_Part2_pt_22062_back.jpg
Nanchang_Part1_pt_4179_left.jpg,Wuhan_Part2_pt_22093_right.jpg
Nanchang_Part1_pt_8391_right.jpg,Nanchang_Part1_pt_8663_back.jpg
Nanchang_Part3_pt_25159_right.jpg,Wuhan_Part3_pt_31778_left.jpg
Nanchang_Part2_pt_19607_left.jpg,Wuhan_Part1_pt_9169_left.jpg
Nanchang_Part2_pt_17914_back.jpg,Nanchang_Part2_pt_19562_front.jpg
Wuhan_Part1_pt_3803_back.jpg,Wuhan_Part3_pt_40154_front.jpg
Nanchang_Part1_pt_6918_back.jpg,Nanchang_Part3_pt_25434_front.jpg
Changsha_Part2_pt_13683_back.jpg,Changsha_Part5_pt_43438_front.jpg
Changsha_Part2_pt_11524_front.jpg,Nanchang_Part2_pt_13933_right.jpg
Changsha_Part4_pt_32166_back.jpg,Wuhan_Part1_pt_5970_back.jpg
Wuhan_Part2_pt_19560_back.jpg,Wuhan_Part3_pt_35204_left.jpg
Wuhan_Part2_pt_21516_back.jpg,Wuhan_Part3_pt_34875_right.jpg
Nanchang_Part1_pt_9781_right.jpg,Nanchang_Part2_pt_14656_left.jpg
Changsha_Part6_pt_50522_front.jpg,Nanchang_Part1_pt_9655_left.jpg
Nanchang_Part2_pt_13845_right.jpg,Nanchang_Part3_pt_30271_left.jpg
Changsha_Part6_pt_50649_left.jpg,Wuhan_Part3_pt_33893_front.jpg
Changsha_Part2_pt_17493_back.jpg,Wuhan_Part2_pt_19777_front.jpg
Nanchang_Part1_pt_7622_front.jpg,Nanchang_Part3_pt_30674_left.jpg
Changsha_Part1_pt_6320_back.jpg,Wuhan_Part1_pt_2153_right.jpg
Changsha_Part2_pt_18188_back.jpg,Nanchang_Part2_pt_15932_left.jpg
Changsha_Part5_pt_43932_front.jpg,Wuhan_Part2_pt_19609_right.jpg
Changsha_Part2_pt_12086_back.jpg,Changsha_Part3_pt_28755_left.jpg
Nanchang_Part1_pt_3704_front.jpg,Wuhan_Part2_pt_18189_back.jpg
Changsha_Part2_pt_12584_right.jpg,Wuhan_Part3_pt_36472_right.jpg
Wuhan_Part1_pt_637_front.jpg,Wuhan_Part3_pt_35530_front.jpg
Changsha_Part1_pt_6811_right.jpg,Wuhan_Part3_pt_31969_front.jpg
Nanchang_Part2_pt_21221_front.jpg,Wuhan_Part3_pt_40972_right.jpg
Nanchang_Part1_pt_2879_right.jpg,Nanchang_Part2_pt_17581_right.jpg
Changsha_Part5_pt_40387_left.jpg,Wuhan_Part1_pt_9169_left.jpg
Changsha_Part4_pt_32119_left.jpg,Changsha_Part6_pt_54278_left.jpg
Changsha_Part3_pt_23517_left.jpg,Nanchang_Part3_pt_30485_front.jpg
Wuhan_Part1_pt_2976_right.jpg,Wuhan_Part3_pt_35275_back.jpg
Nanchang_Part2_pt_16094_left.jpg,Nanchang_Part3_pt_28546_back.jpg
Changsha_Part3_pt_21965_front.jpg,Changsha_Part3_pt_26896_front.jpg
Changsha_Part5_pt_45139_left.jpg,Wuhan_Part3_pt_31769_back.jpg
Changsha_Part6_pt_53640_right.jpg,Nanchang_Part2_pt_16094_left.jpg
Nanchang_Part2_pt_12631_right.jpg,Nanchang_Part3_pt_22797_back.jpg
Changsha_Part1_pt_2308_front.jpg,Nanchang_Part2_pt_11726_back.jpg
Changsha_Part4_pt_31904_front.jpg,Changsha_Part4_pt_36530_back.jpg
Changsha_Part4_pt_30825_back.jpg,Nanchang_Part2_pt_14839_right.jpg
Changsha_Part2_pt_10415_back.jpg,Nanchang_Part1_pt_3170_front.jpg
Changsha_Part3_pt_23274_front.jpg,Nanchang_Part2_pt_16094_left.jpg
Nanchang_Part2_pt_20647_front.jpg,Wuhan_Part3_pt_40702_back.jpg
Nanchang_Part3_pt_30858_front.jpg,Wuhan_Part2_pt_15743_front.jpg
Nanchang_Part2_pt_20028_right.jpg,Wuhan_Part3_pt_33399_back.jpg
Changsha_Part2_pt_12816_right.jpg,Wuhan_Part3_pt_32448_front.jpg
Changsha_Part2_pt_17959_left.jpg,Changsha_Part3_pt_23133_front.jpg
Wuhan_Part1_pt_2293_right.jpg,Wuhan_Part2_pt_16999_front.jpg
Wuhan_Part2_pt_21516_back.jpg,Wuhan_Part3_pt_35204_left.jpg
Changsha_Part1_pt_5997_right.jpg,Changsha_Part6_pt_57138_back.jpg
Changsha_Part2_pt_10270_right.jpg,Wuhan_Part3_pt_40845_back.jpg
Wuhan_Part2_pt_17783_back.jpg,Wuhan_Part3_pt_42698_back.jpg
Changsha_Part2_pt_11750_front.jpg,Changsha_Part4_pt_34902_right.jpg
Nanchang_Part3_pt_32938_left.jpg,Wuhan_Part2_pt_18460_left.jpg
Changsha_Part2_pt_12606_right.jpg,Wuhan_Part1_pt_9289_front.jpg
Changsha_Part3_pt_21873_left.jpg,Changsha_Part6_pt_57264_left.jpg
Wuhan_Part1_pt_415_left.jpg,Wuhan_Part2_pt_21352_right.jpg
Changsha_Part5_pt_40387_left.jpg,Changsha_Part5_pt_46743_right.jpg
Changsha_Part3_pt_28604_right.jpg,Wuhan_Part2_pt_16180_back.jpg
Changsha_Part4_pt_34587_back.jpg,Nanchang_Part2_pt_15035_left.jpg
Nanchang_Part1_pt_741_left.jpg,Wuhan_Part2_pt_17975_right.jpg
Nanchang_Part1_pt_4905_front.jpg,Nanchang_Part2_pt_17983_left.jpg
Nanchang_Part2_pt_16284_front.jpg,Wuhan_Part1_pt_7817_back.jpg
Changsha_Part2_pt_12004_front.jpg,Nanchang_Part2_pt_18845_front.jpg
Nanchang_Part1_pt_819_front.jpg,Wuhan_Part2_pt_23241_left.jpg
Nanchang_Part1_pt_9599_back.jpg,Wuhan_Part1_pt_304_back.jpg
Changsha_Part2_pt_11251_left.jpg,Wuhan_Part1_pt_10052_front.jpg
Nanchang_Part2_pt_16158_back.jpg,Wuhan_Part3_pt_35530_front.jpg
Nanchang_Part1_pt_6529_right.jpg,Nanchang_Part2_pt_11680_back.jpg
Changsha_Part4_pt_35179_front.jpg,Wuhan_Part1_pt_637_front.jpg
Changsha_Part6_pt_51265_back.jpg,Wuhan_Part1_pt_611_right.jpg
Wuhan_Part1_pt_2672_right.jpg,Wuhan_Part2_pt_22110_left.jpg
Changsha_Part5_pt_46172_left.jpg,Wuhan_Part3_pt_33409_right.jpg
Changsha_Part6_pt_56075_left.jpg,Wuhan_Part3_pt_32640_front.jpg
Nanchang_Part3_pt_24948_left.jpg,Wuhan_Part2_pt_19807_back.jpg
Nanchang_Part1_pt_3229_left.jpg,Nanchang_Part3_pt_24406_left.jpg
Changsha_Part1_pt_4087_right.jpg,Nanchang_Part2_pt_16929_back.jpg
Nanchang_Part1_pt_5894_front.jpg,Wuhan_Part1_pt_2445_back.jpg
Changsha_Part3_pt_24252_front.jpg,Nanchang_Part3_pt_27202_right.jpg
Wuhan_Part1_pt_2054_right.jpg,Wuhan_Part1_pt_6893_left.jpg
Changsha_Part3_pt_23973_right.jpg,Nanchang_Part3_pt_25434_front.jpg
Wuhan_Part1_pt_1937_back.jpg,Wuhan_Part2_pt_21516_back.jpg
Changsha_Part1_pt_161_front.jpg,Nanchang_Part1_pt_849_left.jpg
Nanchang_Part1_pt_7622_front.jpg,Nanchang_Part3_pt_22886_front.jpg
Wuhan_Part1_pt_6658_right.jpg,Wuhan_Part2_pt_24681_back.jpg
Changsha_Part2_pt_12816_right.jpg,Nanchang_Part1_pt_9144_front.jpg
Wuhan_Part2_pt_22387_back.jpg,Wuhan_Part3_pt_35275_back.jpg
Changsha_Part5_pt_45139_left.jpg,Wuhan_Part1_pt_3527_right.jpg
Wuhan_Part1_pt_1398_left.jpg,Wuhan_Part2_pt_26668_front.jpg
Nanchang_Part1_pt_4690_left.jpg,Nanchang_Part2_pt_12278_front.jpg
Wuhan_Part1_pt_3803_back.jpg,Wuhan_Part2_pt_17364_right.jpg
Changsha_Part6_pt_53887_back.jpg,Nanchang_Part2_pt_15107_right.jpg
Changsha_Part6_pt_58333_right.jpg,Wuhan_Part1_pt_7817_back.jpg
Nanchang_Part1_pt_9597_right.jpg,Wuhan_Part3_pt_32877_back.jpg
Changsha_Part6_pt_58248_front.jpg,Nanchang_Part1_pt_9724_front.jpg
Changsha_Part2_pt_13552_front.jpg,Nanchang_Part1_pt_8871_right.jpg
Nanchang_Part2_pt_18020_back.jpg,Wuhan_Part1_pt_9321_front.jpg
Changsha_Part1_pt_6320_back.jpg,Changsha_Part5_pt_46743_right.jpg
Changsha_Part5_pt_43473_front.jpg,Nanchang_Part2_pt_18719_back.jpg
Changsha_Part1_pt_3692_back.jpg,Wuhan_Part2_pt_24484_front.jpg
Changsha_Part2_pt_11460_front.jpg,Wuhan_Part3_pt_36472_right.jpg
Nanchang_Part1_pt_599_back.jpg,Nanchang_Part3_pt_23502_front.jpg
Changsha_Part6_pt_51448_right.jpg,Nanchang_Part1_pt_4729_left.jpg
Changsha_Part5_pt_44090_right.jpg,Wuhan_Part1_pt_9527_left.jpg
Changsha_Part3_pt_27913_front.jpg,Nanchang_Part2_pt_12674_back.jpg
Wuhan_Part2_pt_18958_back.jpg,Wuhan_Part2_pt_24353_right.jpg
Nanchang_Part1_pt_5746_back.jpg,Wuhan_Part1_pt_67_right.jpg
Nanchang_Part2_pt_20275_back.jpg,Wuhan_Part1_pt_10505_left.jpg
Changsha_Part4_pt_30001_right.jpg,Wuhan_Part1_pt_9922_left.jpg
Changsha_Part6_pt_55312_back.jpg,Nanchang_Part2_pt_18872_right.jpg
Nanchang_Part3_pt_25434_front.jpg,Wuhan_Part2_pt_27179_back.jpg
Changsha_Part1_pt_4988_front.jpg,Wuhan_Part1_pt_5454_front.jpg
Wuhan_Part1_pt_345_front.jpg,Wuhan_Part3_pt_40759_front.jpg
Nanchang_Part1_pt_741_left.jpg,Wuhan_Part3_pt_35558_front.jpg
Nanchang_Part2_pt_16595_back.jpg,Wuhan_Part1_pt_194_left.jpg
Changsha_Part1_pt_1232_right.jpg,Nanchang_Part2_pt_13614_left.jpg
Changsha_Part4_pt_36807_right.jpg,Changsha_Part6_pt_50927_back.jpg
Changsha_Part2_pt_15746_left.jpg,Wuhan_Part1_pt_3939_left.jpg
Changsha_Part4_pt_30539_back.jpg,Wuhan_Part2_pt_26153_back.jpg
Changsha_Part1_pt_3316_left.jpg,Changsha_Part6_pt_55309_front.jpg
Changsha_Part1_pt_3070_back.jpg,Changsha_Part5_pt_45015_right.jpg
Changsha_Part6_pt_54741_back.jpg,Nanchang_Part3_pt_28999_right.jpg
Nanchang_Part1_pt_9756_left.jpg,Wuhan_Part1_pt_8424_back.jpg
Changsha_Part2_pt_15746_left.jpg,Nanchang_Part1_pt_9553_left.jpg
Changsha_Part5_pt_41199_right.jpg,Nanchang_Part2_pt_12569_back.jpg
Changsha_Part4_pt_32436_left.jpg,Nanchang_Part1_pt_3170_front.jpg
Changsha_Part5_pt_41199_right.jpg,Changsha_Part5_pt_46307_front.jpg
Changsha_Part4_pt_30539_back.jpg,Nanchang_Part1_pt_635_left.jpg
Nanchang_Part3_pt_29149_back.jpg,Wuhan_Part2_pt_17221_left.jpg
Changsha_Part4_pt_31855_back.jpg,Changsha_Part4_pt_37845_back.jpg
Nanchang_Part2_pt_17985_back.jpg,Nanchang_Part3_pt_31367_back.jpg
Nanchang_Part1_pt_5033_front.jpg,Wuhan_Part3_pt_40368_front.jpg
Nanchang_Part2_pt_20028_right.jpg,Wuhan_Part2_pt_27439_front.jpg
Changsha_Part2_pt_11251_left.jpg,Changsha_Part3_pt_24106_left.jpg
Nanchang_Part1_pt_1808_back.jpg,Wuhan_Part1_pt_6893_left.jpg
Changsha_Part2_pt_11825_left.jpg,Changsha_Part2_pt_17223_front.jpg
Changsha_Part1_pt_161_front.jpg,Wuhan_Part2_pt_22093_right.jpg
Nanchang_Part1_pt_8030_left.jpg,Wuhan_Part1_pt_7933_front.jpg
Changsha_Part6_pt_55312_back.jpg,Wuhan_Part1_pt_4510_front.jpg
Wuhan_Part1_pt_3786_right.jpg,Wuhan_Part2_pt_16645_left.jpg
Wuhan_Part2_pt_27245_left.jpg,Wuhan_Part2_pt_27541_right.jpg
Nanchang_Part3_pt_29404_right.jpg,Wuhan_Part1_pt_4704_back.jpg
Changsha_Part1_pt_3070_back.jpg,Wuhan_Part2_pt_24317_back.jpg
Changsha_Part4_pt_36530_back.jpg,Wuhan_Part3_pt_35053_front.jpg
Changsha_Part3_pt_21735_front.jpg,Nanchang_Part2_pt_18045_right.jpg
Changsha_Part3_pt_25736_left.jpg,Nanchang_Part2_pt_19562_front.jpg
Changsha_Part4_pt_33286_left.jpg,Nanchang_Part1_pt_8277_front.jpg
Nanchang_Part1_pt_352_back.jpg,Nanchang_Part3_pt_31460_front.jpg
Nanchang_Part1_pt_9447_front.jpg,Wuhan_Part3_pt_31833_front.jpg
Changsha_Part6_pt_57250_front.jpg,Nanchang_Part1_pt_635_left.jpg
Changsha_Part4_pt_30066_right.jpg,Nanchang_Part2_pt_17121_front.jpg
Wuhan_Part1_pt_8308_front.jpg,Wuhan_Part2_pt_21324_back.jpg
Nanchang_Part1_pt_5528_left.jpg,Wuhan_Part1_pt_3198_front.jpg
Wuhan_Part1_pt_1398_left.jpg,Wuhan_Part3_pt_39616_right.jpg
Changsha_Part1_pt_1891_left.jpg,Changsha_Part4_pt_31604_back.jpg
Changsha_Part3_pt_20028_left.jpg,Wuhan_Part3_pt_36409_back.jpg
Nanchang_Part1_pt_3927_left.jpg,Wuhan_Part1_pt_7933_front.jpg
Changsha_Part5_pt_45650_left.jpg,Nanchang_Part2_pt_15275_front.jpg
Changsha_Part1_pt_2308_front.jpg,Changsha_Part4_pt_33542_right.jpg
Nanchang_Part1_pt_7076_front.jpg,Wuhan_Part3_pt_35384_right.jpg
Changsha_Part5_pt_44292_right.jpg,Nanchang_Part2_pt_16333_right.jpg
Changsha_Part4_pt_35861_left.jpg,Nanchang_Part2_pt_18879_back.jpg
Wuhan_Part2_pt_19807_back.jpg,Wuhan_Part2_pt_27179_back.jpg
Changsha_Part6_pt_54672_back.jpg,Wuhan_Part2_pt_17295_back.jpg
Changsha_Part5_pt_45650_left.jpg,Nanchang_Part1_pt_8514_back.jpg
Nanchang_Part1_pt_6488_left.jpg,Nanchang_Part2_pt_12929_right.jpg
Changsha_Part5_pt_44035_back.jpg,Changsha_Part5_pt_44916_back.jpg
Changsha_Part1_pt_6847_front.jpg,Changsha_Part5_pt_45015_right.jpg
Changsha_Part1_pt_996_back.jpg,Nanchang_Part2_pt_19785_right.jpg
Wuhan_Part1_pt_4_front.jpg,Wuhan_Part2_pt_16284_back.jpg
Changsha_Part1_pt_4172_right.jpg,Changsha_Part3_pt_24031_left.jpg
Changsha_Part5_pt_42238_left.jpg,Wuhan_Part2_pt_16215_back.jpg
Changsha_Part2_pt_11244_left.jpg,Wuhan_Part2_pt_17125_front.jpg
Nanchang_Part1_pt_4393_right.jpg,Wuhan_Part2_pt_17329_front.jpg
Nanchang_Part3_pt_30062_back.jpg,Wuhan_Part1_pt_2525_front.jpg
Changsha_Part6_pt_50346_back.jpg,Nanchang_Part3_pt_30356_back.jpg
Changsha_Part4_pt_35296_back.jpg,Nanchang_Part2_pt_12011_left.jpg
Nanchang_Part2_pt_12103_back.jpg,Nanchang_Part2_pt_15107_right.jpg
Nanchang_Part2_pt_19791_left.jpg,Wuhan_Part2_pt_22930_left.jpg
Changsha_Part1_pt_6407_right.jpg,Wuhan_Part3_pt_34977_right.jpg
Changsha_Part4_pt_34483_front.jpg,Wuhan_Part3_pt_36584_back.jpg
Nanchang_Part2_pt_20227_front.jpg,Nanchang_Part3_pt_23018_left.jpg
Changsha_Part5_pt_45139_left.jpg,Wuhan_Part3_pt_31389_right.jpg
Changsha_Part2_pt_17999_left.jpg,Nanchang_Part2_pt_15023_left.jpg
Nanchang_Part3_pt_28416_front.jpg,Wuhan_Part3_pt_34216_front.jpg
Nanchang_Part1_pt_7979_right.jpg,Wuhan_Part3_pt_39523_left.jpg
Nanchang_Part1_pt_4566_back.jpg,Wuhan_Part1_pt_8504_left.jpg
Nanchang_Part1_pt_2614_front.jpg,Nanchang_Part1_pt_8049_front.jpg
Changsha_Part5_pt_42238_left.jpg,Nanchang_Part1_pt_9553_left.jpg
Changsha_Part5_pt_46172_left.jpg,Nanchang_Part3_pt_31921_back.jpg
Nanchang_Part1_pt_1808_back.jpg,Nanchang_Part1_pt_3224_left.jpg
Nanchang_Part1_pt_9904_right.jpg,Nanchang_Part3_pt_30260_right.jpg
Nanchang_Part1_pt_9144_front.jpg,Nanchang_Part3_pt_27189_left.jpg
Nanchang_Part1_pt_7076_front.jpg,Nanchang_Part2_pt_15371_right.jpg
Changsha_Part2_pt_15998_back.jpg,Changsha_Part4_pt_31855_back.jpg
Nanchang_Part2_pt_19829_front.jpg,Wuhan_Part1_pt_637_front.jpg
Nanchang_Part2_pt_19795_right.jpg,Nanchang_Part3_pt_32364_left.jpg
Nanchang_Part2_pt_12559_back.jpg,Wuhan_Part2_pt_26608_front.jpg
Changsha_Part5_pt_45542_back.jpg,Nanchang_Part2_pt_17077_left.jpg
Nanchang_Part3_pt_29341_back.jpg,Wuhan_Part3_pt_35274_left.jpg
Changsha_Part5_pt_43557_back.jpg,Nanchang_Part3_pt_28416_front.jpg
Wuhan_Part1_pt_3843_back.jpg,Wuhan_Part2_pt_24353_right.jpg
Nanchang_Part1_pt_3587_right.jpg,Nanchang_Part1_pt_6196_right.jpg
Nanchang_Part3_pt_28522_right.jpg,Wuhan_Part3_pt_33527_left.jpg
Changsha_Part1_pt_1630_front.jpg,Wuhan_Part3_pt_38615_right.jpg
Changsha_Part5_pt_41786_right.jpg,Nanchang_Part1_pt_4179_left.jpg
Wuhan_Part1_pt_2445_back.jpg,Wuhan_Part3_pt_33210_left.jpg
Nanchang_Part1_pt_599_back.jpg,Wuhan_Part2_pt_26404_left.jpg
Changsha_Part6_pt_55670_back.jpg,Nanchang_Part3_pt_25159_right.jpg
Nanchang_Part1_pt_3200_right.jpg,Nanchang_Part2_pt_16595_back.jpg
Changsha_Part1_pt_3958_left.jpg,Changsha_Part3_pt_23537_right.jpg
Changsha_Part1_pt_2308_front.jpg,Nanchang_Part2_pt_17121_front.jpg
Nanchang_Part2_pt_19886_left.jpg,Wuhan_Part1_pt_7817_back.jpg
Changsha_Part5_pt_43619_right.jpg,Wuhan_Part2_pt_24640_front.jpg
Changsha_Part2_pt_11251_left.jpg,Changsha_Part4_pt_31169_back.jpg
Nanchang_Part1_pt_9756_left.jpg,Wuhan_Part1_pt_1144_right.jpg
Changsha_Part3_pt_23973_right.jpg,Changsha_Part4_pt_36485_right.jpg
Nanchang_Part1_pt_9144_front.jpg,Wuhan_Part3_pt_40972_right.jpg
Wuhan_Part2_pt_26153_back.jpg,Wuhan_Part3_pt_31833_front.jpg
Changsha_Part5_pt_40387_left.jpg,Nanchang_Part1_pt_6829_right.jpg
Changsha_Part6_pt_58333_right.jpg,Nanchang_Part2_pt_11628_front.jpg
Nanchang_Part2_pt_17357_right.jpg,Nanchang_Part3_pt_23502_front.jpg
Nanchang_Part1_pt_4061_right.jpg,Nanchang_Part1_pt_5085_front.jpg
Nanchang_Part2_pt_15609_left.jpg,Wuhan_Part1_pt_1144_right.jpg
Nanchang_Part2_pt_15812_left.jpg,Nanchang_Part2_pt_19795_right.jpg
Changsha_Part4_pt_30539_back.jpg,Nanchang_Part2_pt_13876_left.jpg
Nanchang_Part1_pt_352_back.jpg,Wuhan_Part3_pt_33399_back.jpg
Changsha_Part5_pt_45015_right.jpg,Wuhan_Part3_pt_37619_left.jpg
Nanchang_Part1_pt_9553_left.jpg,Wuhan_Part2_pt_26404_left.jpg
Changsha_Part1_pt_6847_front.jpg,Wuhan_Part2_pt_19680_left.jpg
Changsha_Part2_pt_11825_left.jpg,Nanchang_Part1_pt_6488_left.jpg
Nanchang_Part2_pt_12103_back.jpg,Nanchang_Part2_pt_18732_front.jpg
Changsha_Part1_pt_1630_front.jpg,Nanchang_Part3_pt_27590_right.jpg
Nanchang_Part2_pt_13660_front.jpg,Wuhan_Part3_pt_41412_left.jpg
Wuhan_Part1_pt_7856_right.jpg,Wuhan_Part2_pt_21352_right.jpg
Changsha_Part2_pt_15853_right.jpg,Changsha_Part5_pt_44078_back.jpg
Changsha_Part5_pt_42756_right.jpg,Changsha_Part5_pt_44803_left.jpg
Changsha_Part3_pt_28571_left.jpg,Wuhan_Part1_pt_10052_front.jpg
Wuhan_Part2_pt_17125_front.jpg,Wuhan_Part2_pt_19144_back.jpg
Changsha_Part5_pt_41786_right.jpg,Changsha_Part5_pt_46484_left.jpg
Changsha_Part2_pt_10415_back.jpg,Changsha_Part4_pt_35861_left.jpg
Changsha_Part2_pt_16293_front.jpg,Nanchang_Part1_pt_309_back.jpg
Changsha_Part5_pt_43557_back.jpg,Nanchang_Part3_pt_23502_front.jpg
Wuhan_Part1_pt_4704_back.jpg,Wuhan_Part1_pt_819_front.jpg
Nanchang_Part2_pt_12539_front.jpg,Wuhan_Part2_pt_23928_back.jpg
Changsha_Part5_pt_42756_right.jpg,Nanchang_Part1_pt_1808_back.jpg
Wuhan_Part1_pt_1053_right.jpg,Wuhan_Part3_pt_39555_front.jpg
Changsha_Part2_pt_14409_front.jpg,Wuhan_Part3_pt_36584_back.jpg
Changsha_Part5_pt_43438_front.jpg,Wuhan_Part3_pt_41577_left.jpg
Changsha_Part6_pt_54018_back.jpg,Wuhan_Part1_pt_5970_back.jpg
Changsha_Part3_pt_23134_left.jpg,Wuhan_Part2_pt_26404_left.jpg
Changsha_Part3_pt_25736_left.jpg,Wuhan_Part3_pt_34980_back.jpg
Nanchang_Part1_pt_6745_front.jpg,Wuhan_Part1_pt_131_right.jpg
Changsha_Part6_pt_55670_back.jpg,Nanchang_Part1_pt_2847_front.jpg
Nanchang_Part2_pt_11442_right.jpg,Wuhan_Part2_pt_19777_front.jpg
Changsha_Part5_pt_42756_right.jpg,Wuhan_Part1_pt_3410_back.jpg
Changsha_Part2_pt_17510_front.jpg,Nanchang_Part3_pt_23059_front.jpg
Wuhan_Part1_pt_3751_right.jpg,Wuhan_Part3_pt_31833_front.jpg
Nanchang_Part2_pt_17487_right.jpg,Wuhan_Part1_pt_10113_back.jpg
Wuhan_Part2_pt_21516_back.jpg,Wuhan_Part2_pt_27439_front.jpg
Changsha_Part3_pt_27425_back.jpg,Nanchang_Part1_pt_3224_left.jpg
Changsha_Part3_pt_20174_front.jpg,Nanchang_Part3_pt_22584_left.jpg
Changsha_Part5_pt_43473_front.jpg,Wuhan_Part1_pt_4486_back.jpg
Nanchang_Part1_pt_7010_front.jpg,Wuhan_Part3_pt_33826_back.jpg
Nanchang_Part1_pt_8119_right.jpg,Nanchang_Part2_pt_19865_right.jpg
Changsha_Part4_pt_35840_right.jpg,Wuhan_Part1_pt_740_right.jpg
Changsha_Part1_pt_3692_back.jpg,Nanchang_Part2_pt_11381_back.jpg
Nanchang_Part1_pt_6878_back.jpg,Wuhan_Part2_pt_20088_front.jpg
Changsha_Part4_pt_32473_right.jpg,Nanchang_Part3_pt_30485_front.jpg
Changsha_Part6_pt_54018_back.jpg,Wuhan_Part3_pt_38798_back.jpg
Changsha_Part1_pt_996_back.jpg,Changsha_Part2_pt_10259_back.jpg
Nanchang_Part1_pt_4893_front.jpg,Nanchang_Part2_pt_19657_front.jpg
Changsha_Part4_pt_35618_back.jpg,Nanchang_Part1_pt_309_back.jpg
Nanchang_Part2_pt_20212_front.jpg,Wuhan_Part1_pt_3410_back.jpg
Changsha_Part5_pt_42757_right.jpg,Wuhan_Part1_pt_488_left.jpg
Nanchang_Part1_pt_8561_left.jpg,Wuhan_Part1_pt_3843_back.jpg
Nanchang_Part1_pt_5528_left.jpg,Nanchang_Part1_pt_6314_left.jpg
Wuhan_Part2_pt_27179_back.jpg,Wuhan_Part3_pt_40368_front.jpg
Nanchang_Part1_pt_3386_left.jpg,Nanchang_Part1_pt_7979_right.jpg
Nanchang_Part1_pt_6829_right.jpg,Wuhan_Part3_pt_41182_back.jpg
Changsha_Part6_pt_50649_left.jpg,Nanchang_Part2_pt_13968_front.jpg
Nanchang_Part2_pt_15371_right.jpg,Nanchang_Part3_pt_22606_front.jpg
Changsha_Part3_pt_25710_left.jpg,Wuhan_Part1_pt_2084_front.jpg
Changsha_Part6_pt_57628_back.jpg,Nanchang_Part1_pt_2879_right.jpg
Nanchang_Part1_pt_9144_front.jpg,Wuhan_Part2_pt_23692_front.jpg
Changsha_Part4_pt_36040_right.jpg,Nanchang_Part2_pt_17077_left.jpg
Changsha_Part5_pt_40221_right.jpg,Nanchang_Part1_pt_6657_right.jpg
Nanchang_Part1_pt_4393_right.jpg,Nanchang_Part3_pt_22854_back.jpg
Nanchang_Part3_pt_30356_back.jpg,Wuhan_Part3_pt_36595_front.jpg
Changsha_Part2_pt_13447_right.jpg,Nanchang_Part1_pt_8030_left.jpg
Nanchang_Part2_pt_19865_right.jpg,Wuhan_Part1_pt_2613_right.jpg
Changsha_Part1_pt_5528_front.jpg,Wuhan_Part1_pt_2330_left.jpg
Changsha_Part6_pt_55774_left.jpg,Wuhan_Part2_pt_27169_right.jpg
Nanchang_Part1_pt_6314_left.jpg,Wuhan_Part3_pt_38615_right.jpg
Nanchang_Part3_pt_27082_back.jpg,Wuhan_Part2_pt_15630_left.jpg
Changsha_Part2_pt_17980_right.jpg,Wuhan_Part3_pt_33210_left.jpg
Changsha_Part5_pt_47450_back.jpg,Nanchang_Part2_pt_15371_right.jpg
Changsha_Part3_pt_28779_right.jpg,Wuhan_Part3_pt_32617_left.jpg
Changsha_Part2_pt_12004_front.jpg,Wuhan_Part1_pt_7817_back.jpg
Changsha_Part6_pt_56883_right.jpg,Wuhan_Part1_pt_819_front.jpg
Nanchang_Part3_pt_28758_left.jpg,Wuhan_Part2_pt_26668_front.jpg
Changsha_Part2_pt_17980_right.jpg,Nanchang_Part1_pt_2847_front.jpg
Nanchang_Part2_pt_15371_right.jpg,Wuhan_Part2_pt_23555_front.jpg
Nanchang_Part1_pt_8510_back.jpg,Wuhan_Part1_pt_4704_back.jpg
Nanchang_Part1_pt_9724_front.jpg,Nanchang_Part2_pt_17985_back.jpg
Nanchang_Part2_pt_18719_back.jpg,Wuhan_Part1_pt_2672_right.jpg
Changsha_Part3_pt_24252_front.jpg,Wuhan_Part2_pt_18189_back.jpg
Changsha_Part3_pt_25736_left.jpg,Nanchang_Part2_pt_14274_left.jpg
Changsha_Part5_pt_46307_front.jpg,Changsha_Part6_pt_57264_left.jpg
Changsha_Part1_pt_2308_front.jpg,Nanchang_Part2_pt_11628_front.jpg
Changsha_Part2_pt_15724_left.jpg,Wuhan_Part1_pt_4115_front.jpg
Changsha_Part3_pt_23973_right.jpg,Nanchang_Part2_pt_13660_front.jpg
Changsha_Part2_pt_14761_back.jpg,Wuhan_Part2_pt_24353_right.jpg
Wuhan_Part2_pt_23555_front.jpg,Wuhan_Part3_pt_33451_right.jpg
Changsha_Part4_pt_36485_right.jpg,Nanchang_Part2_pt_19795_right.jpg
Changsha_Part2_pt_13683_back.jpg,Nanchang_Part1_pt_8277_front.jpg
Nanchang_Part1_pt_6648_right.jpg,Nanchang_Part2_pt_18872_right.jpg
Changsha_Part2_pt_17999_left.jpg,Nanchang_Part2_pt_12539_front.jpg
Changsha_Part1_pt_4607_front.jpg,Nanchang_Part2_pt_16094_left.jpg
Changsha_Part5_pt_42238_left.jpg,Nanchang_Part2_pt_15633_front.jpg
Nanchang_Part3_pt_27082_back.jpg,Wuhan_Part1_pt_740_right.jpg
Nanchang_Part2_pt_12559_back.jpg,Wuhan_Part2_pt_17975_right.jpg
Wuhan_Part2_pt_18553_front.jpg,Wuhan_Part2_pt_21749_left.jpg
Wuhan_Part3_pt_34168_back.jpg,Wuhan_Part3_pt_36567_right.jpg
Changsha_Part5_pt_44090_right.jpg,Wuhan_Part1_pt_6287_front.jpg
Changsha_Part1_pt_996_back.jpg,Changsha_Part2_pt_15992_left.jpg
Changsha_Part2_pt_17728_right.jpg,Changsha_Part5_pt_45542_back.jpg
Changsha_Part4_pt_32068_right.jpg,Changsha_Part6_pt_58557_front.jpg
Wuhan_Part3_pt_35277_back.jpg,Wuhan_Part3_pt_42698_back.jpg
Changsha_Part6_pt_51615_left.jpg,Wuhan_Part1_pt_6067_back.jpg
Changsha_Part4_pt_33177_left.jpg,Wuhan_Part1_pt_9396_left.jpg
Changsha_Part6_pt_50277_right.jpg,Wuhan_Part1_pt_637_front.jpg
Nanchang_Part2_pt_19699_back.jpg,Wuhan_Part1_pt_6893_left.jpg
Nanchang_Part3_pt_22584_left.jpg,Wuhan_Part1_pt_417_front.jpg
Changsha_Part2_pt_15644_front.jpg,Wuhan_Part1_pt_3252_right.jpg
Wuhan_Part1_pt_2672_right.jpg,Wuhan_Part2_pt_21679_front.jpg
Changsha_Part5_pt_42756_right.jpg,Wuhan_Part1_pt_9321_front.jpg
Wuhan_Part2_pt_20086_right.jpg,Wuhan_Part2_pt_24304_front.jpg
Changsha_Part6_pt_56075_left.jpg,Nanchang_Part2_pt_19699_back.jpg
Changsha_Part6_pt_55018_front.jpg,Nanchang_Part1_pt_741_left.jpg
Changsha_Part6_pt_52510_left.jpg,Wuhan_Part1_pt_8504_left.jpg
Changsha_Part2_pt_15746_left.jpg,Changsha_Part2_pt_15853_right.jpg
Changsha_Part6_pt_57362_right.jpg,Nanchang_Part2_pt_11628_front.jpg
Changsha_Part1_pt_4172_right.jpg,Nanchang_Part3_pt_29149_back.jpg
Changsha_Part1_pt_6847_front.jpg,Nanchang_Part1_pt_8277_front.jpg
Changsha_Part6_pt_53756_right.jpg,Wuhan_Part3_pt_37339_right.jpg
Nanchang_Part3_pt_27202_right.jpg,Wuhan_Part2_pt_17765_front.jpg
Changsha_Part5_pt_41724_left.jpg,Wuhan_Part3_pt_39555_front.jpg
Wuhan_Part1_pt_3252_right.jpg,Wuhan_Part3_pt_40616_front.jpg
Nanchang_Part1_pt_9904_right.jpg,Wuhan_Part1_pt_11303_right.jpg
Nanchang_Part1_pt_9144_front.jpg,Wuhan_Part3_pt_34158_right.jpg
Changsha_Part2_pt_15853_right.jpg,Wuhan_Part3_pt_40368_front.jpg
Nanchang_Part1_pt_9756_left.jpg,Wuhan_Part2_pt_21749_left.jpg
Changsha_Part3_pt_21965_front.jpg,Wuhan_Part1_pt_1937_back.jpg
Nanchang_Part2_pt_19829_front.jpg,Nanchang_Part3_pt_22580_front.jpg
Wuhan_Part1_pt_1482_front.jpg,Wuhan_Part1_pt_9922_left.jpg
Wuhan_Part3_pt_35204_left.jpg,Wuhan_Part3_pt_43094_back.jpg
Changsha_Part3_pt_28755_left.jpg,Nanchang_Part2_pt_12674_back.jpg
Wuhan_Part3_pt_34168_back.jpg,Wuhan_Part3_pt_34977_right.jpg
Wuhan_Part1_pt_1144_right.jpg,Wuhan_Part2_pt_19264_left.jpg
Changsha_Part5_pt_42695_right.jpg,Wuhan_Part2_pt_22930_left.jpg
Wuhan_Part1_pt_2822_right.jpg,Wuhan_Part3_pt_37084_back.jpg
Nanchang_Part1_pt_8030_left.jpg,Nanchang_Part3_pt_22661_left.jpg
Nanchang_Part1_pt_8094_back.jpg,Wuhan_Part1_pt_10463_left.jpg
Changsha_Part2_pt_12327_right.jpg,Wuhan_Part3_pt_31960_right.jpg
Changsha_Part1_pt_6407_right.jpg,Changsha_Part3_pt_26523_front.jpg
Changsha_Part2_pt_11345_left.jpg,Nanchang_Part1_pt_1317_front.jpg
Nanchang_Part3_pt_27650_front.jpg,Wuhan_Part1_pt_10463_left.jpg
Changsha_Part2_pt_17999_left.jpg,Wuhan_Part3_pt_32617_left.jpg
Changsha_Part6_pt_51757_front.jpg,Changsha_Part6_pt_55455_right.jpg
Wuhan_Part2_pt_23091_left.jpg,Wuhan_Part3_pt_33893_front.jpg
Changsha_Part4_pt_37794_right.jpg,Changsha_Part6_pt_55472_left.jpg
Changsha_Part3_pt_27199_left.jpg,Wuhan_Part3_pt_36915_front.jpg
Nanchang_Part3_pt_24725_right.jpg,Wuhan_Part1_pt_1482_front.jpg
Changsha_Part1_pt_3692_back.jpg,Changsha_Part2_pt_15631_front.jpg
Nanchang_Part1_pt_3229_left.jpg,Nanchang_Part1_pt_3386_left.jpg
Changsha_Part5_pt_45139_left.jpg,Wuhan_Part1_pt_7153_right.jpg
Changsha_Part6_pt_50277_right.jpg,Changsha_Part6_pt_55982_left.jpg
Changsha_Part5_pt_45015_right.jpg,Changsha_Part5_pt_46400_back.jpg
Changsha_Part5_pt_42695_right.jpg,Wuhan_Part2_pt_24304_front.jpg
Changsha_Part2_pt_12639_right.jpg,Nanchang_Part2_pt_13660_front.jpg
Changsha_Part1_pt_2566_left.jpg,Changsha_Part3_pt_21634_right.jpg
Wuhan_Part1_pt_7827_left.jpg,Wuhan_Part2_pt_17364_right.jpg
Nanchang_Part2_pt_15023_left.jpg,Wuhan_Part3_pt_40154_front.jpg
Nanchang_Part1_pt_256_front.jpg,Nanchang_Part1_pt_5261_right.jpg
Nanchang_Part3_pt_22567_right.jpg,Nanchang_Part3_pt_32368_right.jpg
Changsha_Part4_pt_32239_right.jpg,Nanchang_Part1_pt_5353_left.jpg
Changsha_Part5_pt_42757_right.jpg,Nanchang_Part1_pt_9447_front.jpg
Nanchang_Part2_pt_15035_left.jpg,Nanchang_Part3_pt_28522_right.jpg
Changsha_Part3_pt_20397_front.jpg,Wuhan_Part1_pt_2153_right.jpg
Changsha_Part6_pt_52484_front.jpg,Wuhan_Part2_pt_20088_front.jpg
Changsha_Part2_pt_12639_right.jpg,Nanchang_Part3_pt_28522_right.jpg
Changsha_Part2_pt_11750_front.jpg,Wuhan_Part3_pt_41577_left.jpg
Changsha_Part6_pt_51628_left.jpg,Wuhan_Part1_pt_6778_back.jpg
Changsha_Part4_pt_31904_front.jpg,Wuhan_Part2_pt_18553_front.jpg
Changsha_Part2_pt_10259_back.jpg,Changsha_Part6_pt_53887_back.jpg
Nanchang_Part2_pt_17077_left.jpg,Wuhan_Part1_pt_4115_front.jpg
Changsha_Part2_pt_15291_front.jpg,Nanchang_Part3_pt_30232_right.jpg
Changsha_Part2_pt_12584_right.jpg,Nanchang_Part2_pt_12569_back.jpg
Nanchang_Part1_pt_7027_back.jpg,Wuhan_Part1_pt_1986_right.jpg
Changsha_Part4_pt_34587_back.jpg,Nanchang_Part1_pt_635_left.jpg
Changsha_Part6_pt_55774_left.jpg,Wuhan_Part2_pt_22829_back.jpg
Wuhan_Part2_pt_17329_front.jpg,Wuhan_Part3_pt_32106_left.jpg
Nanchang_Part3_pt_27797_left.jpg,Wuhan_Part1_pt_3269_right.jpg
Changsha_Part2_pt_13683_back.jpg,Wuhan_Part1_pt_2822_right.jpg
Nanchang_Part2_pt_13876_left.jpg,Wuhan_Part1_pt_5958_front.jpg
Changsha_Part6_pt_58248_front.jpg,Nanchang_Part1_pt_9655_left.jpg
Nanchang_Part3_pt_27082_back.jpg,Wuhan_Part1_pt_4084_right.jpg
Changsha_Part3_pt_21965_front.jpg,Nanchang_Part2_pt_12577_left.jpg
Changsha_Part4_pt_30621_back.jpg,Nanchang_Part1_pt_6488_left.jpg
Nanchang_Part1_pt_8391_right.jpg,Wuhan_Part3_pt_32090_front.jpg
Changsha_Part5_pt_45542_back.jpg,Wuhan_Part2_pt_26608_front.jpg
Changsha_Part2_pt_11524_front.jpg,Nanchang_Part3_pt_30858_front.jpg
Changsha_Part4_pt_32436_left.jpg,Wuhan_Part2_pt_19144_back.jpg
Changsha_Part1_pt_1630_front.jpg,Nanchang_Part2_pt_19886_left.jpg
Changsha_Part6_pt_51265_back.jpg,Nanchang_Part3_pt_22661_left.jpg
Changsha_Part1_pt_4988_front.jpg,Changsha_Part3_pt_28198_front.jpg
Changsha_Part5_pt_40221_right.jpg,Nanchang_Part2_pt_13614_left.jpg
Nanchang_Part3_pt_22567_right.jpg,Nanchang_Part3_pt_29341_back.jpg
Changsha_Part3_pt_23478_left.jpg,Changsha_Part6_pt_52888_back.jpg
Changsha_Part4_pt_30304_front.jpg,Nanchang_Part1_pt_9599_back.jpg
Changsha_Part4_pt_36530_back.jpg,Nanchang_Part2_pt_18845_front.jpg
Changsha_Part6_pt_55309_front.jpg,Wuhan_Part2_pt_19592_back.jpg
Wuhan_Part1_pt_7051_front.jpg,Wuhan_Part3_pt_42188_front.jpg
Nanchang_Part3_pt_27075_left.jpg,Wuhan_Part2_pt_15743_front.jpg
Wuhan_Part1_pt_8915_front.jpg,Wuhan_Part2_pt_26156_back.jpg
Changsha_Part4_pt_31193_back.jpg,Wuhan_Part1_pt_9396_left.jpg
Changsha_Part3_pt_23794_back.jpg,Changsha_Part4_pt_37192_front.jpg
Nanchang_Part2_pt_20318_right.jpg,Wuhan_Part2_pt_23692_front.jpg
Nanchang_Part1_pt_5769_left.jpg,Wuhan_Part3_pt_38649_right.jpg
Changsha_Part4_pt_30825_back.jpg,Wuhan_Part2_pt_20088_front.jpg
Changsha_Part2_pt_10270_right.jpg,Wuhan_Part3_pt_31969_front.jpg
Changsha_Part3_pt_28099_left.jpg,Wuhan_Part1_pt_7827_left.jpg
Changsha_Part6_pt_54362_back.jpg,Nanchang_Part3_pt_22661_left.jpg
Changsha_Part3_pt_21735_front.jpg,Changsha_Part4_pt_35551_front.jpg
Nanchang_Part1_pt_3665_right.jpg,Nanchang_Part2_pt_18736_back.jpg
Changsha_Part2_pt_17590_back.jpg,Nanchang_Part3_pt_24085_front.jpg
Changsha_Part5_pt_46050_right.jpg,Nanchang_Part2_pt_18045_right.jpg
Wuhan_Part3_pt_32112_back.jpg,Wuhan_Part3_pt_35865_front.jpg
Changsha_Part3_pt_23973_right.jpg,Changsha_Part4_pt_36040_right.jpg
Changsha_Part4_pt_31169_back.jpg,Wuhan_Part3_pt_32664_back.jpg
Nanchang_Part1_pt_6529_right.jpg,Wuhan_Part3_pt_31969_front.jpg
Changsha_Part2_pt_11524_front.jpg,Nanchang_Part3_pt_30388_left.jpg
Changsha_Part3_pt_24252_front.jpg,Changsha_Part3_pt_26523_front.jpg
Changsha_Part5_pt_46092_right.jpg,Nanchang_Part1_pt_3587_right.jpg
Nanchang_Part2_pt_19785_right.jpg,Wuhan_Part3_pt_39616_right.jpg
Changsha_Part6_pt_57362_right.jpg,Wuhan_Part2_pt_24640_front.jpg
Changsha_Part4_pt_33640_back.jpg,Wuhan_Part1_pt_2293_right.jpg
Changsha_Part4_pt_31888_back.jpg,Wuhan_Part3_pt_34980_back.jpg
Changsha_Part6_pt_51316_left.jpg,Nanchang_Part1_pt_3386_left.jpg
Nanchang_Part1_pt_8513_right.jpg,Nanchang_Part2_pt_12581_left.jpg
Changsha_Part5_pt_46484_left.jpg,Wuhan_Part2_pt_16215_back.jpg
Changsha_Part2_pt_11501_right.jpg,Wuhan_Part2_pt_26906_back.jpg
Changsha_Part2_pt_10270_right.jpg,Changsha_Part6_pt_55774_left.jpg
Nanchang_Part3_pt_28606_back.jpg,Wuhan_Part3_pt_39555_front.jpg
Changsha_Part2_pt_15724_left.jpg,Changsha_Part4_pt_35342_back.jpg
Wuhan_Part1_pt_3944_left.jpg,Wuhan_Part2_pt_23318_back.jpg
Changsha_Part1_pt_5266_left.jpg,Wuhan_Part2_pt_26668_front.jpg
Nanchang_Part1_pt_6529_right.jpg,Nanchang_Part2_pt_12654_back.jpg
Changsha_Part5_pt_47450_back.jpg,Nanchang_Part3_pt_30858_front.jpg
Nanchang_Part2_pt_15035_left.jpg,Wuhan_Part1_pt_8424_back.jpg
Wuhan_Part2_pt_21945_left.jpg,Wuhan_Part2_pt_28088_back.jpg
Changsha_Part3_pt_23970_right.jpg,Changsha_Part6_pt_53887_back.jpg
Nanchang_Part1_pt_9741_back.jpg,Wuhan_Part2_pt_26737_left.jpg
Nanchang_Part2_pt_12581_left.jpg,Wuhan_Part3_pt_40495_left.jpg
Nanchang_Part2_pt_11381_back.jpg,Wuhan_Part1_pt_3116_front.jpg
Wuhan_Part1_pt_7963_left.jpg,Wuhan_Part2_pt_22930_left.jpg
Changsha_Part1_pt_6050_right.jpg,Nanchang_Part3_pt_29590_left.jpg
Wuhan_Part3_pt_31296_left.jpg,Wuhan_Part3_pt_35053_front.jpg
Changsha_Part5_pt_44803_left.jpg,Wuhan_Part2_pt_22062_back.jpg
Changsha_Part5_pt_42019_front.jpg,Nanchang_Part2_pt_14274_left.jpg
Wuhan_Part2_pt_21679_front.jpg,Wuhan_Part2_pt_23555_front.jpg
Changsha_Part6_pt_54278_left.jpg,Nanchang_Part2_pt_19349_back.jpg
Wuhan_Part1_pt_192_left.jpg,Wuhan_Part3_pt_35204_left.jpg
Nanchang_Part2_pt_19567_back.jpg,Wuhan_Part2_pt_17765_front.jpg
Changsha_Part6_pt_54278_left.jpg,Nanchang_Part3_pt_24187_right.jpg
Changsha_Part2_pt_12327_right.jpg,Wuhan_Part3_pt_40957_left.jpg
Nanchang_Part1_pt_1625_left.jpg,Nanchang_Part2_pt_12929_right.jpg
Changsha_Part4_pt_35244_back.jpg,Nanchang_Part2_pt_17540_front.jpg
Nanchang_Part1_pt_8871_right.jpg,Wuhan_Part2_pt_17125_front.jpg
Nanchang_Part1_pt_9756_left.jpg,Wuhan_Part2_pt_17061_front.jpg
Changsha_Part6_pt_57628_back.jpg,Wuhan_Part1_pt_1904_left.jpg
Nanchang_Part2_pt_13660_front.jpg,Wuhan_Part2_pt_18460_left.jpg
Changsha_Part6_pt_56982_back.jpg,Wuhan_Part1_pt_2976_right.jpg
Changsha_Part1_pt_2566_left.jpg,Nanchang_Part2_pt_12094_right.jpg
Nanchang_Part1_pt_1056_front.jpg,Wuhan_Part2_pt_17295_back.jpg
Changsha_Part3_pt_27425_back.jpg,Changsha_Part4_pt_35551_front.jpg
Changsha_Part6_pt_50927_back.jpg,Nanchang_Part3_pt_31025_left.jpg
Changsha_Part6_pt_55322_right.jpg,Wuhan_Part2_pt_27245_left.jpg
Changsha_Part3_pt_23133_front.jpg,Nanchang_Part2_pt_19657_front.jpg
Nanchang_Part2_pt_15426_left.jpg,Nanchang_Part2_pt_18845_front.jpg
Wuhan_Part1_pt_819_front.jpg,Wuhan_Part3_pt_32315_left.jpg
Changsha_Part5_pt_40221_right.jpg,Nanchang_Part3_pt_30396_back.jpg
Nanchang_Part2_pt_12789_front.jpg,Wuhan_Part3_pt_38433_back.jpg
Changsha_Part6_pt_57264_left.jpg,Nanchang_Part2_pt_20227_front.jpg
Nanchang_Part2_pt_16595_back.jpg,Wuhan_Part2_pt_26385_left.jpg
Nanchang_Part3_pt_31209_left.jpg,Wuhan_Part1_pt_10147_left.jpg
Nanchang_Part2_pt_17446_right.jpg,Wuhan_Part2_pt_22591_left.jpg
Nanchang_Part2_pt_11726_back.jpg,Wuhan_Part1_pt_8308_front.jpg
Changsha_Part6_pt_55472_left.jpg,Wuhan_Part1_pt_345_front.jpg
Nanchang_Part3_pt_24406_left.jpg,Wuhan_Part1_pt_1904_left.jpg
Changsha_Part2_pt_16293_front.jpg,Nanchang_Part3_pt_30260_right.jpg
Changsha_Part6_pt_52888_back.jpg,Nanchang_Part1_pt_8391_right.jpg
Changsha_Part1_pt_6847_front.jpg,Nanchang_Part3_pt_32364_left.jpg
Changsha_Part3_pt_23478_left.jpg,Wuhan_Part1_pt_7563_left.jpg
Changsha_Part3_pt_24252_front.jpg,Changsha_Part3_pt_26037_left.jpg
Nanchang_Part3_pt_25159_right.jpg,Wuhan_Part2_pt_19596_left.jpg
Changsha_Part2_pt_14874_left.jpg,Nanchang_Part1_pt_1317_front.jpg
Wuhan_Part3_pt_35530_front.jpg,Wuhan_Part3_pt_40368_front.jpg
Changsha_Part6_pt_54642_front.jpg,Nanchang_Part1_pt_256_front.jpg
Nanchang_Part3_pt_29590_left.jpg,Wuhan_Part2_pt_21621_front.jpg
Changsha_Part4_pt_34265_back.jpg,Changsha_Part6_pt_54034_right.jpg
Changsha_Part1_pt_2719_front.jpg,Wuhan_Part2_pt_23241_left.jpg
Wuhan_Part1_pt_1937_back.jpg,Wuhan_Part2_pt_23928_back.jpg
Nanchang_Part2_pt_15739_front.jpg,Wuhan_Part1_pt_3198_front.jpg
Changsha_Part6_pt_53756_right.jpg,Wuhan_Part2_pt_17221_left.jpg
Changsha_Part6_pt_58557_front.jpg,Nanchang_Part2_pt_14057_front.jpg
Changsha_Part3_pt_29509_left.jpg,Wuhan_Part2_pt_21352_right.jpg
Wuhan_Part3_pt_31401_front.jpg,Wuhan_Part3_pt_31960_right.jpg
Changsha_Part1_pt_1232_right.jpg,Nanchang_Part1_pt_849_left.jpg
Changsha_Part6_pt_52484_front.jpg,Wuhan_Part2_pt_26385_left.jpg
Nanchang_Part1_pt_6657_right.jpg,Wuhan_Part2_pt_16547_left.jpg
Changsha_Part4_pt_30968_back.jpg,Nanchang_Part2_pt_11726_front.jpg
Wuhan_Part2_pt_23692_front.jpg,Wuhan_Part3_pt_36915_front.jpg
Nanchang_Part1_pt_7647_left.jpg,Nanchang_Part3_pt_22580_front.jpg
Changsha_Part2_pt_15853_right.jpg,Nanchang_Part1_pt_8871_right.jpg
Wuhan_Part2_pt_22829_back.jpg,Wuhan_Part3_pt_35071_back.jpg
Changsha_Part2_pt_14251_right.jpg,Changsha_Part6_pt_54034_right.jpg
Changsha_Part4_pt_35618_back.jpg,Wuhan_Part1_pt_2054_right.jpg
Nanchang_Part1_pt_3285_left.jpg,Wuhan_Part1_pt_4517_right.jpg
Nanchang_Part2_pt_19667_right.jpg,Nanchang_Part3_pt_22661_left.jpg
Changsha_Part1_pt_4087_right.jpg,Wuhan_Part1_pt_10052_front.jpg
Changsha_Part1_pt_2989_right.jpg,Nanchang_Part2_pt_14274_left.jpg
Nanchang_Part3_pt_32368_right.jpg,Wuhan_Part1_pt_7386_back.jpg
Nanchang_Part2_pt_14839_right.jpg,Wuhan_Part1_pt_3111_front.jpg
Changsha_Part2_pt_14874_left.jpg,Wuhan_Part3_pt_33893_front.jpg
Changsha_Part2_pt_11244_left.jpg,Wuhan_Part1_pt_415_left.jpg
Changsha_Part5_pt_46743_right.jpg,Wuhan_Part1_pt_3562_left.jpg
Changsha_Part5_pt_44035_back.jpg,Wuhan_Part2_pt_22303_back.jpg
Changsha_Part3_pt_23970_right.jpg,Wuhan_Part3_pt_31833_front.jpg
Changsha_Part6_pt_57264_left.jpg,Nanchang_Part3_pt_24124_back.jpg
Changsha_Part3_pt_25710_left.jpg,Wuhan_Part3_pt_41364_right.jpg
Nanchang_Part2_pt_19349_back.jpg,Wuhan_Part1_pt_6287_front.jpg
Changsha_Part6_pt_58557_front.jpg,Wuhan_Part1_pt_2525_front.jpg
Changsha_Part4_pt_34587_back.jpg,Wuhan_Part1_pt_9527_left.jpg
Nanchang_Part1_pt_5607_right.jpg,Wuhan_Part3_pt_31296_left.jpg
Nanchang_Part2_pt_13968_front.jpg,Wuhan_Part2_pt_18189_back.jpg
Nanchang_Part2_pt_15760_back.jpg,Nanchang_Part3_pt_22854_back.jpg
Changsha_Part5_pt_41786_right.jpg,Wuhan_Part2_pt_24484_front.jpg
Changsha_Part3_pt_29721_left.jpg,Wuhan_Part3_pt_40845_back.jpg
Nanchang_Part1_pt_6649_right.jpg,Wuhan_Part3_pt_35558_front.jpg
Nanchang_Part3_pt_24189_front.jpg,Wuhan_Part3_pt_33527_left.jpg
Changsha_Part5_pt_42019_front.jpg,Changsha_Part6_pt_54018_back.jpg
Nanchang_Part1_pt_8277_front.jpg,Wuhan_Part1_pt_7153_right.jpg
Wuhan_Part1_pt_1128_front.jpg,Wuhan_Part1_pt_5213_front.jpg
Nanchang_Part1_pt_5004_back.jpg,Nanchang_Part1_pt_9144_front.jpg
Changsha_Part4_pt_31855_back.jpg,Changsha_Part5_pt_42019_front.jpg
Changsha_Part6_pt_56467_front.jpg,Wuhan_Part2_pt_21679_front.jpg
Nanchang_Part2_pt_19567_back.jpg,Wuhan_Part2_pt_24317_back.jpg
Changsha_Part2_pt_13552_front.jpg,Nanchang_Part2_pt_12842_left.jpg
Changsha_Part2_pt_10435_back.jpg,Wuhan_Part2_pt_17295_back.jpg
Nanchang_Part1_pt_8777_right.jpg,Nanchang_Part2_pt_19791_left.jpg
Changsha_Part2_pt_11251_left.jpg,Nanchang_Part2_pt_19349_back.jpg
Changsha_Part3_pt_24110_front.jpg,Changsha_Part3_pt_26037_left.jpg
Changsha_Part6_pt_52680_left.jpg,Nanchang_Part3_pt_27189_left.jpg
Changsha_Part3_pt_23970_right.jpg,Nanchang_Part1_pt_6918_back.jpg
Wuhan_Part1_pt_9289_front.jpg,Wuhan_Part3_pt_34958_front.jpg
Changsha_Part5_pt_46885_left.jpg,Wuhan_Part1_pt_3116_front.jpg
Changsha_Part3_pt_21735_front.jpg,Nanchang_Part2_pt_17227_front.jpg
Nanchang_Part2_pt_19562_front.jpg,Wuhan_Part2_pt_19592_back.jpg
Changsha_Part3_pt_28198_front.jpg,Wuhan_Part1_pt_2822_right.jpg
Nanchang_Part1_pt_6649_right.jpg,Nanchang_Part2_pt_13403_front.jpg
Nanchang_Part2_pt_12581_left.jpg,Wuhan_Part1_pt_3252_right.jpg
Wuhan_Part1_pt_1144_right.jpg,Wuhan_Part2_pt_22829_back.jpg
Nanchang_Part1_pt_3704_front.jpg,Wuhan_Part2_pt_26521_front.jpg
Changsha_Part4_pt_33286_left.jpg,Wuhan_Part2_pt_19095_left.jpg
Nanchang_Part2_pt_12842_left.jpg,Wuhan_Part3_pt_38798_back.jpg
Changsha_Part6_pt_53756_right.jpg,Changsha_Part6_pt_56883_right.jpg
Nanchang_Part1_pt_5894_front.jpg,Nanchang_Part1_pt_849_left.jpg
Changsha_Part2_pt_17980_right.jpg,Nanchang_Part2_pt_18020_back.jpg
Nanchang_Part3_pt_30674_left.jpg,Wuhan_Part3_pt_41235_back.jpg
Changsha_Part4_pt_30539_back.jpg,Wuhan_Part2_pt_20292_back.jpg
Changsha_Part5_pt_44968_back.jpg,Wuhan_Part1_pt_9321_front.jpg
Nanchang_Part2_pt_12103_back.jpg,Wuhan_Part2_pt_23318_back.jpg
Nanchang_Part2_pt_12011_left.jpg,Wuhan_Part1_pt_7051_front.jpg
Nanchang_Part1_pt_1965_back.jpg,Wuhan_Part1_pt_10463_left.jpg
Wuhan_Part3_pt_31296_left.jpg,Wuhan_Part3_pt_32763_front.jpg
Nanchang_Part2_pt_20348_right.jpg,Wuhan_Part1_pt_3843_back.jpg
Changsha_Part6_pt_53640_right.jpg,Nanchang_Part3_pt_29404_right.jpg
Wuhan_Part1_pt_1062_left.jpg,Wuhan_Part3_pt_35204_left.jpg
Changsha_Part2_pt_12086_back.jpg,Wuhan_Part1_pt_1482_front.jpg
Changsha_Part3_pt_28034_front.jpg,Changsha_Part5_pt_46278_left.jpg
Wuhan_Part1_pt_345_front.jpg,Wuhan_Part2_pt_18958_back.jpg
Changsha_Part6_pt_57250_front.jpg,Wuhan_Part1_pt_1144_right.jpg
Changsha_Part6_pt_58333_right.jpg,Wuhan_Part1_pt_2293_right.jpg
Wuhan_Part3_pt_34875_right.jpg,Wuhan_Part3_pt_36584_back.jpg
Nanchang_Part2_pt_18760_front.jpg,Nanchang_Part3_pt_30062_back.jpg
Changsha_Part4_pt_33286_left.jpg,Nanchang_Part2_pt_17077_left.jpg
Wuhan_Part3_pt_32106_left.jpg,Wuhan_Part3_pt_32112_back.jpg
Changsha_Part6_pt_52680_left.jpg,Wuhan_Part1_pt_7856_right.jpg
Nanchang_Part3_pt_32850_left.jpg,Wuhan_Part2_pt_19596_left.jpg
Changsha_Part1_pt_1891_left.jpg,Nanchang_Part3_pt_22824_back.jpg
Changsha_Part3_pt_22004_right.jpg,Changsha_Part5_pt_42648_left.jpg
Nanchang_Part2_pt_12674_back.jpg,Nanchang_Part3_pt_31921_back.jpg
Nanchang_Part3_pt_22886_front.jpg,Wuhan_Part1_pt_7963_left.jpg
Changsha_Part2_pt_17728_right.jpg,Changsha_Part5_pt_43557_back.jpg
Changsha_Part2_pt_11501_right.jpg,Nanchang_Part2_pt_15633_front.jpg
Changsha_Part4_pt_35000_back.jpg,Wuhan_Part3_pt_37339_right.jpg
Changsha_Part6_pt_55138_back.jpg,Nanchang_Part3_pt_23774_front.jpg
Changsha_Part1_pt_3751_left.jpg,Nanchang_Part1_pt_4640_back.jpg
Changsha_Part3_pt_28198_front.jpg,Changsha_Part5_pt_43557_back.jpg
Changsha_Part1_pt_6399_back.jpg,Wuhan_Part3_pt_32640_front.jpg
Changsha_Part3_pt_21873_left.jpg,Wuhan_Part1_pt_6881_front.jpg
Wuhan_Part2_pt_17975_right.jpg,Wuhan_Part3_pt_34977_right.jpg
Wuhan_Part1_pt_2293_right.jpg,Wuhan_Part3_pt_31443_right.jpg
Changsha_Part2_pt_11345_left.jpg,Nanchang_Part3_pt_23774_front.jpg
Nanchang_Part2_pt_13842_back.jpg,Wuhan_Part1_pt_6835_right.jpg
Changsha_Part5_pt_43473_front.jpg,Nanchang_Part2_pt_12842_left.jpg
Wuhan_Part3_pt_34158_right.jpg,Wuhan_Part3_pt_36595_front.jpg
Wuhan_Part1_pt_10147_left.jpg,Wuhan_Part3_pt_31541_front.jpg
Changsha_Part2_pt_15861_left.jpg,Nanchang_Part2_pt_19667_right.jpg
Changsha_Part2_pt_15291_front.jpg,Nanchang_Part1_pt_599_back.jpg
Changsha_Part4_pt_37845_back.jpg,Wuhan_Part3_pt_37558_back.jpg
Nanchang_Part3_pt_28929_right.jpg,Wuhan_Part3_pt_31296_left.jpg
Changsha_Part1_pt_1669_front.jpg,Wuhan_Part3_pt_39523_left.jpg
Changsha_Part3_pt_23794_back.jpg,Wuhan_Part1_pt_7827_left.jpg
Nanchang_Part1_pt_3587_right.jpg,Wuhan_Part1_pt_9321_front.jpg
Changsha_Part2_pt_15291_front.jpg,Changsha_Part4_pt_33542_right.jpg
Nanchang_Part1_pt_8663_back.jpg,Wuhan_Part1_pt_1902_right.jpg
Wuhan_Part3_pt_32554_left.jpg,Wuhan_Part3_pt_34596_right.jpg
Nanchang_Part1_pt_819_front.jpg,Wuhan_Part1_pt_7051_front.jpg
Changsha_Part3_pt_26037_left.jpg,Wuhan_Part2_pt_19592_back.jpg
Changsha_Part2_pt_15998_back.jpg,Wuhan_Part1_pt_8308_front.jpg
Changsha_Part1_pt_5333_front.jpg,Nanchang_Part2_pt_18045_right.jpg
Changsha_Part5_pt_42757_right.jpg,Wuhan_Part2_pt_22110_left.jpg
Wuhan_Part1_pt_1437_back.jpg,Wuhan_Part1_pt_6851_right.jpg
Changsha_Part5_pt_41863_front.jpg,Nanchang_Part1_pt_1625_left.jpg
Changsha_Part6_pt_55138_back.jpg,Wuhan_Part1_pt_8424_back.jpg
Changsha_Part4_pt_36807_right.jpg,Nanchang_Part2_pt_13933_right.jpg
Wuhan_Part1_pt_7563_left.jpg,Wuhan_Part3_pt_38433_back.jpg
Changsha_Part5_pt_46743_right.jpg,Wuhan_Part1_pt_4704_back.jpg
Changsha_Part6_pt_57264_left.jpg,Wuhan_Part2_pt_17880_right.jpg
Wuhan_Part1_pt_7386_back.jpg,Wuhan_Part1_pt_7963_left.jpg
Wuhan_Part1_pt_192_left.jpg,Wuhan_Part2_pt_21324_back.jpg
Changsha_Part2_pt_15853_right.jpg,Wuhan_Part3_pt_32106_left.jpg
Nanchang_Part2_pt_19791_left.jpg,Wuhan_Part3_pt_36365_left.jpg
Changsha_Part6_pt_50346_back.jpg,Nanchang_Part1_pt_599_back.jpg
Changsha_Part1_pt_6407_right.jpg,Nanchang_Part1_pt_7084_front.jpg
Nanchang_Part2_pt_12842_left.jpg,Nanchang_Part3_pt_30674_left.jpg
Nanchang_Part2_pt_19865_right.jpg,Wuhan_Part2_pt_28088_back.jpg
Changsha_Part3_pt_27913_front.jpg,Wuhan_Part3_pt_42177_front.jpg
Wuhan_Part1_pt_2084_front.jpg,Wuhan_Part2_pt_16645_left.jpg
Nanchang_Part2_pt_15932_left.jpg,Wuhan_Part2_pt_24317_back.jpg
Changsha_Part6_pt_56604_left.jpg,Wuhan_Part3_pt_31296_left.jpg
Changsha_Part5_pt_47118_left.jpg,Nanchang_Part3_pt_31125_front.jpg
Nanchang_Part2_pt_11442_right.jpg,Wuhan_Part2_pt_20482_right.jpg
Nanchang_Part1_pt_6748_right.jpg,Nanchang_Part3_pt_30158_right.jpg
Changsha_Part2_pt_14874_left.jpg,Changsha_Part6_pt_55670_back.jpg
Changsha_Part6_pt_55472_left.jpg,Nanchang_Part3_pt_24187_right.jpg
Nanchang_Part1_pt_5528_left.jpg,Wuhan_Part1_pt_67_right.jpg
Changsha_Part2_pt_16405_front.jpg,Changsha_Part6_pt_58557_front.jpg
Nanchang_Part3_pt_32850_left.jpg,Wuhan_Part3_pt_35275_back.jpg
Changsha_Part3_pt_21735_front.jpg,Changsha_Part6_pt_54672_back.jpg
Changsha_Part4_pt_36807_right.jpg,Wuhan_Part2_pt_18623_left.jpg
Changsha_Part4_pt_35840_right.jpg,Changsha_Part5_pt_46396_left.jpg
Changsha_Part4_pt_36530_back.jpg,Nanchang_Part2_pt_15004_back.jpg
Changsha_Part1_pt_161_front.jpg,Nanchang_Part1_pt_4566_back.jpg
Nanchang_Part1_pt_9861_left.jpg,Wuhan_Part3_pt_33451_right.jpg
Wuhan_Part1_pt_3116_front.jpg,Wuhan_Part3_pt_35865_front.jpg
Nanchang_Part2_pt_15778_front.jpg,Nanchang_Part2_pt_17983_left.jpg
Changsha_Part3_pt_24252_front.jpg,Wuhan_Part1_pt_131_right.jpg
Nanchang_Part1_pt_7076_front.jpg,Nanchang_Part2_pt_12631_right.jpg
Changsha_Part1_pt_4807_left.jpg,Wuhan_Part3_pt_32664_back.jpg
Changsha_Part4_pt_35296_back.jpg,Changsha_Part4_pt_36721_back.jpg
Nanchang_Part1_pt_3665_right.jpg,Wuhan_Part3_pt_31541_front.jpg
Nanchang_Part3_pt_31367_back.jpg,Wuhan_Part1_pt_3224_right.jpg
Changsha_Part3_pt_29509_left.jpg,Changsha_Part5_pt_46743_right.jpg
Changsha_Part4_pt_33808_back.jpg,Nanchang_Part3_pt_31209_left.jpg
Nanchang_Part2_pt_12695_right.jpg,Wuhan_Part1_pt_9442_back.jpg
Nanchang_Part1_pt_9724_front.jpg,Wuhan_Part1_pt_1937_back.jpg
Wuhan_Part1_pt_6881_front.jpg,Wuhan_Part2_pt_17503_back.jpg
Changsha_Part3_pt_25736_left.jpg,Wuhan_Part3_pt_34596_right.jpg
Nanchang_Part2_pt_19791_left.jpg,Wuhan_Part1_pt_740_right.jpg
Changsha_Part3_pt_21728_front.jpg,Wuhan_Part2_pt_19264_left.jpg
Changsha_Part3_pt_25820_back.jpg,Nanchang_Part1_pt_1317_front.jpg
Changsha_Part4_pt_33642_left.jpg,Wuhan_Part2_pt_25372_right.jpg
Changsha_Part4_pt_35244_back.jpg,Changsha_Part5_pt_46119_back.jpg
Nanchang_Part1_pt_9144_front.jpg,Nanchang_Part2_pt_18892_right.jpg
Nanchang_Part1_pt_5769_left.jpg,Wuhan_Part1_pt_2672_right.jpg
Nanchang_Part1_pt_2847_front.jpg,Nanchang_Part1_pt_4893_front.jpg
Nanchang_Part2_pt_20275_back.jpg,Wuhan_Part2_pt_17768_left.jpg
Changsha_Part3_pt_24252_front.jpg,Wuhan_Part2_pt_21749_left.jpg
Changsha_Part4_pt_36721_back.jpg,Nanchang_Part1_pt_1783_left.jpg
Wuhan_Part1_pt_7227_left.jpg,Wuhan_Part3_pt_37084_back.jpg
Changsha_Part3_pt_28755_left.jpg,Nanchang_Part2_pt_17357_right.jpg
Nanchang_Part1_pt_1285_back.jpg,Wuhan_Part3_pt_34875_right.jpg
Nanchang_Part1_pt_8094_back.jpg,Nanchang_Part2_pt_20647_front.jpg
Changsha_Part3_pt_23813_front.jpg,Nanchang_Part3_pt_28863_back.jpg
Nanchang_Part2_pt_15023_left.jpg,Wuhan_Part2_pt_19777_front.jpg
Changsha_Part2_pt_15724_left.jpg,Wuhan_Part3_pt_36365_left.jpg
Changsha_Part4_pt_33177_left.jpg,Nanchang_Part1_pt_7010_front.jpg
Nanchang_Part1_pt_8513_right.jpg,Wuhan_Part1_pt_6911_front.jpg
Changsha_Part1_pt_1380_back.jpg,Nanchang_Part3_pt_31367_back.jpg
Wuhan_Part1_pt_10052_front.jpg,Wuhan_Part2_pt_18460_left.jpg
Changsha_Part6_pt_50548_right.jpg,Wuhan_Part1_pt_3803_back.jpg
Changsha_Part4_pt_33640_back.jpg,Nanchang_Part3_pt_27590_right.jpg
Nanchang_Part3_pt_30396_back.jpg,Wuhan_Part1_pt_4084_right.jpg
Changsha_Part1_pt_1669_front.jpg,Nanchang_Part3_pt_29149_back.jpg
Nanchang_Part1_pt_7076_front.jpg,Nanchang_Part2_pt_19657_front.jpg
Nanchang_Part1_pt_3200_right.jpg,Nanchang_Part2_pt_16158_back.jpg
Nanchang_Part3_pt_28977_left.jpg,Wuhan_Part2_pt_22110_left.jpg
Nanchang_Part3_pt_30356_back.jpg,Wuhan_Part2_pt_22829_back.jpg
Nanchang_Part1_pt_5661_front.jpg,Nanchang_Part3_pt_30232_right.jpg
Nanchang_Part1_pt_8386_back.jpg,Wuhan_Part1_pt_6658_right.jpg
Nanchang_Part2_pt_18732_front.jpg,Wuhan_Part2_pt_26906_back.jpg
Changsha_Part2_pt_11244_left.jpg,Changsha_Part6_pt_50548_right.jpg
Changsha_Part2_pt_16040_front.jpg,Changsha_Part6_pt_53305_front.jpg
Changsha_Part6_pt_56883_right.jpg,Nanchang_Part1_pt_3170_front.jpg
Wuhan_Part2_pt_20584_back.jpg,Wuhan_Part2_pt_26153_back.jpg
Changsha_Part2_pt_11794_back.jpg,Nanchang_Part3_pt_28606_back.jpg
Nanchang_Part2_pt_17446_right.jpg,Wuhan_Part3_pt_40154_front.jpg
Changsha_Part4_pt_35244_back.jpg,Nanchang_Part1_pt_5386_front.jpg
Changsha_Part3_pt_24106_left.jpg,Nanchang_Part1_pt_9891_back.jpg
Changsha_Part3_pt_23274_front.jpg,Wuhan_Part2_pt_20584_back.jpg
Wuhan_Part1_pt_192_left.jpg,Wuhan_Part3_pt_32640_front.jpg
Changsha_Part3_pt_23274_front.jpg,Wuhan_Part2_pt_24300_right.jpg
Wuhan_Part2_pt_24484_front.jpg,Wuhan_Part3_pt_39616_right.jpg
Changsha_Part2_pt_18295_left.jpg,Nanchang_Part1_pt_7622_front.jpg
Changsha_Part4_pt_30304_front.jpg,Changsha_Part6_pt_56883_right.jpg
Changsha_Part6_pt_55455_right.jpg,Wuhan_Part2_pt_17880_right.jpg
Changsha_Part6_pt_54034_right.jpg,Wuhan_Part2_pt_22062_back.jpg
Changsha_Part4_pt_32436_left.jpg,Wuhan_Part2_pt_26153_back.jpg
Changsha_Part1_pt_1380_back.jpg,Wuhan_Part3_pt_33210_left.jpg
Nanchang_Part2_pt_16094_left.jpg,Nanchang_Part3_pt_22797_back.jpg
Nanchang_Part2_pt_19440_front.jpg,Wuhan_Part1_pt_2153_right.jpg
Changsha_Part2_pt_15281_back.jpg,Changsha_Part4_pt_33640_back.jpg
Nanchang_Part2_pt_15035_left.jpg,Wuhan_Part2_pt_15743_front.jpg
Wuhan_Part1_pt_345_front.jpg,Wuhan_Part1_pt_7963_left.jpg
Changsha_Part5_pt_42648_left.jpg,Wuhan_Part1_pt_2740_right.jpg
Changsha_Part5_pt_44035_back.jpg,Nanchang_Part1_pt_6314_left.jpg
Nanchang_Part1_pt_8391_right.jpg,Nanchang_Part2_pt_11726_back.jpg
Nanchang_Part1_pt_5353_left.jpg,Wuhan_Part1_pt_1128_front.jpg
Nanchang_Part3_pt_32422_front.jpg,Wuhan_Part2_pt_16017_left.jpg
Wuhan_Part1_pt_8504_left.jpg,Wuhan_Part1_pt_9169_left.jpg
Changsha_Part4_pt_33542_right.jpg,Wuhan_Part2_pt_21324_back.jpg
Wuhan_Part1_pt_740_right.jpg,Wuhan_Part3_pt_38433_back.jpg
Nanchang_Part2_pt_11381_back.jpg,Nanchang_Part3_pt_25159_right.jpg
Wuhan_Part1_pt_2330_left.jpg,Wuhan_Part2_pt_27541_right.jpg
Nanchang_Part2_pt_16595_back.jpg,Wuhan_Part2_pt_15743_front.jpg
Changsha_Part5_pt_43473_front.jpg,Nanchang_Part3_pt_23059_front.jpg
Changsha_Part1_pt_3692_back.jpg,Wuhan_Part3_pt_35384_right.jpg
Nanchang_Part1_pt_1056_front.jpg,Wuhan_Part3_pt_41411_front.jpg
Changsha_Part6_pt_50346_back.jpg,Nanchang_Part1_pt_8049_front.jpg
Changsha_Part2_pt_11501_right.jpg,Wuhan_Part1_pt_8308_front.jpg
Changsha_Part2_pt_13552_front.jpg,Nanchang_Part2_pt_13933_right.jpg
Wuhan_Part1_pt_611_right.jpg,Wuhan_Part3_pt_39555_front.jpg
Changsha_Part6_pt_55309_front.jpg,Nanchang_Part3_pt_27202_right.jpg
Changsha_Part2_pt_16277_right.jpg,Nanchang_Part2_pt_12103_back.jpg
Wuhan_Part1_pt_735_right.jpg,Wuhan_Part3_pt_41235_back.jpg
Nanchang_Part1_pt_4566_back.jpg,Wuhan_Part3_pt_41182_back.jpg
Nanchang_Part1_pt_3552_left.jpg,Nanchang_Part2_pt_20647_front.jpg
Nanchang_Part2_pt_19440_front.jpg,Wuhan_Part1_pt_4_front.jpg
Changsha_Part6_pt_57628_back.jpg,Nanchang_Part3_pt_27075_left.jpg
Changsha_Part2_pt_15746_left.jpg,Wuhan_Part3_pt_40957_left.jpg
Nanchang_Part1_pt_3229_left.jpg,Wuhan_Part2_pt_16017_left.jpg
Nanchang_Part1_pt_3475_right.jpg,Wuhan_Part2_pt_19680_left.jpg
Changsha_Part6_pt_54278_left.jpg,Nanchang_Part1_pt_279_front.jpg
Changsha_Part4_pt_34587_back.jpg,Wuhan_Part1_pt_3252_right.jpg
Wuhan_Part2_pt_19560_back.jpg,Wuhan_Part2_pt_26668_front.jpg
Changsha_Part5_pt_45542_back.jpg,Nanchang_Part2_pt_16158_back.jpg
Nanchang_Part3_pt_27082_back.jpg,Wuhan_Part2_pt_18189_back.jpg
Changsha_Part3_pt_25941_front.jpg,Nanchang_Part1_pt_1965_back.jpg
Changsha_Part2_pt_15746_left.jpg,Wuhan_Part3_pt_39565_front.jpg
Changsha_Part4_pt_34902_right.jpg,Nanchang_Part2_pt_18736_back.jpg
Changsha_Part6_pt_51265_back.jpg,Nanchang_Part3_pt_27598_right.jpg
Changsha_Part6_pt_58206_front.jpg,Nanchang_Part1_pt_6649_right.jpg
Changsha_Part4_pt_33026_right.jpg,Wuhan_Part3_pt_35071_back.jpg
Wuhan_Part1_pt_9922_left.jpg,Wuhan_Part3_pt_31401_front.jpg
Changsha_Part2_pt_17590_back.jpg,Wuhan_Part2_pt_24300_right.jpg
Changsha_Part6_pt_53305_front.jpg,Wuhan_Part2_pt_23692_front.jpg
Changsha_Part5_pt_47118_left.jpg,Wuhan_Part2_pt_23234_front.jpg
Changsha_Part1_pt_6811_right.jpg,Changsha_Part5_pt_45542_back.jpg
Wuhan_Part1_pt_7563_left.jpg,Wuhan_Part2_pt_19680_left.jpg
Changsha_Part1_pt_15_right.jpg,Nanchang_Part2_pt_19349_back.jpg
Changsha_Part1_pt_3070_back.jpg,Nanchang_Part2_pt_12654_back.jpg
Wuhan_Part1_pt_3786_right.jpg,Wuhan_Part2_pt_22829_back.jpg
Wuhan_Part3_pt_32554_left.jpg,Wuhan_Part3_pt_40702_back.jpg
Nanchang_Part1_pt_5386_front.jpg,Wuhan_Part1_pt_7827_left.jpg
Changsha_Part3_pt_24106_left.jpg,Changsha_Part3_pt_28636_left.jpg
Changsha_Part6_pt_54034_right.jpg,Nanchang_Part1_pt_5661_front.jpg
Changsha_Part5_pt_41657_right.jpg,Wuhan_Part3_pt_34980_back.jpg
Changsha_Part1_pt_2292_left.jpg,Nanchang_Part1_pt_7056_left.jpg
Nanchang_Part1_pt_6044_right.jpg,Nanchang_Part2_pt_17121_front.jpg
Nanchang_Part1_pt_5607_right.jpg,Wuhan_Part3_pt_32617_left.jpg
Nanchang_Part1_pt_3704_front.jpg,Nanchang_Part2_pt_17357_right.jpg
Nanchang_Part3_pt_31125_front.jpg,Wuhan_Part2_pt_17975_right.jpg
Changsha_Part2_pt_17980_right.jpg,Nanchang_Part1_pt_4729_left.jpg
Changsha_Part1_pt_2292_left.jpg,Wuhan_Part1_pt_6658_right.jpg
Nanchang_Part1_pt_8777_right.jpg,Nanchang_Part2_pt_14274_left.jpg
Changsha_Part6_pt_55322_right.jpg,Wuhan_Part3_pt_39319_left.jpg
Changsha_Part5_pt_41657_right.jpg,Nanchang_Part2_pt_17121_front.jpg
Nanchang_Part1_pt_849_left.jpg,Nanchang_Part3_pt_30858_front.jpg
Changsha_Part1_pt_4087_right.jpg,Wuhan_Part2_pt_23555_front.jpg
Changsha_Part2_pt_15631_front.jpg,Wuhan_Part3_pt_33399_back.jpg
Wuhan_Part3_pt_32779_right.jpg,Wuhan_Part3_pt_40845_back.jpg
Changsha_Part1_pt_161_front.jpg,Changsha_Part4_pt_32436_left.jpg
Nanchang_Part1_pt_9891_back.jpg,Nanchang_Part2_pt_17077_left.jpg
Nanchang_Part2_pt_13614_left.jpg,Nanchang_Part2_pt_18020_back.jpg
Changsha_Part1_pt_5737_left.jpg,Wuhan_Part1_pt_6067_back.jpg
Changsha_Part3_pt_20158_left.jpg,Nanchang_Part2_pt_18872_right.jpg
Changsha_Part3_pt_21873_left.jpg,Wuhan_Part2_pt_24317_back.jpg
Changsha_Part5_pt_41657_right.jpg,Nanchang_Part1_pt_741_left.jpg
Changsha_Part1_pt_1891_left.jpg,Wuhan_Part2_pt_24300_right.jpg
Nanchang_Part3_pt_28416_front.jpg,Wuhan_Part1_pt_4486_back.jpg
Changsha_Part6_pt_58206_front.jpg,Nanchang_Part1_pt_352_back.jpg
Changsha_Part1_pt_26_right.jpg,Changsha_Part4_pt_35618_back.jpg
Nanchang_Part2_pt_12842_left.jpg,Nanchang_Part3_pt_30271_left.jpg
Changsha_Part5_pt_41724_left.jpg,Nanchang_Part3_pt_22567_right.jpg
Nanchang_Part1_pt_1317_front.jpg,Nanchang_Part3_pt_31125_front.jpg
Changsha_Part2_pt_17728_right.jpg,Wuhan_Part1_pt_304_back.jpg
Nanchang_Part1_pt_9330_right.jpg,Nanchang_Part2_pt_15275_front.jpg
Nanchang_Part3_pt_29590_left.jpg,Wuhan_Part1_pt_10463_left.jpg
Changsha_Part2_pt_17959_left.jpg,Changsha_Part3_pt_23134_left.jpg
Changsha_Part4_pt_35179_front.jpg,Wuhan_Part3_pt_32763_front.jpg
Changsha_Part2_pt_16040_front.jpg,Nanchang_Part2_pt_19349_back.jpg
Wuhan_Part1_pt_3803_back.jpg,Wuhan_Part2_pt_20292_back.jpg
Changsha_Part1_pt_514_right.jpg,Changsha_Part4_pt_33640_back.jpg
Nanchang_Part2_pt_20212_front.jpg,Wuhan_Part2_pt_27245_left.jpg
Changsha_Part6_pt_50548_right.jpg,Wuhan_Part2_pt_19680_left.jpg
Changsha_Part1_pt_2308_front.jpg,Wuhan_Part2_pt_28088_back.jpg
Nanchang_Part2_pt_17985_back.jpg,Wuhan_Part2_pt_26521_front.jpg
Nanchang_Part2_pt_20647_front.jpg,Wuhan_Part2_pt_26385_left.jpg
Changsha_Part2_pt_16405_front.jpg,Changsha_Part6_pt_54278_left.jpg
Changsha_Part3_pt_21735_front.jpg,Wuhan_Part3_pt_40616_front.jpg
Changsha_Part1_pt_1380_back.jpg,Wuhan_Part1_pt_3562_left.jpg
Changsha_Part5_pt_42756_right.jpg,Wuhan_Part3_pt_40759_front.jpg
Changsha_Part5_pt_46484_left.jpg,Nanchang_Part2_pt_15633_front.jpg
Changsha_Part2_pt_18295_left.jpg,Wuhan_Part2_pt_21749_left.jpg
Changsha_Part1_pt_514_right.jpg,Changsha_Part6_pt_56982_back.jpg
Changsha_Part1_pt_5333_front.jpg,Wuhan_Part1_pt_7051_front.jpg
Changsha_Part4_pt_35840_right.jpg,Nanchang_Part1_pt_7056_left.jpg
Nanchang_Part3_pt_24809_front.jpg,Wuhan_Part1_pt_9922_left.jpg
Changsha_Part3_pt_28636_left.jpg,Changsha_Part4_pt_35618_back.jpg
Changsha_Part4_pt_32119_left.jpg,Changsha_Part6_pt_55889_left.jpg
Wuhan_Part1_pt_488_left.jpg,Wuhan_Part3_pt_32315_left.jpg
Changsha_Part3_pt_23134_left.jpg,Nanchang_Part3_pt_31259_front.jpg
Changsha_Part2_pt_12816_right.jpg,Nanchang_Part1_pt_309_back.jpg
Changsha_Part3_pt_28034_front.jpg,Wuhan_Part3_pt_34066_front.jpg
Changsha_Part6_pt_55376_front.jpg,Nanchang_Part1_pt_3386_left.jpg
Nanchang_Part2_pt_15633_front.jpg,Wuhan_Part1_pt_2672_right.jpg
Changsha_Part1_pt_2989_right.jpg,Wuhan_Part2_pt_23378_front.jpg
Wuhan_Part3_pt_33157_front.jpg,Wuhan_Part3_pt_39616_right.jpg
Nanchang_Part1_pt_8510_back.jpg,Wuhan_Part1_pt_2525_front.jpg
Changsha_Part2_pt_11460_front.jpg,Changsha_Part4_pt_30092_right.jpg
Changsha_Part1_pt_5333_front.jpg,Wuhan_Part3_pt_41364_right.jpg
Nanchang_Part2_pt_15035_left.jpg,Wuhan_Part2_pt_23234_front.jpg
Changsha_Part5_pt_43557_back.jpg,Changsha_Part5_pt_46172_left.jpg
Nanchang_Part2_pt_12278_front.jpg,Nanchang_Part3_pt_28977_left.jpg
Nanchang_Part2_pt_12496_front.jpg,Nanchang_Part2_pt_15778_front.jpg
Changsha_Part3_pt_21965_front.jpg,Changsha_Part6_pt_51193_back.jpg
Wuhan_Part1_pt_4344_back.jpg,Wuhan_Part3_pt_34168_back.jpg
Changsha_Part5_pt_41863_front.jpg,Wuhan_Part2_pt_23091_left.jpg
Changsha_Part4_pt_37192_front.jpg,Wuhan_Part2_pt_23378_front.jpg
Changsha_Part6_pt_54741_back.jpg,Wuhan_Part3_pt_42188_front.jpg
Changsha_Part5_pt_47450_back.jpg,Wuhan_Part1_pt_3269_right.jpg
Changsha_Part1_pt_5528_front.jpg,Nanchang_Part2_pt_20318_right.jpg
Nanchang_Part1_pt_6529_right.jpg,Wuhan_Part3_pt_38649_right.jpg
Nanchang_Part2_pt_12496_front.jpg,Nanchang_Part3_pt_30062_back.jpg
Nanchang_Part2_pt_18736_back.jpg,Wuhan_Part2_pt_24484_front.jpg
Changsha_Part6_pt_58333_right.jpg,Wuhan_Part2_pt_21679_front.jpg
Nanchang_Part1_pt_9599_back.jpg,Nanchang_Part3_pt_30126_left.jpg
Changsha_Part2_pt_11273_front.jpg,Wuhan_Part1_pt_3751_right.jpg
Changsha_Part1_pt_5400_front.jpg,Nanchang_Part3_pt_32422_front.jpg
Changsha_Part5_pt_41513_back.jpg,Nanchang_Part2_pt_18872_right.jpg
Nanchang_Part1_pt_3229_left.jpg,Wuhan_Part1_pt_6604_left.jpg
Changsha_Part6_pt_52484_front.jpg,Wuhan_Part1_pt_6911_front.jpg
Nanchang_Part1_pt_583_right.jpg,Nanchang_Part2_pt_16094_left.jpg
Changsha_Part4_pt_32239_right.jpg,Nanchang_Part1_pt_6488_left.jpg
Changsha_Part3_pt_29647_left.jpg,Nanchang_Part1_pt_9741_back.jpg
Changsha_Part1_pt_425_front.jpg,Changsha_Part5_pt_46050_right.jpg
Changsha_Part3_pt_25880_right.jpg,Nanchang_Part1_pt_7027_back.jpg
Changsha_Part1_pt_26_right.jpg,Changsha_Part2_pt_18188_back.jpg
Changsha_Part6_pt_53305_front.jpg,Changsha_Part6_pt_53640_right.jpg
Changsha_Part2_pt_15631_front.jpg,Nanchang_Part2_pt_15426_left.jpg
Changsha_Part3_pt_28034_front.jpg,Wuhan_Part3_pt_33409_right.jpg
Changsha_Part4_pt_34587_back.jpg,Nanchang_Part3_pt_30271_left.jpg
Wuhan_Part1_pt_3252_right.jpg,Wuhan_Part3_pt_31401_front.jpg
Nanchang_Part2_pt_17227_front.jpg,Wuhan_Part1_pt_7728_back.jpg
Changsha_Part3_pt_25820_back.jpg,Wuhan_Part2_pt_16017_left.jpg
Changsha_Part3_pt_20174_front.jpg,Nanchang_Part1_pt_1056_front.jpg
Changsha_Part1_pt_4607_front.jpg,Nanchang_Part3_pt_24725_right.jpg
Changsha_Part2_pt_13447_right.jpg,Changsha_Part2_pt_15992_left.jpg
Changsha_Part1_pt_1380_back.jpg,Changsha_Part2_pt_17688_right.jpg
Changsha_Part1_pt_4807_left.jpg,Nanchang_Part1_pt_279_front.jpg
Changsha_Part1_pt_5500_front.jpg,Changsha_Part5_pt_46119_back.jpg
Nanchang_Part1_pt_9718_back.jpg,Nanchang_Part3_pt_28999_right.jpg
Changsha_Part6_pt_58557_front.jpg,Nanchang_Part1_pt_3927_left.jpg
Changsha_Part4_pt_30092_right.jpg,Wuhan_Part3_pt_31443_right.jpg
Changsha_Part6_pt_50522_front.jpg,Wuhan_Part3_pt_34066_front.jpg
Changsha_Part1_pt_4234_back.jpg,Changsha_Part6_pt_51757_front.jpg
Nanchang_Part3_pt_32368_right.jpg,Wuhan_Part1_pt_304_back.jpg
Changsha_Part6_pt_58206_front.jpg,Nanchang_Part2_pt_12654_back.jpg
Changsha_Part2_pt_15853_right.jpg,Changsha_Part6_pt_50927_back.jpg
Changsha_Part2_pt_10259_back.jpg,Changsha_Part2_pt_12327_right.jpg
Changsha_Part4_pt_35296_back.jpg,Wuhan_Part1_pt_7728_back.jpg
Wuhan_Part1_pt_3198_front.jpg,Wuhan_Part2_pt_23091_left.jpg
Nanchang_Part2_pt_12616_left.jpg,Wuhan_Part1_pt_6778_back.jpg
Changsha_Part1_pt_26_right.jpg,Wuhan_Part2_pt_26385_left.jpg
Wuhan_Part2_pt_23378_front.jpg,Wuhan_Part3_pt_40154_front.jpg
Nanchang_Part1_pt_9447_front.jpg,Wuhan_Part1_pt_9442_back.jpg
Changsha_Part4_pt_30825_back.jpg,Changsha_Part6_pt_54278_left.jpg
Changsha_Part2_pt_14442_right.jpg,Wuhan_Part2_pt_27541_right.jpg
Changsha_Part5_pt_44124_right.jpg,Changsha_Part6_pt_51316_left.jpg
Changsha_Part2_pt_14371_front.jpg,Wuhan_Part2_pt_17880_right.jpg
Changsha_Part5_pt_46264_front.jpg,Nanchang_Part2_pt_14839_right.jpg
Changsha_Part5_pt_44078_back.jpg,Nanchang_Part1_pt_3552_left.jpg
Changsha_Part5_pt_44078_back.jpg,Changsha_Part6_pt_54362_back.jpg
Nanchang_Part1_pt_9891_back.jpg,Nanchang_Part2_pt_18732_front.jpg
Changsha_Part5_pt_45139_left.jpg,Wuhan_Part3_pt_33157_front.jpg
Changsha_Part1_pt_1232_right.jpg,Changsha_Part2_pt_15853_right.jpg
Changsha_Part2_pt_15281_back.jpg,Wuhan_Part1_pt_4308_right.jpg
Changsha_Part2_pt_12816_right.jpg,Nanchang_Part1_pt_9655_left.jpg
Changsha_Part6_pt_53640_right.jpg,Wuhan_Part3_pt_31541_front.jpg
Nanchang_Part1_pt_1381_back.jpg,Nanchang_Part1_pt_3229_left.jpg
Changsha_Part6_pt_51316_left.jpg,Wuhan_Part3_pt_33527_left.jpg
Wuhan_Part1_pt_637_front.jpg,Wuhan_Part1_pt_7153_right.jpg
Nanchang_Part1_pt_6878_back.jpg,Nanchang_Part3_pt_30158_right.jpg
Changsha_Part1_pt_4807_left.jpg,Changsha_Part3_pt_21873_left.jpg
Changsha_Part3_pt_29721_left.jpg,Wuhan_Part2_pt_27578_right.jpg
Changsha_Part5_pt_40666_left.jpg,Wuhan_Part3_pt_34977_right.jpg
Nanchang_Part3_pt_27598_right.jpg,Wuhan_Part2_pt_25165_front.jpg
Changsha_Part3_pt_20158_left.jpg,Nanchang_Part1_pt_4729_left.jpg
Nanchang_Part3_pt_29341_back.jpg,Wuhan_Part1_pt_819_front.jpg
Changsha_Part3_pt_24110_front.jpg,Changsha_Part4_pt_31888_back.jpg
Changsha_Part3_pt_26896_front.jpg,Wuhan_Part2_pt_19123_left.jpg
Changsha_Part3_pt_28779_right.jpg,Changsha_Part4_pt_33642_left.jpg
Wuhan_Part1_pt_2976_right.jpg,Wuhan_Part2_pt_23692_front.jpg
Changsha_Part1_pt_4807_left.jpg,Nanchang_Part1_pt_1965_back.jpg
Wuhan_Part2_pt_27179_back.jpg,Wuhan_Part3_pt_34158_right.jpg
Changsha_Part1_pt_1295_back.jpg,Wuhan_Part2_pt_19596_left.jpg
Nanchang_Part3_pt_22886_front.jpg,Wuhan_Part1_pt_3803_back.jpg
Changsha_Part4_pt_36530_back.jpg,Changsha_Part6_pt_53305_front.jpg
Changsha_Part2_pt_17493_back.jpg,Wuhan_Part1_pt_194_left.jpg
Nanchang_Part1_pt_583_right.jpg,Wuhan_Part1_pt_8504_left.jpg
Nanchang_Part3_pt_30388_left.jpg,Wuhan_Part3_pt_41412_left.jpg
Nanchang_Part3_pt_30388_left.jpg,Wuhan_Part2_pt_24058_left.jpg
Changsha_Part5_pt_45139_left.jpg,Wuhan_Part1_pt_192_left.jpg
Changsha_Part2_pt_17688_right.jpg,Changsha_Part4_pt_32239_right.jpg
Nanchang_Part2_pt_17121_front.jpg,Nanchang_Part2_pt_17985_back.jpg
Changsha_Part5_pt_41657_right.jpg,Wuhan_Part3_pt_36915_front.jpg
Wuhan_Part2_pt_17374_back.jpg,Wuhan_Part3_pt_40972_right.jpg
Changsha_Part4_pt_30066_right.jpg,Wuhan_Part3_pt_41364_right.jpg
Nanchang_Part1_pt_6657_right.jpg,Wuhan_Part1_pt_7856_right.jpg
Changsha_Part2_pt_15861_left.jpg,Wuhan_Part3_pt_36409_back.jpg
Changsha_Part5_pt_45015_right.jpg,Nanchang_Part3_pt_30014_left.jpg
Nanchang_Part2_pt_12539_front.jpg,Wuhan_Part3_pt_31443_right.jpg
Changsha_Part6_pt_56883_right.jpg,Wuhan_Part3_pt_32763_front.jpg
Nanchang_Part1_pt_6008_front.jpg,Wuhan_Part1_pt_7817_back.jpg
Changsha_Part1_pt_1891_left.jpg,Changsha_Part1_pt_3070_back.jpg
Wuhan_Part1_pt_1437_back.jpg,Wuhan_Part1_pt_194_left.jpg
Nanchang_Part1_pt_635_left.jpg,Nanchang_Part3_pt_30158_right.jpg
Changsha_Part2_pt_17493_back.jpg,Wuhan_Part1_pt_5213_front.jpg
Changsha_Part1_pt_5355_back.jpg,Changsha_Part6_pt_52680_left.jpg
Changsha_Part1_pt_1230_back.jpg,Wuhan_Part2_pt_18460_left.jpg
Nanchang_Part1_pt_279_front.jpg,Wuhan_Part3_pt_38615_right.jpg
Changsha_Part6_pt_54278_left.jpg,Nanchang_Part2_pt_12496_front.jpg
Wuhan_Part2_pt_18488_front.jpg,Wuhan_Part2_pt_19423_right.jpg
Nanchang_Part1_pt_944_back.jpg,Wuhan_Part2_pt_20086_right.jpg
Wuhan_Part2_pt_24484_front.jpg,Wuhan_Part3_pt_32617_left.jpg
Changsha_Part4_pt_30968_back.jpg,Wuhan_Part1_pt_10052_front.jpg
Nanchang_Part3_pt_28084_front.jpg,Wuhan_Part2_pt_16645_left.jpg
Changsha_Part1_pt_6811_right.jpg,Wuhan_Part2_pt_17765_front.jpg
Nanchang_Part2_pt_13042_front.jpg,Nanchang_Part2_pt_16284_front.jpg
Changsha_Part6_pt_56467_front.jpg,Wuhan_Part2_pt_26521_front.jpg
Changsha_Part5_pt_43932_front.jpg,Nanchang_Part2_pt_17077_left.jpg
Nanchang_Part1_pt_4640_back.jpg,Nanchang_Part3_pt_27075_left.jpg
Changsha_Part1_pt_4197_right.jpg,Changsha_Part3_pt_26896_front.jpg
Nanchang_Part2_pt_18760_front.jpg,Wuhan_Part3_pt_34596_right.jpg
Changsha_Part5_pt_41199_right.jpg,Nanchang_Part2_pt_19349_back.jpg
Changsha_Part5_pt_44124_right.jpg,Wuhan_Part3_pt_40702_back.jpg
Changsha_Part1_pt_5333_front.jpg,Changsha_Part6_pt_56861_right.jpg
Changsha_Part6_pt_55774_left.jpg,Nanchang_Part3_pt_30126_left.jpg
Changsha_Part2_pt_15992_left.jpg,Wuhan_Part2_pt_27169_right.jpg
Changsha_Part6_pt_57072_right.jpg,Nanchang_Part2_pt_20647_front.jpg
Changsha_Part6_pt_53756_right.jpg,Wuhan_Part1_pt_8504_left.jpg
Nanchang_Part3_pt_32622_left.jpg,Wuhan_Part2_pt_26610_left.jpg
Nanchang_Part2_pt_18344_back.jpg,Wuhan_Part1_pt_67_right.jpg
Changsha_Part3_pt_28755_left.jpg,Nanchang_Part3_pt_29590_left.jpg
Nanchang_Part1_pt_3200_right.jpg,Wuhan_Part2_pt_26385_left.jpg
Wuhan_Part1_pt_4045_front.jpg,Wuhan_Part3_pt_32763_front.jpg
Changsha_Part4_pt_35296_back.jpg,Wuhan_Part3_pt_39319_left.jpg
Changsha_Part4_pt_36040_right.jpg,Wuhan_Part2_pt_17503_back.jpg
Nanchang_Part1_pt_7076_front.jpg,Wuhan_Part3_pt_42177_front.jpg
Wuhan_Part1_pt_1398_left.jpg,Wuhan_Part1_pt_6067_back.jpg
Changsha_Part3_pt_26896_front.jpg,Changsha_Part4_pt_37845_back.jpg
Nanchang_Part2_pt_15498_left.jpg,Wuhan_Part2_pt_20088_front.jpg
Changsha_Part2_pt_15631_front.jpg,Wuhan_Part3_pt_35275_back.jpg
Nanchang_Part3_pt_22797_back.jpg,Wuhan_Part1_pt_2613_right.jpg
Nanchang_Part1_pt_1827_left.jpg,Nanchang_Part3_pt_32938_left.jpg
Changsha_Part5_pt_40387_left.jpg,Nanchang_Part3_pt_30260_right.jpg
Nanchang_Part3_pt_27189_left.jpg,Wuhan_Part3_pt_40495_left.jpg
Changsha_Part6_pt_56883_right.jpg,Wuhan_Part3_pt_31401_front.jpg
Changsha_Part5_pt_44968_back.jpg,Nanchang_Part1_pt_1808_back.jpg
Changsha_Part3_pt_23274_front.jpg,Changsha_Part4_pt_36706_left.jpg
Nanchang_Part1_pt_4566_back.jpg,Wuhan_Part1_pt_3130_left.jpg
Nanchang_Part3_pt_28150_front.jpg,Nanchang_Part3_pt_28522_right.jpg
Nanchang_Part3_pt_24187_right.jpg,Wuhan_Part2_pt_27169_right.jpg
Nanchang_Part1_pt_1783_left.jpg,Wuhan_Part2_pt_24317_back.jpg
Nanchang_Part2_pt_15035_left.jpg,Nanchang_Part3_pt_22886_front.jpg
Changsha_Part5_pt_41657_right.jpg,Wuhan_Part2_pt_16408_front.jpg
Changsha_Part2_pt_11325_left.jpg,Changsha_Part3_pt_23478_left.jpg
Changsha_Part6_pt_55670_back.jpg,Nanchang_Part3_pt_30742_back.jpg
Changsha_Part4_pt_32119_left.jpg,Wuhan_Part2_pt_22591_left.jpg
Nanchang_Part3_pt_24187_right.jpg,Wuhan_Part3_pt_41495_right.jpg
Nanchang_Part1_pt_9599_back.jpg,Nanchang_Part2_pt_13968_front.jpg
Nanchang_Part3_pt_22606_front.jpg,Nanchang_Part3_pt_28977_left.jpg
Nanchang_Part1_pt_6529_right.jpg,Nanchang_Part3_pt_22824_back.jpg
Changsha_Part2_pt_17728_right.jpg,Nanchang_Part2_pt_11716_back.jpg
Nanchang_Part1_pt_6424_right.jpg,Wuhan_Part2_pt_17329_front.jpg
Changsha_Part4_pt_35296_back.jpg,Nanchang_Part2_pt_15035_right.jpg
Nanchang_Part1_pt_1317_front.jpg,Wuhan_Part2_pt_27296_front.jpg
Changsha_Part2_pt_15853_right.jpg,Nanchang_Part3_pt_30396_back.jpg
Changsha_Part2_pt_18188_back.jpg,Nanchang_Part2_pt_20227_front.jpg
Changsha_Part5_pt_46264_front.jpg,Nanchang_Part1_pt_7056_left.jpg
Changsha_Part1_pt_5528_front.jpg,Nanchang_Part2_pt_19440_front.jpg
Nanchang_Part3_pt_30126_left.jpg,Wuhan_Part2_pt_21352_right.jpg
Changsha_Part4_pt_37794_right.jpg,Nanchang_Part3_pt_24124_back.jpg
Changsha_Part4_pt_37794_right.jpg,Wuhan_Part3_pt_36472_right.jpg
Nanchang_Part1_pt_1285_back.jpg,Wuhan_Part2_pt_17880_right.jpg
Changsha_Part5_pt_43473_front.jpg,Nanchang_Part2_pt_17983_left.jpg
Nanchang_Part2_pt_12559_back.jpg,Nanchang_Part3_pt_26654_back.jpg
Changsha_Part2_pt_14371_front.jpg,Wuhan_Part2_pt_23692_front.jpg
Changsha_Part6_pt_54018_back.jpg,Nanchang_Part2_pt_19865_right.jpg
Changsha_Part3_pt_27051_back.jpg,Wuhan_Part1_pt_1398_left.jpg
Nanchang_Part2_pt_15297_front.jpg,Wuhan_Part3_pt_38615_right.jpg
Nanchang_Part1_pt_7647_left.jpg,Nanchang_Part2_pt_13614_left.jpg
Wuhan_Part1_pt_7963_left.jpg,Wuhan_Part3_pt_37339_right.jpg
Changsha_Part1_pt_4197_right.jpg,Changsha_Part3_pt_20158_left.jpg
Changsha_Part3_pt_29509_left.jpg,Nanchang_Part1_pt_9144_front.jpg
Nanchang_Part3_pt_25526_front.jpg,Wuhan_Part2_pt_26153_back.jpg
Changsha_Part1_pt_1016_back.jpg,Changsha_Part4_pt_33026_right.jpg
Changsha_Part1_pt_1295_back.jpg,Nanchang_Part2_pt_11628_front.jpg
Changsha_Part1_pt_5355_back.jpg,Wuhan_Part2_pt_16645_left.jpg
Nanchang_Part1_pt_8510_back.jpg,Nanchang_Part3_pt_22886_front.jpg
Wuhan_Part2_pt_22591_left.jpg,Wuhan_Part3_pt_32617_left.jpg
Nanchang_Part1_pt_3985_right.jpg,Nanchang_Part2_pt_17983_left.jpg
Changsha_Part6_pt_56861_right.jpg,Wuhan_Part2_pt_26521_front.jpg
Changsha_Part1_pt_1145_right.jpg,Wuhan_Part1_pt_3111_front.jpg
Wuhan_Part2_pt_17364_right.jpg,Wuhan_Part2_pt_20009_front.jpg
Nanchang_Part3_pt_22584_left.jpg,Wuhan_Part2_pt_19144_back.jpg
Changsha_Part5_pt_44968_back.jpg,Wuhan_Part1_pt_11205_right.jpg
Nanchang_Part1_pt_1965_back.jpg,Nanchang_Part3_pt_28522_right.jpg
Changsha_Part5_pt_44035_back.jpg,Wuhan_Part3_pt_34158_right.jpg
Changsha_Part2_pt_12584_right.jpg,Wuhan_Part2_pt_27245_left.jpg
Changsha_Part3_pt_23478_left.jpg,Nanchang_Part2_pt_17983_left.jpg
Nanchang_Part3_pt_31025_left.jpg,Nanchang_Part3_pt_32938_left.jpg
Changsha_Part3_pt_27866_right.jpg,Nanchang_Part1_pt_4640_back.jpg
Wuhan_Part2_pt_24010_front.jpg,Wuhan_Part3_pt_33399_back.jpg
Changsha_Part5_pt_40221_right.jpg,Wuhan_Part2_pt_16645_left.jpg
Changsha_Part5_pt_46743_right.jpg,Nanchang_Part1_pt_1625_left.jpg
Nanchang_Part1_pt_3985_right.jpg,Nanchang_Part3_pt_32622_left.jpg
Changsha_Part3_pt_29647_left.jpg,Changsha_Part6_pt_52680_left.jpg
Nanchang_Part2_pt_11726_front.jpg,Wuhan_Part1_pt_6835_right.jpg
Changsha_Part5_pt_46278_left.jpg,Nanchang_Part3_pt_28999_right.jpg
Changsha_Part6_pt_50927_back.jpg,Changsha_Part6_pt_52680_left.jpg
Nanchang_Part2_pt_17540_front.jpg,Wuhan_Part1_pt_2153_right.jpg
Nanchang_Part2_pt_21221_front.jpg,Wuhan_Part2_pt_23692_front.jpg
Nanchang_Part3_pt_28084_front.jpg,Wuhan_Part1_pt_8915_front.jpg
Wuhan_Part1_pt_8570_right.jpg,Wuhan_Part2_pt_17646_front.jpg
Changsha_Part4_pt_35840_right.jpg,Nanchang_Part2_pt_13847_back.jpg
Nanchang_Part2_pt_11442_right.jpg,Wuhan_Part1_pt_637_front.jpg
Nanchang_Part3_pt_24809_front.jpg,Wuhan_Part2_pt_17783_back.jpg
Wuhan_Part1_pt_10113_back.jpg,Wuhan_Part3_pt_40495_left.jpg
Changsha_Part4_pt_32473_right.jpg,Wuhan_Part1_pt_611_right.jpg
Changsha_Part2_pt_16405_front.jpg,Changsha_Part4_pt_35861_left.jpg
Nanchang_Part1_pt_9597_right.jpg,Wuhan_Part1_pt_1128_front.jpg
Changsha_Part4_pt_31169_back.jpg,Changsha_Part4_pt_34265_back.jpg
Changsha_Part1_pt_6320_back.jpg,Nanchang_Part1_pt_9553_left.jpg
Wuhan_Part2_pt_20482_right.jpg,Wuhan_Part3_pt_32617_left.jpg
Changsha_Part1_pt_5355_back.jpg,Wuhan_Part1_pt_3130_left.jpg
Changsha_Part5_pt_41863_front.jpg,Changsha_Part5_pt_46050_right.jpg
Nanchang_Part1_pt_1783_left.jpg,Wuhan_Part3_pt_31960_right.jpg
Changsha_Part4_pt_32119_left.jpg,Changsha_Part6_pt_58206_front.jpg
Changsha_Part2_pt_11273_front.jpg,Nanchang_Part2_pt_12695_right.jpg
Changsha_Part5_pt_42238_left.jpg,Changsha_Part6_pt_50522_front.jpg
Changsha_Part2_pt_10431_right.jpg,Nanchang_Part2_pt_15932_left.jpg
Nanchang_Part1_pt_6657_right.jpg,Nanchang_Part3_pt_22661_left.jpg
Nanchang_Part2_pt_12789_front.jpg,Wuhan_Part2_pt_16180_back.jpg
Nanchang_Part2_pt_15498_left.jpg,Wuhan_Part2_pt_19592_back.jpg
Changsha_Part6_pt_57264_left.jpg,Nanchang_Part2_pt_15023_left.jpg
Changsha_Part4_pt_37192_front.jpg,Wuhan_Part2_pt_19596_left.jpg
Nanchang_Part2_pt_20275_back.jpg,Nanchang_Part3_pt_30874_back.jpg
Nanchang_Part1_pt_5894_front.jpg,Wuhan_Part1_pt_7227_left.jpg
Changsha_Part6_pt_56883_right.jpg,Nanchang_Part1_pt_599_back.jpg
Changsha_Part3_pt_20028_left.jpg,Nanchang_Part2_pt_15498_left.jpg
Changsha_Part5_pt_41255_front.jpg,Nanchang_Part3_pt_24406_left.jpg
Changsha_Part3_pt_21618_front.jpg,Nanchang_Part3_pt_32938_left.jpg
Nanchang_Part1_pt_6196_right.jpg,Wuhan_Part1_pt_3803_back.jpg
Changsha_Part4_pt_32436_left.jpg,Wuhan_Part2_pt_24640_front.jpg
Wuhan_Part2_pt_16547_left.jpg,Wuhan_Part2_pt_23091_left.jpg
Changsha_Part1_pt_15_right.jpg,Wuhan_Part3_pt_32315_left.jpg
Changsha_Part2_pt_17959_left.jpg,Changsha_Part4_pt_36530_back.jpg
Changsha_Part3_pt_29721_left.jpg,Wuhan_Part3_pt_35530_front.jpg
Nanchang_Part1_pt_6529_right.jpg,Nanchang_Part2_pt_18845_front.jpg
Nanchang_Part2_pt_19667_right.jpg,Wuhan_Part1_pt_2330_left.jpg
Changsha_Part3_pt_24031_left.jpg,Wuhan_Part1_pt_2330_left.jpg
Changsha_Part3_pt_20158_left.jpg,Wuhan_Part2_pt_27439_front.jpg
Wuhan_Part2_pt_24300_right.jpg,Wuhan_Part3_pt_38798_back.jpg
Changsha_Part3_pt_26896_front.jpg,Wuhan_Part2_pt_17295_back.jpg
Changsha_Part2_pt_12816_right.jpg,Changsha_Part5_pt_46278_left.jpg
Changsha_Part2_pt_17999_left.jpg,Nanchang_Part3_pt_22567_right.jpg
Changsha_Part5_pt_42648_left.jpg,Wuhan_Part2_pt_26737_left.jpg
Nanchang_Part2_pt_20028_right.jpg,Wuhan_Part1_pt_5761_right.jpg
Changsha_Part3_pt_27024_left.jpg,Wuhan_Part2_pt_24300_right.jpg
Changsha_Part2_pt_12959_front.jpg,Wuhan_Part3_pt_32090_front.jpg
Changsha_Part6_pt_58206_front.jpg,Wuhan_Part1_pt_1144_right.jpg
Nanchang_Part2_pt_12631_right.jpg,Nanchang_Part2_pt_13042_front.jpg
Changsha_Part4_pt_35296_back.jpg,Wuhan_Part2_pt_15630_left.jpg
Changsha_Part6_pt_57250_front.jpg,Wuhan_Part1_pt_10505_left.jpg
Changsha_Part2_pt_17223_front.jpg,Nanchang_Part1_pt_9447_front.jpg
Changsha_Part1_pt_2566_left.jpg,Nanchang_Part2_pt_12842_left.jpg
Changsha_Part6_pt_54278_left.jpg,Wuhan_Part2_pt_20088_front.jpg
Changsha_Part4_pt_35342_back.jpg,Wuhan_Part2_pt_24010_front.jpg
Nanchang_Part3_pt_28546_back.jpg,Wuhan_Part3_pt_43094_back.jpg
Nanchang_Part1_pt_8277_front.jpg,Wuhan_Part1_pt_4045_front.jpg
Nanchang_Part2_pt_17487_right.jpg,Wuhan_Part1_pt_9527_left.jpg
Wuhan_Part1_pt_1904_left.jpg,Wuhan_Part1_pt_192_left.jpg
Changsha_Part5_pt_44090_right.jpg,Wuhan_Part2_pt_24640_front.jpg
Wuhan_Part1_pt_3944_left.jpg,Wuhan_Part2_pt_18488_front.jpg
Changsha_Part6_pt_51448_right.jpg,Nanchang_Part1_pt_4393_right.jpg
Nanchang_Part2_pt_15107_right.jpg,Nanchang_Part3_pt_32850_left.jpg
Changsha_Part3_pt_28779_right.jpg,Wuhan_Part1_pt_1053_right.jpg
Changsha_Part3_pt_29647_left.jpg,Wuhan_Part1_pt_5382_right.jpg
Changsha_Part5_pt_40625_left.jpg,Nanchang_Part3_pt_28977_left.jpg
Changsha_Part2_pt_16405_front.jpg,Changsha_Part4_pt_30066_right.jpg
Nanchang_Part1_pt_7010_front.jpg,Wuhan_Part1_pt_2976_right.jpg
Wuhan_Part1_pt_3224_right.jpg,Wuhan_Part2_pt_27179_back.jpg
Nanchang_Part1_pt_3229_left.jpg,Wuhan_Part2_pt_27541_right.jpg
Changsha_Part3_pt_20174_front.jpg,Wuhan_Part1_pt_4045_front.jpg
Changsha_Part1_pt_4988_front.jpg,Changsha_Part1_pt_6050_right.jpg
Changsha_Part5_pt_46484_left.jpg,Nanchang_Part2_pt_16595_back.jpg
Changsha_Part5_pt_43473_front.jpg,Nanchang_Part2_pt_18879_back.jpg
Wuhan_Part1_pt_2293_right.jpg,Wuhan_Part3_pt_31389_right.jpg
Nanchang_Part2_pt_18020_back.jpg,Nanchang_Part3_pt_25434_front.jpg
Nanchang_Part3_pt_24189_front.jpg,Wuhan_Part2_pt_19777_front.jpg
Nanchang_Part1_pt_352_back.jpg,Wuhan_Part1_pt_6881_front.jpg
Changsha_Part1_pt_3958_left.jpg,Wuhan_Part3_pt_35558_front.jpg
Changsha_Part1_pt_5333_front.jpg,Nanchang_Part1_pt_2879_right.jpg
Nanchang_Part2_pt_20259_back.jpg,Nanchang_Part3_pt_23502_front.jpg
Changsha_Part2_pt_11345_left.jpg,Changsha_Part4_pt_30066_right.jpg
Changsha_Part1_pt_6407_right.jpg,Wuhan_Part1_pt_2822_right.jpg
Changsha_Part4_pt_35000_back.jpg,Nanchang_Part1_pt_6829_right.jpg
Changsha_Part1_pt_6320_back.jpg,Nanchang_Part2_pt_15023_left.jpg
Changsha_Part1_pt_5333_front.jpg,Changsha_Part2_pt_18295_left.jpg
Changsha_Part5_pt_45650_left.jpg,Nanchang_Part1_pt_5435_front.jpg
Nanchang_Part2_pt_13488_front.jpg,Wuhan_Part1_pt_2672_right.jpg
Changsha_Part2_pt_11273_front.jpg,Changsha_Part2_pt_11524_front.jpg
Changsha_Part3_pt_20397_front.jpg,Wuhan_Part1_pt_8915_front.jpg
Changsha_Part3_pt_21873_left.jpg,Nanchang_Part3_pt_28416_front.jpg
Changsha_Part2_pt_17688_right.jpg,Wuhan_Part3_pt_37599_left.jpg
Changsha_Part5_pt_43438_front.jpg,Wuhan_Part1_pt_5958_front.jpg
Wuhan_Part1_pt_3224_right.jpg,Wuhan_Part3_pt_34875_right.jpg
Nanchang_Part2_pt_15004_back.jpg,Wuhan_Part2_pt_21945_left.jpg
Nanchang_Part2_pt_18344_back.jpg,Nanchang_Part3_pt_32850_left.jpg
Changsha_Part4_pt_36485_right.jpg,Changsha_Part6_pt_55455_right.jpg
Changsha_Part3_pt_27625_back.jpg,Wuhan_Part3_pt_40120_back.jpg
Changsha_Part1_pt_2292_left.jpg,Changsha_Part6_pt_56542_left.jpg
Changsha_Part4_pt_32473_right.jpg,Nanchang_Part2_pt_12616_left.jpg
Changsha_Part4_pt_32068_right.jpg,Nanchang_Part1_pt_8030_left.jpg
Changsha_Part3_pt_21965_front.jpg,Wuhan_Part2_pt_25165_front.jpg
Changsha_Part4_pt_32166_back.jpg,Nanchang_Part3_pt_24809_front.jpg
Changsha_Part5_pt_41724_left.jpg,Nanchang_Part1_pt_5661_front.jpg
Changsha_Part1_pt_2566_left.jpg,Changsha_Part6_pt_56075_left.jpg
Changsha_Part2_pt_16405_front.jpg,Wuhan_Part2_pt_25165_front.jpg
Nanchang_Part1_pt_1965_back.jpg,Nanchang_Part3_pt_27598_right.jpg
Changsha_Part4_pt_35000_back.jpg,Wuhan_Part1_pt_1398_left.jpg
Nanchang_Part2_pt_12559_back.jpg,Nanchang_Part2_pt_19795_right.jpg
Changsha_Part1_pt_5737_left.jpg,Nanchang_Part1_pt_2017_front.jpg
Changsha_Part2_pt_11251_left.jpg,Wuhan_Part3_pt_31443_right.jpg
Changsha_Part5_pt_46307_front.jpg,Wuhan_Part3_pt_35277_back.jpg
Changsha_Part1_pt_2566_left.jpg,Changsha_Part4_pt_30066_right.jpg
Changsha_Part6_pt_56982_back.jpg,Wuhan_Part1_pt_6604_left.jpg
Changsha_Part3_pt_23794_back.jpg,Wuhan_Part3_pt_39523_left.jpg
Changsha_Part6_pt_50548_right.jpg,Nanchang_Part1_pt_1317_front.jpg
Changsha_Part4_pt_37845_back.jpg,Nanchang_Part2_pt_20227_front.jpg
Changsha_Part4_pt_35840_right.jpg,Nanchang_Part3_pt_22606_front.jpg
Nanchang_Part1_pt_6088_right.jpg,Wuhan_Part2_pt_16017_left.jpg
Changsha_Part1_pt_4607_front.jpg,Changsha_Part2_pt_11750_front.jpg
Nanchang_Part3_pt_27590_right.jpg,Wuhan_Part2_pt_26737_left.jpg
Changsha_Part5_pt_46119_back.jpg,Wuhan_Part1_pt_2822_right.jpg
Changsha_Part4_pt_32068_right.jpg,Changsha_Part6_pt_51193_back.jpg
Changsha_Part3_pt_21965_front.jpg,Nanchang_Part2_pt_11716_back.jpg
Nanchang_Part2_pt_19657_front.jpg,Wuhan_Part3_pt_42512_back.jpg
Changsha_Part5_pt_41786_right.jpg,Nanchang_Part1_pt_5033_front.jpg
Changsha_Part1_pt_1230_back.jpg,Wuhan_Part3_pt_34875_right.jpg
Changsha_Part5_pt_46119_back.jpg,Wuhan_Part1_pt_5035_right.jpg
Changsha_Part5_pt_43932_front.jpg,Nanchang_Part2_pt_20275_back.jpg
Wuhan_Part2_pt_26610_left.jpg,Wuhan_Part3_pt_31541_front.jpg
Changsha_Part6_pt_50927_back.jpg,Wuhan_Part2_pt_23318_back.jpg
Nanchang_Part1_pt_4282_left.jpg,Wuhan_Part1_pt_3252_right.jpg
Nanchang_Part3_pt_24948_left.jpg,Nanchang_Part3_pt_32368_right.jpg
Changsha_Part3_pt_22004_right.jpg,Nanchang_Part3_pt_32364_left.jpg
Changsha_Part1_pt_3958_left.jpg,Nanchang_Part1_pt_2017_front.jpg
Nanchang_Part3_pt_30485_front.jpg,Wuhan_Part3_pt_40759_front.jpg
Changsha_Part1_pt_161_front.jpg,Changsha_Part5_pt_43438_front.jpg
Wuhan_Part1_pt_2822_right.jpg,Wuhan_Part1_pt_5382_right.jpg
Changsha_Part2_pt_15746_left.jpg,Nanchang_Part3_pt_27650_front.jpg
Changsha_Part3_pt_21735_front.jpg,Changsha_Part5_pt_40666_left.jpg
Changsha_Part5_pt_42756_right.jpg,Nanchang_Part1_pt_9741_back.jpg
Changsha_Part5_pt_42238_left.jpg,Wuhan_Part1_pt_8570_right.jpg
Changsha_Part3_pt_23274_front.jpg,Changsha_Part4_pt_35296_back.jpg
Changsha_Part4_pt_30968_back.jpg,Nanchang_Part1_pt_4061_right.jpg
Changsha_Part5_pt_41513_back.jpg,Nanchang_Part2_pt_18892_right.jpg
Changsha_Part6_pt_52888_back.jpg,Nanchang_Part2_pt_18872_right.jpg
Changsha_Part3_pt_23517_left.jpg,Changsha_Part4_pt_35861_left.jpg
Changsha_Part2_pt_14761_back.jpg,Nanchang_Part2_pt_17227_front.jpg
Nanchang_Part1_pt_9904_right.jpg,Nanchang_Part2_pt_19440_front.jpg
Changsha_Part3_pt_21735_front.jpg,Wuhan_Part3_pt_40154_front.jpg
Nanchang_Part1_pt_6044_right.jpg,Nanchang_Part1_pt_8049_front.jpg
Changsha_Part5_pt_43619_right.jpg,Changsha_Part5_pt_44078_back.jpg
Changsha_Part4_pt_35179_front.jpg,Nanchang_Part3_pt_31228_right.jpg
Changsha_Part6_pt_57250_front.jpg,Wuhan_Part1_pt_611_right.jpg
Changsha_Part2_pt_15992_left.jpg,Nanchang_Part2_pt_19829_front.jpg
Nanchang_Part2_pt_12654_back.jpg,Wuhan_Part2_pt_19596_left.jpg
Nanchang_Part2_pt_18879_back.jpg,Wuhan_Part1_pt_1437_back.jpg
Changsha_Part1_pt_425_front.jpg,Wuhan_Part2_pt_23378_front.jpg
Changsha_Part5_pt_44035_back.jpg,Nanchang_Part3_pt_28522_right.jpg
Changsha_Part3_pt_28099_left.jpg,Wuhan_Part3_pt_33399_back.jpg
Changsha_Part2_pt_17980_right.jpg,Changsha_Part3_pt_26037_left.jpg
Nanchang_Part1_pt_8386_back.jpg,Nanchang_Part2_pt_11442_right.jpg
Changsha_Part1_pt_1376_left.jpg,Nanchang_Part1_pt_635_left.jpg
Changsha_Part5_pt_47118_left.jpg,Wuhan_Part1_pt_2084_front.jpg
Nanchang_Part1_pt_7010_front.jpg,Wuhan_Part3_pt_31340_right.jpg
Changsha_Part2_pt_17688_right.jpg,Wuhan_Part3_pt_35530_front.jpg
Changsha_Part5_pt_46484_left.jpg,Nanchang_Part2_pt_14274_left.jpg
Nanchang_Part3_pt_31367_back.jpg,Wuhan_Part1_pt_8915_front.jpg
Changsha_Part5_pt_46743_right.jpg,Wuhan_Part3_pt_40616_front.jpg
Changsha_Part3_pt_23517_left.jpg,Nanchang_Part3_pt_30271_left.jpg
Changsha_Part2_pt_14371_front.jpg,Nanchang_Part2_pt_15739_front.jpg
Nanchang_Part2_pt_12094_right.jpg,Wuhan_Part3_pt_41577_left.jpg
Changsha_Part5_pt_41786_right.jpg,Nanchang_Part1_pt_8277_front.jpg
Changsha_Part5_pt_46050_right.jpg,Nanchang_Part3_pt_30158_right.jpg
Changsha_Part6_pt_56982_back.jpg,Wuhan_Part3_pt_32664_back.jpg
Changsha_Part3_pt_21735_front.jpg,Nanchang_Part2_pt_13845_right.jpg
Changsha_Part1_pt_1907_left.jpg,Wuhan_Part3_pt_35558_front.jpg
Changsha_Part4_pt_34483_front.jpg,Wuhan_Part2_pt_17329_front.jpg
Changsha_Part4_pt_32436_left.jpg,Nanchang_Part1_pt_5077_left.jpg
Changsha_Part2_pt_13447_right.jpg,Wuhan_Part1_pt_6464_front.jpg
Changsha_Part1_pt_6407_right.jpg,Nanchang_Part3_pt_27650_front.jpg
Changsha_Part5_pt_40221_right.jpg,Nanchang_Part1_pt_7056_left.jpg
Wuhan_Part1_pt_3944_left.jpg,Wuhan_Part3_pt_34066_front.jpg
Changsha_Part6_pt_53887_back.jpg,Nanchang_Part3_pt_28150_front.jpg
Nanchang_Part3_pt_29934_back.jpg,Wuhan_Part1_pt_194_left.jpg
Changsha_Part5_pt_43473_front.jpg,Nanchang_Part3_pt_27590_right.jpg
Wuhan_Part1_pt_4_front.jpg,Wuhan_Part3_pt_41182_back.jpg
Nanchang_Part2_pt_15035_right.jpg,Nanchang_Part2_pt_17487_right.jpg
Changsha_Part4_pt_35618_back.jpg,Nanchang_Part1_pt_9861_left.jpg
Nanchang_Part1_pt_6649_right.jpg,Nanchang_Part2_pt_14656_left.jpg
Nanchang_Part3_pt_32850_left.jpg,Wuhan_Part1_pt_3198_front.jpg
Nanchang_Part1_pt_6196_right.jpg,Nanchang_Part1_pt_6314_left.jpg
Wuhan_Part2_pt_17975_right.jpg,Wuhan_Part3_pt_31833_front.jpg
Changsha_Part2_pt_14874_left.jpg,Wuhan_Part2_pt_26737_left.jpg
Wuhan_Part1_pt_194_left.jpg,Wuhan_Part2_pt_20086_right.jpg
Changsha_Part2_pt_17590_back.jpg,Wuhan_Part2_pt_19609_right.jpg
Changsha_Part3_pt_23794_back.jpg,Nanchang_Part1_pt_9144_front.jpg
Nanchang_Part2_pt_12569_back.jpg,Wuhan_Part2_pt_26906_back.jpg
Changsha_Part6_pt_55322_right.jpg,Wuhan_Part2_pt_26385_left.jpg
Changsha_Part2_pt_11244_left.jpg,Wuhan_Part1_pt_1062_left.jpg
Changsha_Part5_pt_45015_right.jpg,Nanchang_Part3_pt_29116_left.jpg
Nanchang_Part1_pt_8514_back.jpg,Wuhan_Part3_pt_41887_right.jpg
Changsha_Part5_pt_40666_left.jpg,Wuhan_Part2_pt_19596_left.jpg
Changsha_Part5_pt_46307_front.jpg,Nanchang_Part1_pt_3386_left.jpg
Nanchang_Part2_pt_19657_front.jpg,Wuhan_Part2_pt_18958_back.jpg
Nanchang_Part1_pt_9861_left.jpg,Wuhan_Part1_pt_3944_left.jpg
Nanchang_Part1_pt_8663_back.jpg,Wuhan_Part2_pt_24353_right.jpg
Changsha_Part6_pt_57072_right.jpg,Wuhan_Part2_pt_20088_front.jpg
Nanchang_Part2_pt_11726_front.jpg,Nanchang_Part3_pt_25526_front.jpg
Changsha_Part5_pt_45542_back.jpg,Changsha_Part6_pt_58248_front.jpg
Wuhan_Part1_pt_1062_left.jpg,Wuhan_Part3_pt_37599_left.jpg
Wuhan_Part1_pt_1937_back.jpg,Wuhan_Part3_pt_40957_left.jpg
Changsha_Part6_pt_51615_left.jpg,Wuhan_Part1_pt_1904_left.jpg
Changsha_Part5_pt_41017_left.jpg,Wuhan_Part2_pt_17768_left.jpg
Nanchang_Part1_pt_5435_front.jpg,Nanchang_Part1_pt_7051_back.jpg
Changsha_Part4_pt_35179_front.jpg,Changsha_Part6_pt_55018_front.jpg
Nanchang_Part2_pt_18344_back.jpg,Wuhan_Part3_pt_34216_front.jpg
Nanchang_Part2_pt_13403_front.jpg,Wuhan_Part2_pt_24353_right.jpg
Nanchang_Part1_pt_5353_left.jpg,Nanchang_Part3_pt_28606_back.jpg
Nanchang_Part3_pt_31676_right.jpg,Wuhan_Part3_pt_32090_front.jpg
Nanchang_Part1_pt_6918_back.jpg,Nanchang_Part2_pt_20318_right.jpg
Changsha_Part3_pt_28636_left.jpg,Nanchang_Part1_pt_6529_right.jpg
Changsha_Part3_pt_28779_right.jpg,Changsha_Part5_pt_43619_right.jpg
Changsha_Part5_pt_42238_left.jpg,Nanchang_Part2_pt_16333_right.jpg
Nanchang_Part1_pt_6829_right.jpg,Wuhan_Part1_pt_1937_back.jpg
Changsha_Part5_pt_44090_right.jpg,Wuhan_Part1_pt_1144_right.jpg
Changsha_Part4_pt_30092_right.jpg,Wuhan_Part3_pt_32763_front.jpg
Changsha_Part3_pt_21965_front.jpg,Wuhan_Part3_pt_41235_back.jpg
Changsha_Part3_pt_28604_right.jpg,Changsha_Part4_pt_33542_right.jpg
Nanchang_Part3_pt_23745_front.jpg,Nanchang_Part3_pt_29934_back.jpg
Changsha_Part4_pt_32239_right.jpg,Wuhan_Part3_pt_34958_front.jpg
Wuhan_Part1_pt_2330_left.jpg,Wuhan_Part3_pt_41411_front.jpg
Changsha_Part4_pt_30968_back.jpg,Changsha_Part6_pt_51757_front.jpg
Changsha_Part3_pt_24252_front.jpg,Nanchang_Part1_pt_4690_left.jpg
Nanchang_Part2_pt_13842_back.jpg,Nanchang_Part3_pt_28606_back.jpg
Changsha_Part4_pt_33177_left.jpg,Nanchang_Part2_pt_17227_front.jpg
Nanchang_Part1_pt_1783_left.jpg,Nanchang_Part3_pt_25159_right.jpg
Changsha_Part4_pt_35296_back.jpg,Wuhan_Part3_pt_36595_front.jpg
Changsha_Part2_pt_12327_right.jpg,Wuhan_Part2_pt_17783_back.jpg
Nanchang_Part2_pt_19886_left.jpg,Wuhan_Part2_pt_26610_left.jpg
Nanchang_Part3_pt_28977_left.jpg,Nanchang_Part3_pt_30858_front.jpg
Changsha_Part2_pt_11794_back.jpg,Wuhan_Part2_pt_18958_back.jpg
Nanchang_Part3_pt_23059_front.jpg,Wuhan_Part3_pt_31401_front.jpg
Changsha_Part2_pt_11460_front.jpg,Changsha_Part6_pt_50522_front.jpg
Nanchang_Part2_pt_18845_front.jpg,Wuhan_Part2_pt_19680_left.jpg
Changsha_Part2_pt_16405_front.jpg,Wuhan_Part1_pt_5958_front.jpg
Changsha_Part1_pt_2719_front.jpg,Nanchang_Part2_pt_13042_front.jpg
Changsha_Part1_pt_161_front.jpg,Wuhan_Part3_pt_35865_front.jpg
Changsha_Part3_pt_21618_front.jpg,Wuhan_Part1_pt_2672_right.jpg
Nanchang_Part3_pt_22854_back.jpg,Nanchang_Part3_pt_27189_left.jpg
Nanchang_Part2_pt_12011_left.jpg,Wuhan_Part3_pt_35530_front.jpg
Changsha_Part1_pt_6399_back.jpg,Nanchang_Part2_pt_19667_right.jpg
Nanchang_Part2_pt_14656_left.jpg,Wuhan_Part2_pt_26668_front.jpg
Changsha_Part6_pt_55455_right.jpg,Nanchang_Part2_pt_13968_front.jpg
Wuhan_Part3_pt_37558_back.jpg,Wuhan_Part3_pt_41182_back.jpg
Wuhan_Part1_pt_1904_left.jpg,Wuhan_Part2_pt_19144_back.jpg
Changsha_Part1_pt_1230_back.jpg,Changsha_Part5_pt_44803_left.jpg
Changsha_Part6_pt_55018_front.jpg,Nanchang_Part2_pt_17446_right.jpg
Wuhan_Part1_pt_2740_right.jpg,Wuhan_Part1_pt_5970_back.jpg
Changsha_Part2_pt_11244_left.jpg,Wuhan_Part2_pt_24640_front.jpg
Changsha_Part2_pt_17999_left.jpg,Wuhan_Part1_pt_1937_back.jpg
Nanchang_Part1_pt_4282_left.jpg,Wuhan_Part3_pt_36595_front.jpg
Nanchang_Part1_pt_5077_left.jpg,Wuhan_Part2_pt_19123_left.jpg
Changsha_Part3_pt_23274_front.jpg,Nanchang_Part1_pt_6529_right.jpg
Wuhan_Part2_pt_27439_front.jpg,Wuhan_Part3_pt_38649_right.jpg
Changsha_Part4_pt_31604_back.jpg,Wuhan_Part3_pt_36584_back.jpg
Changsha_Part6_pt_56542_left.jpg,Wuhan_Part2_pt_27640_front.jpg
Nanchang_Part1_pt_4905_front.jpg,Nanchang_Part3_pt_22886_front.jpg
Changsha_Part5_pt_40748_left.jpg,Nanchang_Part2_pt_21221_front.jpg
Nanchang_Part1_pt_309_back.jpg,Nanchang_Part3_pt_24187_right.jpg
Nanchang_Part2_pt_12581_left.jpg,Wuhan_Part3_pt_37619_left.jpg
Changsha_Part5_pt_44968_back.jpg,Nanchang_Part2_pt_12581_left.jpg
Changsha_Part4_pt_30092_right.jpg,Nanchang_Part1_pt_9781_right.jpg
Changsha_Part2_pt_17662_front.jpg,Changsha_Part5_pt_46050_right.jpg
Changsha_Part1_pt_3692_back.jpg,Wuhan_Part2_pt_23091_left.jpg
Changsha_Part6_pt_52680_left.jpg,Wuhan_Part1_pt_1902_right.jpg
Nanchang_Part2_pt_15739_front.jpg,Wuhan_Part1_pt_3588_back.jpg
Wuhan_Part1_pt_2822_right.jpg,Wuhan_Part1_pt_3801_right.jpg
Changsha_Part4_pt_36530_back.jpg,Nanchang_Part1_pt_309_back.jpg
Nanchang_Part2_pt_15275_front.jpg,Wuhan_Part1_pt_9321_front.jpg
Changsha_Part6_pt_55309_front.jpg,Nanchang_Part1_pt_8777_right.jpg
Nanchang_Part2_pt_11716_back.jpg,Wuhan_Part2_pt_15743_front.jpg
Changsha_Part2_pt_10435_back.jpg,Wuhan_Part2_pt_26521_front.jpg
Wuhan_Part1_pt_4486_back.jpg,Wuhan_Part2_pt_20482_right.jpg
Changsha_Part3_pt_28198_front.jpg,Nanchang_Part3_pt_28929_right.jpg
Nanchang_Part1_pt_635_left.jpg,Wuhan_Part1_pt_637_front.jpg
Changsha_Part2_pt_11750_front.jpg,Changsha_Part6_pt_55312_back.jpg
Changsha_Part5_pt_44078_back.jpg,Wuhan_Part1_pt_3843_back.jpg
Changsha_Part6_pt_52510_left.jpg,Nanchang_Part1_pt_3200_right.jpg
Nanchang_Part2_pt_12094_right.jpg,Wuhan_Part1_pt_11205_right.jpg
Changsha_Part2_pt_14442_right.jpg,Changsha_Part6_pt_52680_left.jpg
Changsha_Part3_pt_29509_left.jpg,Nanchang_Part1_pt_6008_front.jpg
Changsha_Part5_pt_40748_left.jpg,Nanchang_Part2_pt_13042_front.jpg
Changsha_Part5_pt_41513_back.jpg,Nanchang_Part2_pt_20227_front.jpg
Changsha_Part1_pt_5997_right.jpg,Wuhan_Part3_pt_34958_front.jpg
Nanchang_Part3_pt_28546_back.jpg,Nanchang_Part3_pt_31302_front.jpg
Changsha_Part6_pt_55889_left.jpg,Changsha_Part6_pt_57264_left.jpg
Changsha_Part3_pt_21618_front.jpg,Wuhan_Part1_pt_4308_right.jpg
Nanchang_Part1_pt_5261_right.jpg,Wuhan_Part3_pt_41577_left.jpg
Nanchang_Part3_pt_24809_front.jpg,Nanchang_Part3_pt_30014_left.jpg
Changsha_Part4_pt_34483_front.jpg,Nanchang_Part1_pt_9718_back.jpg
Changsha_Part1_pt_6847_front.jpg,Wuhan_Part3_pt_32315_left.jpg
Changsha_Part2_pt_13447_right.jpg,Nanchang_Part2_pt_19795_right.jpg
Changsha_Part5_pt_46119_back.jpg,Nanchang_Part1_pt_599_back.jpg
Changsha_Part3_pt_27199_left.jpg,Wuhan_Part2_pt_21621_front.jpg
Changsha_Part4_pt_33542_right.jpg,Nanchang_Part2_pt_12011_left.jpg
Nanchang_Part3_pt_24725_right.jpg,Wuhan_Part3_pt_39821_left.jpg
Nanchang_Part2_pt_13660_front.jpg,Nanchang_Part3_pt_30874_back.jpg
Nanchang_Part1_pt_8030_left.jpg,Wuhan_Part3_pt_36915_front.jpg
Nanchang_Part1_pt_1381_back.jpg,Nanchang_Part1_pt_3386_left.jpg
Nanchang_Part2_pt_19795_right.jpg,Wuhan_Part1_pt_3939_left.jpg
Nanchang_Part1_pt_583_right.jpg,Wuhan_Part2_pt_26153_back.jpg
Nanchang_Part1_pt_2614_front.jpg,Nanchang_Part2_pt_20275_back.jpg
Nanchang_Part2_pt_16022_back.jpg,Nanchang_Part2_pt_19562_front.jpg
Changsha_Part4_pt_34483_front.jpg,Nanchang_Part1_pt_1381_back.jpg
Changsha_Part4_pt_32401_back.jpg,Wuhan_Part2_pt_19807_back.jpg
Changsha_Part1_pt_6399_back.jpg,Changsha_Part3_pt_28715_left.jpg
Changsha_Part5_pt_41786_right.jpg,Wuhan_Part3_pt_33157_front.jpg
Changsha_Part3_pt_23274_front.jpg,Changsha_Part5_pt_46119_back.jpg
Changsha_Part3_pt_24252_front.jpg,Nanchang_Part1_pt_3386_left.jpg
Nanchang_Part1_pt_6657_right.jpg,Nanchang_Part1_pt_7027_back.jpg
Changsha_Part1_pt_1132_back.jpg,Changsha_Part4_pt_30066_right.jpg
Changsha_Part1_pt_5997_right.jpg,Wuhan_Part3_pt_41364_right.jpg
Changsha_Part5_pt_43932_front.jpg,Nanchang_Part1_pt_3224_left.jpg
Changsha_Part3_pt_28779_right.jpg,Nanchang_Part1_pt_1965_back.jpg
Nanchang_Part3_pt_25159_right.jpg,Wuhan_Part2_pt_23318_back.jpg
Changsha_Part4_pt_31904_front.jpg,Nanchang_Part2_pt_20275_back.jpg
Changsha_Part3_pt_27866_right.jpg,Wuhan_Part2_pt_27640_front.jpg
Changsha_Part5_pt_44035_back.jpg,Nanchang_Part1_pt_3665_right.jpg
Changsha_Part5_pt_42648_left.jpg,Nanchang_Part1_pt_8094_back.jpg
Changsha_Part1_pt_1630_front.jpg,Nanchang_Part2_pt_20227_front.jpg
Nanchang_Part2_pt_17121_front.jpg,Nanchang_Part2_pt_19567_back.jpg
Nanchang_Part1_pt_7979_right.jpg,Nanchang_Part2_pt_12631_right.jpg
Changsha_Part1_pt_5400_front.jpg,Nanchang_Part2_pt_15275_front.jpg
Nanchang_Part2_pt_15609_left.jpg,Nanchang_Part3_pt_24809_front.jpg
Wuhan_Part1_pt_4_front.jpg,Wuhan_Part3_pt_36915_front.jpg
Changsha_Part5_pt_41255_front.jpg,Wuhan_Part3_pt_32640_front.jpg
Nanchang_Part1_pt_5486_right.jpg,Nanchang_Part2_pt_19567_back.jpg
Changsha_Part5_pt_45246_left.jpg,Wuhan_Part2_pt_21516_back.jpg
Changsha_Part4_pt_32473_right.jpg,Wuhan_Part1_pt_5213_front.jpg
Nanchang_Part3_pt_30126_left.jpg,Wuhan_Part1_pt_1128_front.jpg
Nanchang_Part3_pt_31460_front.jpg,Wuhan_Part1_pt_9321_front.jpg
Changsha_Part4_pt_31193_back.jpg,Nanchang_Part2_pt_13842_back.jpg
Nanchang_Part2_pt_17985_back.jpg,Wuhan_Part2_pt_17221_left.jpg
Changsha_Part3_pt_26523_front.jpg,Changsha_Part5_pt_45139_left.jpg
Nanchang_Part1_pt_3927_left.jpg,Nanchang_Part2_pt_12654_back.jpg
Changsha_Part5_pt_42695_right.jpg,Wuhan_Part1_pt_611_right.jpg
Wuhan_Part1_pt_1053_right.jpg,Wuhan_Part3_pt_39616_right.jpg
Nanchang_Part1_pt_7084_front.jpg,Wuhan_Part1_pt_6881_front.jpg
Wuhan_Part2_pt_22930_left.jpg,Wuhan_Part3_pt_36567_right.jpg
Nanchang_Part2_pt_21221_front.jpg,Wuhan_Part1_pt_9289_front.jpg
Nanchang_Part3_pt_27082_back.jpg,Wuhan_Part3_pt_39821_left.jpg
Changsha_Part2_pt_15631_front.jpg,Changsha_Part4_pt_37794_right.jpg
Nanchang_Part2_pt_16284_front.jpg,Nanchang_Part3_pt_23059_front.jpg
Nanchang_Part2_pt_15812_left.jpg,Nanchang_Part2_pt_17357_right.jpg
Changsha_Part2_pt_10270_right.jpg,Wuhan_Part1_pt_6881_front.jpg
Changsha_Part2_pt_15631_front.jpg,Nanchang_Part1_pt_3704_front.jpg
Changsha_Part5_pt_41657_right.jpg,Wuhan_Part1_pt_11303_right.jpg
Changsha_Part1_pt_6847_front.jpg,Nanchang_Part2_pt_19562_front.jpg
Nanchang_Part1_pt_8513_right.jpg,Wuhan_Part2_pt_22062_back.jpg
Changsha_Part1_pt_1907_left.jpg,Nanchang_Part1_pt_7051_back.jpg
Nanchang_Part3_pt_22580_front.jpg,Wuhan_Part1_pt_417_front.jpg
Changsha_Part1_pt_4087_right.jpg,Nanchang_Part2_pt_13042_front.jpg
Nanchang_Part1_pt_8777_right.jpg,Wuhan_Part1_pt_5958_front.jpg
Nanchang_Part2_pt_13660_front.jpg,Wuhan_Part1_pt_7386_back.jpg
Changsha_Part3_pt_24106_left.jpg,Nanchang_Part2_pt_16158_back.jpg
Changsha_Part1_pt_1132_back.jpg,Wuhan_Part2_pt_27179_back.jpg
Changsha_Part5_pt_41513_back.jpg,Wuhan_Part2_pt_27541_right.jpg
Nanchang_Part1_pt_3229_left.jpg,Wuhan_Part1_pt_3111_front.jpg
Nanchang_Part1_pt_8663_back.jpg,Nanchang_Part2_pt_11680_back.jpg
Wuhan_Part1_pt_9527_left.jpg,Wuhan_Part2_pt_23318_back.jpg
Changsha_Part1_pt_6407_right.jpg,Changsha_Part6_pt_52888_back.jpg
Changsha_Part1_pt_4988_front.jpg,Wuhan_Part3_pt_34980_back.jpg
Nanchang_Part2_pt_19607_left.jpg,Wuhan_Part3_pt_32315_left.jpg
Changsha_Part3_pt_28755_left.jpg,Changsha_Part4_pt_33542_right.jpg
Changsha_Part6_pt_57250_front.jpg,Wuhan_Part1_pt_6778_back.jpg
Changsha_Part6_pt_56542_left.jpg,Wuhan_Part1_pt_3588_back.jpg
Nanchang_Part1_pt_279_front.jpg,Nanchang_Part2_pt_15760_back.jpg
Changsha_Part6_pt_56883_right.jpg,Nanchang_Part3_pt_25159_right.jpg
Nanchang_Part3_pt_23502_front.jpg,Wuhan_Part2_pt_26610_left.jpg
Changsha_Part4_pt_31193_back.jpg,Nanchang_Part3_pt_26654_back.jpg
Nanchang_Part1_pt_2847_front.jpg,Nanchang_Part1_pt_8924_right.jpg
Nanchang_Part2_pt_17446_right.jpg,Wuhan_Part1_pt_3410_back.jpg
Changsha_Part5_pt_41790_right.jpg,Changsha_Part6_pt_54018_back.jpg
Nanchang_Part2_pt_12011_left.jpg,Nanchang_Part3_pt_24948_left.jpg
Wuhan_Part2_pt_20088_front.jpg,Wuhan_Part3_pt_40972_right.jpg
Nanchang_Part1_pt_3475_right.jpg,Wuhan_Part3_pt_40120_back.jpg
Changsha_Part2_pt_14874_left.jpg,Nanchang_Part3_pt_31460_front.jpg
Changsha_Part6_pt_54672_back.jpg,Wuhan_Part3_pt_40120_back.jpg
Changsha_Part5_pt_40748_left.jpg,Changsha_Part5_pt_45542_back.jpg
Changsha_Part4_pt_33808_back.jpg,Nanchang_Part2_pt_13847_back.jpg
Changsha_Part2_pt_17728_right.jpg,Nanchang_Part2_pt_17540_front.jpg
Changsha_Part6_pt_55312_back.jpg,Wuhan_Part3_pt_31389_right.jpg
Nanchang_Part3_pt_24809_front.jpg,Nanchang_Part3_pt_25526_front.jpg
Changsha_Part3_pt_27625_back.jpg,Nanchang_Part1_pt_5894_front.jpg
Changsha_Part4_pt_35468_right.jpg,Wuhan_Part1_pt_9396_left.jpg
Nanchang_Part3_pt_24187_right.jpg,Wuhan_Part1_pt_3803_back.jpg
Changsha_Part1_pt_5400_front.jpg,Nanchang_Part2_pt_15932_left.jpg
Changsha_Part5_pt_44292_right.jpg,Wuhan_Part2_pt_16408_front.jpg
Changsha_Part3_pt_21728_front.jpg,Nanchang_Part3_pt_27075_left.jpg
Changsha_Part5_pt_42648_left.jpg,Nanchang_Part1_pt_5261_right.jpg
Changsha_Part6_pt_58248_front.jpg,Nanchang_Part3_pt_31367_back.jpg
Changsha_Part4_pt_30066_right.jpg,Nanchang_Part3_pt_26654_back.jpg
Wuhan_Part1_pt_9922_left.jpg,Wuhan_Part3_pt_36915_front.jpg
Changsha_Part3_pt_28779_right.jpg,Nanchang_Part3_pt_27082_back.jpg
Changsha_Part4_pt_35840_right.jpg,Nanchang_Part2_pt_17121_front.jpg
Changsha_Part6_pt_56542_left.jpg,Nanchang_Part1_pt_5085_front.jpg
Changsha_Part6_pt_51316_left.jpg,Wuhan_Part1_pt_2330_left.jpg
Changsha_Part4_pt_35179_front.jpg,Nanchang_Part2_pt_14274_left.jpg
Changsha_Part5_pt_44035_back.jpg,Nanchang_Part2_pt_13842_back.jpg
Changsha_Part2_pt_15631_front.jpg,Nanchang_Part3_pt_28758_left.jpg
Nanchang_Part2_pt_18872_right.jpg,Wuhan_Part2_pt_26906_back.jpg
Changsha_Part5_pt_41469_front.jpg,Nanchang_Part3_pt_28863_back.jpg
Changsha_Part2_pt_17959_left.jpg,Changsha_Part3_pt_27199_left.jpg
Wuhan_Part1_pt_1053_right.jpg,Wuhan_Part3_pt_34875_right.jpg
Nanchang_Part1_pt_3285_left.jpg,Wuhan_Part1_pt_7051_front.jpg
Nanchang_Part2_pt_13968_front.jpg,Wuhan_Part1_pt_4045_front.jpg
Changsha_Part3_pt_23813_front.jpg,Nanchang_Part3_pt_24809_front.jpg
Changsha_Part6_pt_55312_back.jpg,Wuhan_Part2_pt_23318_back.jpg
Changsha_Part3_pt_25880_right.jpg,Wuhan_Part2_pt_15743_front.jpg
Changsha_Part2_pt_12086_back.jpg,Changsha_Part2_pt_16293_front.jpg
Wuhan_Part2_pt_26156_back.jpg,Wuhan_Part3_pt_40154_front.jpg
Nanchang_Part1_pt_3475_right.jpg,Wuhan_Part2_pt_26521_front.jpg
Wuhan_Part3_pt_34498_right.jpg,Wuhan_Part3_pt_38649_right.jpg
Nanchang_Part3_pt_27590_right.jpg,Wuhan_Part1_pt_417_front.jpg
Changsha_Part1_pt_514_right.jpg,Wuhan_Part1_pt_3588_back.jpg
Changsha_Part4_pt_33642_left.jpg,Changsha_Part6_pt_56542_left.jpg
Changsha_Part3_pt_21728_front.jpg,Nanchang_Part1_pt_9144_front.jpg
Nanchang_Part1_pt_5386_front.jpg,Nanchang_Part2_pt_11378_left.jpg
Changsha_Part1_pt_6847_front.jpg,Changsha_Part4_pt_34483_front.jpg
Nanchang_Part3_pt_24085_front.jpg,Nanchang_Part3_pt_29149_back.jpg
Changsha_Part4_pt_35179_front.jpg,Changsha_Part5_pt_45139_left.jpg
Nanchang_Part3_pt_28976_back.jpg,Wuhan_Part2_pt_22930_left.jpg
Nanchang_Part2_pt_15498_left.jpg,Wuhan_Part3_pt_34296_left.jpg
Changsha_Part5_pt_41199_right.jpg,Wuhan_Part2_pt_20292_back.jpg
Changsha_Part4_pt_30304_front.jpg,Changsha_Part4_pt_35840_right.jpg
Wuhan_Part3_pt_33210_left.jpg,Wuhan_Part3_pt_40702_back.jpg
Changsha_Part3_pt_27051_back.jpg,Wuhan_Part1_pt_10052_front.jpg
Wuhan_Part2_pt_20514_front.jpg,Wuhan_Part3_pt_42177_front.jpg
Changsha_Part2_pt_18188_back.jpg,Wuhan_Part1_pt_194_left.jpg
Wuhan_Part1_pt_3562_left.jpg,Wuhan_Part2_pt_26153_back.jpg
Nanchang_Part1_pt_5486_right.jpg,Nanchang_Part2_pt_13847_back.jpg
Changsha_Part1_pt_1232_right.jpg,Nanchang_Part2_pt_18845_front.jpg
Wuhan_Part2_pt_22093_right.jpg,Wuhan_Part3_pt_31389_right.jpg
Changsha_Part1_pt_5737_left.jpg,Wuhan_Part1_pt_6851_right.jpg
Changsha_Part3_pt_25736_left.jpg,Nanchang_Part2_pt_15035_right.jpg
Nanchang_Part1_pt_9553_left.jpg,Nanchang_Part2_pt_16022_back.jpg
Changsha_Part1_pt_4807_left.jpg,Nanchang_Part3_pt_27598_right.jpg
Wuhan_Part1_pt_2054_right.jpg,Wuhan_Part3_pt_35275_back.jpg
Changsha_Part1_pt_5737_left.jpg,Changsha_Part3_pt_28723_left.jpg
Changsha_Part5_pt_46743_right.jpg,Nanchang_Part1_pt_8094_back.jpg
Changsha_Part6_pt_50277_right.jpg,Wuhan_Part1_pt_4517_right.jpg
Changsha_Part2_pt_11460_front.jpg,Nanchang_Part2_pt_19785_right.jpg
Changsha_Part6_pt_55670_back.jpg,Nanchang_Part2_pt_13876_left.jpg
Nanchang_Part2_pt_17121_front.jpg,Wuhan_Part2_pt_17646_front.jpg
Nanchang_Part2_pt_13614_left.jpg,Wuhan_Part1_pt_7153_right.jpg
Changsha_Part1_pt_514_right.jpg,Wuhan_Part1_pt_6911_front.jpg
Changsha_Part3_pt_23537_right.jpg,Nanchang_Part1_pt_583_right.jpg
Wuhan_Part2_pt_20482_right.jpg,Wuhan_Part3_pt_34168_back.jpg
Changsha_Part2_pt_18318_front.jpg,Changsha_Part4_pt_31888_back.jpg
Changsha_Part4_pt_34902_right.jpg,Wuhan_Part2_pt_24010_front.jpg
Changsha_Part2_pt_11501_right.jpg,Nanchang_Part1_pt_7056_left.jpg
Changsha_Part3_pt_25710_left.jpg,Changsha_Part5_pt_45650_left.jpg
Changsha_Part5_pt_43438_front.jpg,Nanchang_Part2_pt_12581_left.jpg
Changsha_Part1_pt_425_front.jpg,Changsha_Part3_pt_29721_left.jpg
Changsha_Part1_pt_6847_front.jpg,Wuhan_Part1_pt_2672_right.jpg
Changsha_Part4_pt_31604_back.jpg,Wuhan_Part2_pt_19095_left.jpg
Wuhan_Part1_pt_1902_right.jpg,Wuhan_Part2_pt_28088_back.jpg
Nanchang_Part2_pt_12842_left.jpg,Wuhan_Part2_pt_27169_right.jpg
Changsha_Part3_pt_29721_left.jpg,Wuhan_Part2_pt_17880_right.jpg
Changsha_Part3_pt_26896_front.jpg,Changsha_Part4_pt_36706_left.jpg
Nanchang_Part1_pt_9891_back.jpg,Wuhan_Part3_pt_31340_right.jpg
Changsha_Part6_pt_54741_back.jpg,Wuhan_Part3_pt_40495_left.jpg
Changsha_Part5_pt_43557_back.jpg,Nanchang_Part3_pt_31921_back.jpg
Changsha_Part3_pt_23133_front.jpg,Nanchang_Part1_pt_6657_right.jpg
Nanchang_Part2_pt_18892_right.jpg,Wuhan_Part2_pt_19592_back.jpg
Nanchang_Part1_pt_9891_back.jpg,Nanchang_Part2_pt_15015_right.jpg
Nanchang_Part3_pt_22606_front.jpg,Wuhan_Part1_pt_7827_left.jpg
Nanchang_Part1_pt_1965_back.jpg,Nanchang_Part2_pt_17983_left.jpg
Changsha_Part1_pt_1295_back.jpg,Nanchang_Part2_pt_13933_right.jpg
Nanchang_Part1_pt_5539_left.jpg,Nanchang_Part1_pt_7622_front.jpg
Nanchang_Part1_pt_8510_back.jpg,Nanchang_Part2_pt_18760_front.jpg
Nanchang_Part1_pt_7027_back.jpg,Wuhan_Part1_pt_7963_left.jpg
Nanchang_Part1_pt_5769_left.jpg,Wuhan_Part3_pt_40845_back.jpg
Changsha_Part6_pt_57138_back.jpg,Nanchang_Part3_pt_31228_right.jpg
Changsha_Part4_pt_37794_right.jpg,Nanchang_Part2_pt_20028_right.jpg
Wuhan_Part1_pt_7963_left.jpg,Wuhan_Part3_pt_34066_front.jpg
Nanchang_Part1_pt_6424_right.jpg,Wuhan_Part1_pt_7817_back.jpg
Nanchang_Part2_pt_17985_back.jpg,Wuhan_Part1_pt_3588_back.jpg
Changsha_Part6_pt_55309_front.jpg,Nanchang_Part1_pt_8924_right.jpg
Changsha_Part5_pt_46400_back.jpg,Nanchang_Part3_pt_24809_front.jpg
Nanchang_Part2_pt_21221_front.jpg,Nanchang_Part3_pt_31259_front.jpg
Changsha_Part5_pt_41255_front.jpg,Nanchang_Part1_pt_6657_right.jpg
Wuhan_Part2_pt_26906_back.jpg,Wuhan_Part3_pt_37558_back.jpg
Nanchang_Part3_pt_28977_left.jpg,Wuhan_Part3_pt_42698_back.jpg
Nanchang_Part1_pt_6748_right.jpg,Wuhan_Part3_pt_36409_back.jpg
Nanchang_Part3_pt_30014_left.jpg,Nanchang_Part3_pt_30674_left.jpg
Changsha_Part2_pt_14251_right.jpg,Nanchang_Part1_pt_4729_left.jpg
Changsha_Part1_pt_2566_left.jpg,Nanchang_Part2_pt_17446_right.jpg
Changsha_Part2_pt_17493_back.jpg,Changsha_Part5_pt_40625_left.jpg
Nanchang_Part3_pt_24085_front.jpg,Wuhan_Part3_pt_37599_left.jpg
Nanchang_Part1_pt_256_front.jpg,Nanchang_Part3_pt_29149_back.jpg
Changsha_Part4_pt_35179_front.jpg,Wuhan_Part2_pt_19264_left.jpg
Changsha_Part2_pt_15631_front.jpg,Wuhan_Part3_pt_32106_left.jpg
Changsha_Part2_pt_17688_right.jpg,Changsha_Part4_pt_33808_back.jpg
Changsha_Part1_pt_3070_back.jpg,Changsha_Part6_pt_51448_right.jpg
Nanchang_Part2_pt_11381_back.jpg,Nanchang_Part3_pt_29341_back.jpg
Wuhan_Part1_pt_3562_left.jpg,Wuhan_Part2_pt_21352_right.jpg
Changsha_Part3_pt_21728_front.jpg,Nanchang_Part1_pt_7056_left.jpg
Changsha_Part1_pt_1891_left.jpg,Wuhan_Part3_pt_39319_left.jpg
Nanchang_Part2_pt_18344_back.jpg,Nanchang_Part3_pt_24085_front.jpg
Changsha_Part1_pt_1907_left.jpg,Wuhan_Part3_pt_34980_back.jpg
Nanchang_Part1_pt_8777_right.jpg,Nanchang_Part1_pt_9330_right.jpg
Changsha_Part1_pt_425_front.jpg,Wuhan_Part2_pt_18623_left.jpg
Changsha_Part3_pt_25880_right.jpg,Changsha_Part4_pt_33640_back.jpg
Changsha_Part6_pt_55774_left.jpg,Nanchang_Part3_pt_29404_right.jpg
Wuhan_Part3_pt_36409_back.jpg,Wuhan_Part3_pt_38615_right.jpg
Nanchang_Part1_pt_5353_left.jpg,Wuhan_Part3_pt_42512_back.jpg
Nanchang_Part3_pt_30874_back.jpg,Wuhan_Part1_pt_304_back.jpg
Wuhan_Part2_pt_17975_right.jpg,Wuhan_Part2_pt_20584_back.jpg
Nanchang_Part2_pt_15275_front.jpg,Wuhan_Part2_pt_20584_back.jpg
Nanchang_Part3_pt_32850_left.jpg,Wuhan_Part3_pt_41235_back.jpg
Changsha_Part2_pt_11750_front.jpg,Nanchang_Part3_pt_24406_left.jpg
Changsha_Part4_pt_35840_right.jpg,Changsha_Part5_pt_42019_front.jpg
Nanchang_Part3_pt_31025_left.jpg,Wuhan_Part1_pt_4115_front.jpg
Changsha_Part5_pt_45246_left.jpg,Nanchang_Part3_pt_25526_front.jpg
Changsha_Part2_pt_11251_left.jpg,Wuhan_Part3_pt_31541_front.jpg
Wuhan_Part1_pt_5382_right.jpg,Wuhan_Part3_pt_31960_right.jpg
Changsha_Part6_pt_57628_back.jpg,Wuhan_Part3_pt_38433_back.jpg
Nanchang_Part1_pt_3200_right.jpg,Wuhan_Part1_pt_4115_front.jpg
Changsha_Part5_pt_44078_back.jpg,Nanchang_Part1_pt_256_front.jpg
Changsha_Part5_pt_45542_back.jpg,Wuhan_Part1_pt_1902_right.jpg
Changsha_Part5_pt_45015_right.jpg,Wuhan_Part3_pt_40616_front.jpg
Changsha_Part1_pt_425_front.jpg,Wuhan_Part3_pt_34875_right.jpg
Changsha_Part2_pt_12606_right.jpg,Wuhan_Part1_pt_1062_left.jpg
Changsha_Part4_pt_33177_left.jpg,Nanchang_Part1_pt_8049_front.jpg
Changsha_Part5_pt_43473_front.jpg,Wuhan_Part1_pt_5213_front.jpg
Changsha_Part1_pt_5266_left.jpg,Nanchang_Part3_pt_27650_front.jpg
Nanchang_Part3_pt_27075_left.jpg,Wuhan_Part1_pt_1937_back.jpg
Changsha_Part6_pt_55472_left.jpg,Nanchang_Part2_pt_17446_right.jpg
Changsha_Part3_pt_27866_right.jpg,Wuhan_Part3_pt_36365_left.jpg
Wuhan_Part1_pt_10113_back.jpg,Wuhan_Part2_pt_22387_back.jpg
Changsha_Part5_pt_41790_right.jpg,Changsha_Part6_pt_53887_back.jpg
Wuhan_Part1_pt_5035_right.jpg,Wuhan_Part3_pt_34980_back.jpg
Changsha_Part6_pt_50277_right.jpg,Wuhan_Part1_pt_8915_front.jpg
Nanchang_Part2_pt_17227_front.jpg,Wuhan_Part1_pt_8424_back.jpg
Changsha_Part1_pt_4172_right.jpg,Wuhan_Part2_pt_23692_front.jpg
Changsha_Part6_pt_57138_back.jpg,Nanchang_Part1_pt_8513_right.jpg
Changsha_Part5_pt_44292_right.jpg,Changsha_Part6_pt_55309_front.jpg
Changsha_Part3_pt_28571_left.jpg,Changsha_Part4_pt_36807_right.jpg
Changsha_Part3_pt_24110_front.jpg,Nanchang_Part1_pt_5486_right.jpg
Nanchang_Part1_pt_9861_left.jpg,Wuhan_Part1_pt_2740_right.jpg
Changsha_Part2_pt_18188_back.jpg,Changsha_Part5_pt_42019_front.jpg
Changsha_Part3_pt_27866_right.jpg,Nanchang_Part1_pt_4690_left.jpg
Changsha_Part5_pt_45139_left.jpg,Nanchang_Part1_pt_3665_right.jpg
Changsha_Part4_pt_35179_front.jpg,Nanchang_Part2_pt_15297_front.jpg
Changsha_Part2_pt_18188_back.jpg,Changsha_Part5_pt_44803_left.jpg
Nanchang_Part1_pt_3587_right.jpg,Wuhan_Part3_pt_31401_front.jpg
Nanchang_Part2_pt_15035_right.jpg,Wuhan_Part1_pt_5035_right.jpg
Changsha_Part4_pt_37192_front.jpg,Changsha_Part6_pt_50277_right.jpg
Changsha_Part2_pt_16040_front.jpg,Wuhan_Part1_pt_7728_back.jpg
Changsha_Part2_pt_17510_front.jpg,Wuhan_Part1_pt_67_right.jpg
Changsha_Part4_pt_33542_right.jpg,Changsha_Part5_pt_44916_back.jpg
Nanchang_Part2_pt_16595_back.jpg,Wuhan_Part2_pt_17295_back.jpg
Nanchang_Part2_pt_13488_front.jpg,Wuhan_Part1_pt_1937_back.jpg
Nanchang_Part1_pt_1808_back.jpg,Nanchang_Part1_pt_7056_left.jpg
Nanchang_Part3_pt_24809_front.jpg,Wuhan_Part3_pt_35274_left.jpg
Changsha_Part2_pt_15724_left.jpg,Wuhan_Part3_pt_42188_front.jpg
Changsha_Part4_pt_36706_left.jpg,Wuhan_Part2_pt_18460_left.jpg
Changsha_Part6_pt_54672_back.jpg,Wuhan_Part1_pt_7827_left.jpg
Nanchang_Part1_pt_5539_left.jpg,Wuhan_Part2_pt_16999_front.jpg
Changsha_Part2_pt_16040_front.jpg,Changsha_Part2_pt_18318_front.jpg
Changsha_Part2_pt_12639_right.jpg,Wuhan_Part3_pt_33527_left.jpg
Changsha_Part2_pt_15644_front.jpg,Wuhan_Part3_pt_41495_right.jpg
Changsha_Part2_pt_16277_right.jpg,Nanchang_Part3_pt_31676_right.jpg
Changsha_Part2_pt_11273_front.jpg,Nanchang_Part2_pt_13876_left.jpg
Nanchang_Part2_pt_12496_front.jpg,Wuhan_Part1_pt_6851_right.jpg
Changsha_Part2_pt_12327_right.jpg,Wuhan_Part2_pt_19609_right.jpg
Nanchang_Part1_pt_7051_back.jpg,Wuhan_Part3_pt_40759_front.jpg
Nanchang_Part1_pt_2879_right.jpg,Nanchang_Part2_pt_19699_back.jpg
Changsha_Part3_pt_23973_right.jpg,Nanchang_Part1_pt_5746_back.jpg
Changsha_Part4_pt_32068_right.jpg,Wuhan_Part1_pt_1437_back.jpg
Nanchang_Part1_pt_9597_right.jpg,Wuhan_Part1_pt_5035_right.jpg
Changsha_Part2_pt_11794_back.jpg,Changsha_Part5_pt_46050_right.jpg
Changsha_Part2_pt_15291_front.jpg,Changsha_Part6_pt_55018_front.jpg
Nanchang_Part2_pt_18892_right.jpg,Wuhan_Part3_pt_38798_back.jpg
Changsha_Part4_pt_34265_back.jpg,Nanchang_Part1_pt_8871_right.jpg
Changsha_Part3_pt_27866_right.jpg,Wuhan_Part2_pt_27169_right.jpg
Changsha_Part2_pt_17223_front.jpg,Nanchang_Part2_pt_13847_back.jpg
Nanchang_Part3_pt_22661_left.jpg,Wuhan_Part1_pt_3269_right.jpg
Nanchang_Part3_pt_32368_right.jpg,Wuhan_Part1_pt_10505_left.jpg
Wuhan_Part1_pt_3198_front.jpg,Wuhan_Part1_pt_488_left.jpg
Wuhan_Part3_pt_40616_front.jpg,Wuhan_Part3_pt_42698_back.jpg
Nanchang_Part2_pt_15035_right.jpg,Wuhan_Part2_pt_21516_back.jpg
Nanchang_Part1_pt_635_left.jpg,Wuhan_Part2_pt_24681_back.jpg
Changsha_Part6_pt_54006_back.jpg,Wuhan_Part2_pt_27169_right.jpg
Changsha_Part1_pt_5737_left.jpg,Changsha_Part3_pt_24031_left.jpg
Changsha_Part4_pt_31374_back.jpg,Wuhan_Part2_pt_19095_left.jpg
Nanchang_Part1_pt_9599_back.jpg,Wuhan_Part3_pt_41411_front.jpg
Nanchang_Part3_pt_28546_back.jpg,Wuhan_Part2_pt_26906_back.jpg
Wuhan_Part2_pt_19144_back.jpg,Wuhan_Part3_pt_36567_right.jpg
Wuhan_Part2_pt_27296_front.jpg,Wuhan_Part3_pt_32664_back.jpg
Changsha_Part4_pt_31169_back.jpg,Nanchang_Part1_pt_3665_right.jpg
Nanchang_Part1_pt_8924_right.jpg,Nanchang_Part2_pt_14839_right.jpg
Nanchang_Part1_pt_9861_left.jpg,Nanchang_Part3_pt_22854_back.jpg
Nanchang_Part1_pt_9718_back.jpg,Nanchang_Part2_pt_12496_front.jpg
Changsha_Part4_pt_35296_back.jpg,Wuhan_Part1_pt_2613_right.jpg
Changsha_Part6_pt_57362_right.jpg,Nanchang_Part3_pt_23502_front.jpg
Wuhan_Part1_pt_7827_left.jpg,Wuhan_Part2_pt_21516_back.jpg
Wuhan_Part1_pt_2054_right.jpg,Wuhan_Part2_pt_17374_back.jpg
Changsha_Part5_pt_41017_left.jpg,Wuhan_Part2_pt_17765_front.jpg
Changsha_Part5_pt_41017_left.jpg,Nanchang_Part1_pt_8391_right.jpg
Wuhan_Part3_pt_34980_back.jpg,Wuhan_Part3_pt_36915_front.jpg
Changsha_Part5_pt_44035_back.jpg,Nanchang_Part2_pt_17487_right.jpg
Changsha_Part3_pt_27051_back.jpg,Changsha_Part6_pt_57072_right.jpg
Changsha_Part3_pt_29721_left.jpg,Nanchang_Part1_pt_5607_right.jpg
Changsha_Part2_pt_15291_front.jpg,Nanchang_Part2_pt_14656_left.jpg
Changsha_Part4_pt_32119_left.jpg,Wuhan_Part1_pt_3527_right.jpg
Changsha_Part3_pt_24106_left.jpg,Changsha_Part4_pt_30621_back.jpg
Changsha_Part4_pt_32166_back.jpg,Nanchang_Part1_pt_7027_back.jpg
Nanchang_Part2_pt_12011_left.jpg,Wuhan_Part2_pt_19596_left.jpg
Nanchang_Part1_pt_2017_front.jpg,Nanchang_Part1_pt_6088_right.jpg
Changsha_Part5_pt_43438_front.jpg,Nanchang_Part3_pt_28977_left.jpg
Changsha_Part1_pt_2308_front.jpg,Wuhan_Part2_pt_22387_back.jpg
Nanchang_Part2_pt_20028_right.jpg,Nanchang_Part3_pt_30674_left.jpg
Changsha_Part4_pt_33808_back.jpg,Nanchang_Part3_pt_30158_right.jpg
Changsha_Part2_pt_12086_back.jpg,Wuhan_Part2_pt_19807_back.jpg
Nanchang_Part1_pt_5004_back.jpg,Nanchang_Part3_pt_24725_right.jpg
Changsha_Part3_pt_22004_right.jpg,Wuhan_Part1_pt_2084_front.jpg
Changsha_Part5_pt_44090_right.jpg,Nanchang_Part1_pt_5085_front.jpg
Nanchang_Part2_pt_16595_back.jpg,Nanchang_Part3_pt_22824_back.jpg
Changsha_Part2_pt_13447_right.jpg,Wuhan_Part2_pt_26521_front.jpg
Changsha_Part5_pt_46400_back.jpg,Wuhan_Part3_pt_32112_back.jpg
Changsha_Part5_pt_41786_right.jpg,Wuhan_Part1_pt_7856_right.jpg
Nanchang_Part2_pt_20275_back.jpg,Wuhan_Part1_pt_11303_right.jpg
Nanchang_Part2_pt_12103_back.jpg,Nanchang_Part2_pt_19562_front.jpg
Changsha_Part2_pt_18295_left.jpg,Wuhan_Part1_pt_2525_front.jpg
Wuhan_Part1_pt_5958_front.jpg,Wuhan_Part2_pt_24681_back.jpg
Changsha_Part5_pt_44292_right.jpg,Wuhan_Part3_pt_34980_back.jpg
Changsha_Part5_pt_45246_left.jpg,Nanchang_Part3_pt_25316_back.jpg
Changsha_Part3_pt_20174_front.jpg,Changsha_Part5_pt_44035_back.jpg
Nanchang_Part2_pt_12496_front.jpg,Wuhan_Part2_pt_22062_back.jpg
Changsha_Part1_pt_1145_right.jpg,Wuhan_Part1_pt_4_front.jpg
Nanchang_Part1_pt_2614_front.jpg,Nanchang_Part2_pt_17985_back.jpg
Changsha_Part2_pt_16405_front.jpg,Changsha_Part3_pt_27051_back.jpg
Changsha_Part1_pt_996_back.jpg,Changsha_Part3_pt_23813_front.jpg
Wuhan_Part2_pt_22387_back.jpg,Wuhan_Part3_pt_34216_front.jpg
Nanchang_Part1_pt_3386_left.jpg,Nanchang_Part3_pt_23018_left.jpg
Nanchang_Part1_pt_4393_right.jpg,Nanchang_Part2_pt_19829_front.jpg
Changsha_Part3_pt_27866_right.jpg,Wuhan_Part3_pt_40368_front.jpg
Changsha_Part3_pt_23517_left.jpg,Wuhan_Part2_pt_22591_left.jpg
Nanchang_Part3_pt_32422_front.jpg,Wuhan_Part2_pt_19095_left.jpg
Changsha_Part1_pt_1376_left.jpg,Wuhan_Part1_pt_8424_back.jpg
Changsha_Part6_pt_51757_front.jpg,Wuhan_Part3_pt_31960_right.jpg
Changsha_Part2_pt_12959_front.jpg,Wuhan_Part2_pt_20292_back.jpg
Wuhan_Part3_pt_34216_front.jpg,Wuhan_Part3_pt_35558_front.jpg
Wuhan_Part1_pt_131_right.jpg,Wuhan_Part2_pt_27541_right.jpg
Changsha_Part6_pt_50346_back.jpg,Wuhan_Part3_pt_41364_right.jpg
Changsha_Part4_pt_37845_back.jpg,Nanchang_Part3_pt_25526_front.jpg
Nanchang_Part2_pt_15035_right.jpg,Wuhan_Part3_pt_34783_left.jpg
Changsha_Part2_pt_10912_left.jpg,Changsha_Part5_pt_42695_right.jpg
Changsha_Part3_pt_26037_left.jpg,Changsha_Part3_pt_28723_left.jpg
Wuhan_Part3_pt_35558_front.jpg,Wuhan_Part3_pt_38109_left.jpg
Changsha_Part2_pt_14874_left.jpg,Nanchang_Part3_pt_24124_back.jpg
Changsha_Part3_pt_20174_front.jpg,Changsha_Part3_pt_23537_right.jpg
Changsha_Part4_pt_36040_right.jpg,Wuhan_Part1_pt_1482_front.jpg
Nanchang_Part2_pt_12011_left.jpg,Wuhan_Part3_pt_38109_left.jpg
Nanchang_Part1_pt_5435_front.jpg,Wuhan_Part2_pt_17783_back.jpg
Changsha_Part3_pt_28755_left.jpg,Wuhan_Part3_pt_35277_back.jpg
Changsha_Part2_pt_17510_front.jpg,Wuhan_Part2_pt_17125_front.jpg
Changsha_Part6_pt_52510_left.jpg,Wuhan_Part1_pt_9169_left.jpg
Changsha_Part1_pt_514_right.jpg,Changsha_Part2_pt_16148_front.jpg
Nanchang_Part3_pt_26654_back.jpg,Wuhan_Part3_pt_32763_front.jpg
Wuhan_Part1_pt_192_left.jpg,Wuhan_Part1_pt_7051_front.jpg
Changsha_Part1_pt_6050_right.jpg,Nanchang_Part3_pt_32364_left.jpg
Changsha_Part1_pt_6811_right.jpg,Wuhan_Part2_pt_20009_front.jpg
Changsha_Part1_pt_3692_back.jpg,Nanchang_Part2_pt_19699_back.jpg
Changsha_Part4_pt_31169_back.jpg,Nanchang_Part1_pt_5435_front.jpg
Nanchang_Part2_pt_12929_right.jpg,Nanchang_Part3_pt_31209_left.jpg
Changsha_Part3_pt_27866_right.jpg,Nanchang_Part2_pt_12278_front.jpg
Changsha_Part5_pt_46885_left.jpg,Nanchang_Part2_pt_19785_right.jpg
Changsha_Part1_pt_1907_left.jpg,Nanchang_Part3_pt_22886_front.jpg
Changsha_Part4_pt_37192_front.jpg,Nanchang_Part1_pt_4393_right.jpg
Changsha_Part1_pt_4607_front.jpg,Changsha_Part1_pt_514_right.jpg
Nanchang_Part2_pt_18845_front.jpg,Nanchang_Part3_pt_27189_left.jpg
Nanchang_Part2_pt_19795_right.jpg,Nanchang_Part3_pt_30062_back.jpg
Nanchang_Part1_pt_6424_right.jpg,Nanchang_Part3_pt_30874_back.jpg
Changsha_Part2_pt_12639_right.jpg,Wuhan_Part3_pt_37084_back.jpg
Changsha_Part1_pt_2719_front.jpg,Wuhan_Part2_pt_26608_front.jpg
Changsha_Part2_pt_15861_left.jpg,Nanchang_Part1_pt_3927_left.jpg
Changsha_Part1_pt_425_front.jpg,Wuhan_Part1_pt_3111_front.jpg
Nanchang_Part1_pt_8663_back.jpg,Wuhan_Part3_pt_35384_right.jpg
Changsha_Part3_pt_20174_front.jpg,Wuhan_Part3_pt_40702_back.jpg
Wuhan_Part1_pt_304_back.jpg,Wuhan_Part3_pt_42188_front.jpg
Changsha_Part2_pt_15998_back.jpg,Changsha_Part5_pt_46278_left.jpg
Changsha_Part6_pt_55889_left.jpg,Nanchang_Part1_pt_4905_front.jpg
Nanchang_Part3_pt_28546_back.jpg,Wuhan_Part2_pt_26521_front.jpg
Changsha_Part6_pt_54362_back.jpg,Nanchang_Part1_pt_3170_front.jpg
Nanchang_Part2_pt_12631_right.jpg,Nanchang_Part3_pt_30396_back.jpg
Changsha_Part4_pt_31193_back.jpg,Wuhan_Part3_pt_31296_left.jpg
Changsha_Part3_pt_20021_front.jpg,Changsha_Part4_pt_35244_back.jpg
Changsha_Part1_pt_1132_back.jpg,Wuhan_Part3_pt_37599_left.jpg
Changsha_Part5_pt_44916_back.jpg,Nanchang_Part2_pt_16007_left.jpg
Changsha_Part4_pt_30621_back.jpg,Wuhan_Part2_pt_20292_back.jpg
Changsha_Part3_pt_23133_front.jpg,Nanchang_Part3_pt_32850_left.jpg
Changsha_Part1_pt_5737_left.jpg,Wuhan_Part2_pt_17646_front.jpg
Nanchang_Part1_pt_3587_right.jpg,Wuhan_Part3_pt_34783_left.jpg
Changsha_Part3_pt_27913_front.jpg,Wuhan_Part2_pt_26156_back.jpg
Changsha_Part6_pt_50548_right.jpg,Wuhan_Part3_pt_37599_left.jpg
Changsha_Part4_pt_35861_left.jpg,Wuhan_Part3_pt_35204_left.jpg
Nanchang_Part1_pt_279_front.jpg,Nanchang_Part3_pt_28546_back.jpg
Changsha_Part5_pt_44035_back.jpg,Changsha_Part6_pt_53887_back.jpg
Wuhan_Part3_pt_32448_front.jpg,Wuhan_Part3_pt_34158_right.jpg
Nanchang_Part3_pt_25316_back.jpg,Nanchang_Part3_pt_32364_left.jpg
Changsha_Part5_pt_41724_left.jpg,Nanchang_Part2_pt_18879_back.jpg
Changsha_Part6_pt_55774_left.jpg,Nanchang_Part1_pt_9447_front.jpg
Changsha_Part3_pt_21618_front.jpg,Changsha_Part4_pt_30539_back.jpg
Changsha_Part2_pt_15853_right.jpg,Changsha_Part6_pt_56982_back.jpg
Changsha_Part6_pt_52510_left.jpg,Wuhan_Part3_pt_36397_front.jpg
Changsha_Part5_pt_43557_back.jpg,Changsha_Part6_pt_55376_front.jpg
Changsha_Part2_pt_18318_front.jpg,Changsha_Part4_pt_35244_back.jpg
Changsha_Part3_pt_27625_back.jpg,Nanchang_Part2_pt_18872_right.jpg
Nanchang_Part3_pt_32364_left.jpg,Wuhan_Part2_pt_27439_front.jpg
Wuhan_Part1_pt_2054_right.jpg,Wuhan_Part3_pt_35277_back.jpg
Changsha_Part5_pt_46092_right.jpg,Nanchang_Part3_pt_26654_back.jpg
Wuhan_Part1_pt_5035_right.jpg,Wuhan_Part3_pt_41577_left.jpg
Changsha_Part1_pt_3751_left.jpg,Wuhan_Part1_pt_4517_right.jpg
Nanchang_Part2_pt_19829_front.jpg,Nanchang_Part3_pt_32938_left.jpg
Changsha_Part5_pt_47450_back.jpg,Nanchang_Part2_pt_18736_back.jpg
Nanchang_Part1_pt_4640_back.jpg,Wuhan_Part2_pt_19560_back.jpg
Changsha_Part5_pt_44968_back.jpg,Nanchang_Part1_pt_4640_back.jpg
Nanchang_Part1_pt_279_front.jpg,Wuhan_Part1_pt_3130_left.jpg
Nanchang_Part1_pt_6314_left.jpg,Wuhan_Part1_pt_5454_front.jpg
Changsha_Part1_pt_4087_right.jpg,Nanchang_Part2_pt_16333_right.jpg
Changsha_Part6_pt_55312_back.jpg,Wuhan_Part2_pt_22591_left.jpg
Changsha_Part2_pt_15291_front.jpg,Nanchang_Part1_pt_9655_left.jpg
Changsha_Part4_pt_37794_right.jpg,Nanchang_Part2_pt_14656_left.jpg
Nanchang_Part2_pt_16094_left.jpg,Nanchang_Part2_pt_18732_front.jpg
Nanchang_Part3_pt_24406_left.jpg,Wuhan_Part1_pt_6287_front.jpg
Changsha_Part3_pt_24252_front.jpg,Wuhan_Part2_pt_22110_left.jpg
Nanchang_Part1_pt_309_back.jpg,Wuhan_Part2_pt_24484_front.jpg
Changsha_Part5_pt_41863_front.jpg,Nanchang_Part1_pt_3927_left.jpg
Changsha_Part3_pt_20021_front.jpg,Nanchang_Part2_pt_19607_left.jpg
Changsha_Part1_pt_5266_left.jpg,Changsha_Part2_pt_16293_front.jpg
Changsha_Part2_pt_11825_left.jpg,Nanchang_Part1_pt_289_right.jpg
Changsha_Part3_pt_20021_front.jpg,Nanchang_Part1_pt_6745_front.jpg
Changsha_Part2_pt_12639_right.jpg,Nanchang_Part1_pt_1317_front.jpg
Changsha_Part3_pt_26896_front.jpg,Wuhan_Part3_pt_41411_front.jpg
Changsha_Part3_pt_26037_left.jpg,Wuhan_Part2_pt_24304_front.jpg
Changsha_Part2_pt_10431_right.jpg,Changsha_Part3_pt_25710_left.jpg
Changsha_Part5_pt_44035_back.jpg,Nanchang_Part2_pt_11628_front.jpg
Changsha_Part5_pt_46885_left.jpg,Wuhan_Part1_pt_3224_right.jpg
Nanchang_Part1_pt_8514_back.jpg,Wuhan_Part2_pt_17765_front.jpg
Nanchang_Part1_pt_8777_right.jpg,Wuhan_Part2_pt_17329_front.jpg
Wuhan_Part1_pt_6464_front.jpg,Wuhan_Part2_pt_24353_right.jpg
Changsha_Part3_pt_21873_left.jpg,Changsha_Part3_pt_27024_left.jpg
Changsha_Part6_pt_54018_back.jpg,Nanchang_Part3_pt_31209_left.jpg
Nanchang_Part2_pt_15035_left.jpg,Wuhan_Part3_pt_33451_right.jpg
Nanchang_Part3_pt_32850_left.jpg,Wuhan_Part2_pt_26906_back.jpg
Nanchang_Part1_pt_5486_right.jpg,Wuhan_Part1_pt_4115_front.jpg
Changsha_Part6_pt_50548_right.jpg,Wuhan_Part3_pt_35274_left.jpg
Changsha_Part2_pt_12086_back.jpg,Wuhan_Part1_pt_7728_back.jpg
Nanchang_Part1_pt_5894_front.jpg,Wuhan_Part3_pt_31443_right.jpg
Changsha_Part6_pt_54642_front.jpg,Nanchang_Part1_pt_7076_front.jpg
Changsha_Part3_pt_28034_front.jpg,Nanchang_Part2_pt_19829_front.jpg
Changsha_Part2_pt_11460_front.jpg,Nanchang_Part2_pt_11378_left.jpg
Nanchang_Part1_pt_4061_right.jpg,Nanchang_Part2_pt_15035_right.jpg
Changsha_Part4_pt_34902_right.jpg,Changsha_Part6_pt_53756_right.jpg
Changsha_Part1_pt_4988_front.jpg,Wuhan_Part3_pt_35530_front.jpg
Changsha_Part4_pt_35342_back.jpg,Wuhan_Part3_pt_41412_left.jpg
Changsha_Part6_pt_52680_left.jpg,Wuhan_Part2_pt_25165_front.jpg
Nanchang_Part3_pt_31676_right.jpg,Wuhan_Part1_pt_1144_right.jpg
Wuhan_Part1_pt_417_front.jpg,Wuhan_Part3_pt_34498_right.jpg
Wuhan_Part1_pt_4045_front.jpg,Wuhan_Part3_pt_31833_front.jpg
Changsha_Part1_pt_1376_left.jpg,Wuhan_Part2_pt_19609_right.jpg
Changsha_Part4_pt_31169_back.jpg,Changsha_Part5_pt_44803_left.jpg
Wuhan_Part1_pt_3252_right.jpg,Wuhan_Part3_pt_39319_left.jpg
Changsha_Part3_pt_21873_left.jpg,Changsha_Part6_pt_56861_right.jpg
Changsha_Part3_pt_28571_left.jpg,Nanchang_Part3_pt_30356_back.jpg
Nanchang_Part3_pt_28084_front.jpg,Nanchang_Part3_pt_30388_left.jpg
Changsha_Part3_pt_23274_front.jpg,Wuhan_Part3_pt_35865_front.jpg
Wuhan_Part2_pt_21621_front.jpg,Wuhan_Part3_pt_35275_back.jpg
Nanchang_Part2_pt_13933_right.jpg,Nanchang_Part2_pt_15812_left.jpg
Changsha_Part5_pt_46264_front.jpg,Wuhan_Part1_pt_5761_right.jpg
Nanchang_Part1_pt_5769_left.jpg,Wuhan_Part1_pt_3801_right.jpg
Changsha_Part1_pt_4988_front.jpg,Wuhan_Part1_pt_7051_front.jpg
Nanchang_Part1_pt_6648_right.jpg,Nanchang_Part1_pt_9447_front.jpg
Changsha_Part1_pt_3751_left.jpg,Wuhan_Part2_pt_17646_front.jpg
Nanchang_Part2_pt_12577_left.jpg,Wuhan_Part1_pt_1437_back.jpg
Wuhan_Part1_pt_3410_back.jpg,Wuhan_Part3_pt_38433_back.jpg
Nanchang_Part1_pt_5539_left.jpg,Nanchang_Part1_pt_819_front.jpg
Changsha_Part3_pt_28571_left.jpg,Nanchang_Part1_pt_5085_front.jpg
Wuhan_Part3_pt_32448_front.jpg,Wuhan_Part3_pt_34875_right.jpg
Nanchang_Part1_pt_6748_right.jpg,Nanchang_Part2_pt_12674_back.jpg
Changsha_Part1_pt_1145_right.jpg,Wuhan_Part3_pt_32617_left.jpg
Changsha_Part3_pt_21735_front.jpg,Nanchang_Part1_pt_1285_back.jpg
Changsha_Part5_pt_40387_left.jpg,Nanchang_Part1_pt_6088_right.jpg
Nanchang_Part1_pt_3927_left.jpg,Nanchang_Part3_pt_30485_front.jpg
Changsha_Part5_pt_43473_front.jpg,Nanchang_Part1_pt_3704_front.jpg
Wuhan_Part3_pt_34977_right.jpg,Wuhan_Part3_pt_38615_right.jpg
Changsha_Part1_pt_2989_right.jpg,Wuhan_Part1_pt_3111_front.jpg
Nanchang_Part1_pt_583_right.jpg,Wuhan_Part1_pt_5761_right.jpg
Changsha_Part2_pt_15724_left.jpg,Nanchang_Part3_pt_30232_right.jpg
Wuhan_Part1_pt_488_left.jpg,Wuhan_Part3_pt_37084_back.jpg
Nanchang_Part1_pt_7027_back.jpg,Wuhan_Part1_pt_2293_right.jpg
Nanchang_Part2_pt_13042_front.jpg,Nanchang_Part2_pt_15015_right.jpg
Nanchang_Part1_pt_4640_back.jpg,Wuhan_Part3_pt_34158_right.jpg
Nanchang_Part1_pt_819_front.jpg,Wuhan_Part1_pt_6881_front.jpg
Wuhan_Part2_pt_23647_right.jpg,Wuhan_Part3_pt_40368_front.jpg
Changsha_Part4_pt_35342_back.jpg,Wuhan_Part3_pt_40616_front.jpg
Nanchang_Part2_pt_12631_right.jpg,Wuhan_Part2_pt_16408_front.jpg
Changsha_Part4_pt_34902_right.jpg,Wuhan_Part3_pt_40154_front.jpg
Changsha_Part1_pt_1376_left.jpg,Nanchang_Part1_pt_279_front.jpg
Nanchang_Part3_pt_30260_right.jpg,Wuhan_Part3_pt_31296_left.jpg
Nanchang_Part1_pt_7622_front.jpg,Wuhan_Part3_pt_39616_right.jpg
Nanchang_Part2_pt_20275_back.jpg,Wuhan_Part3_pt_35275_back.jpg
Nanchang_Part1_pt_6488_left.jpg,Nanchang_Part2_pt_13876_left.jpg
Changsha_Part6_pt_51628_left.jpg,Nanchang_Part2_pt_15023_left.jpg
Changsha_Part2_pt_11460_front.jpg,Changsha_Part3_pt_20028_left.jpg
Nanchang_Part2_pt_12577_left.jpg,Wuhan_Part1_pt_9289_front.jpg
Nanchang_Part1_pt_5386_front.jpg,Nanchang_Part2_pt_12011_left.jpg
Changsha_Part6_pt_56604_left.jpg,Wuhan_Part2_pt_23647_right.jpg
Wuhan_Part3_pt_38433_back.jpg,Wuhan_Part3_pt_39555_front.jpg
Changsha_Part6_pt_51757_front.jpg,Wuhan_Part2_pt_20009_front.jpg
Wuhan_Part1_pt_9321_front.jpg,Wuhan_Part3_pt_31778_left.jpg
Nanchang_Part2_pt_12011_left.jpg,Wuhan_Part3_pt_38798_back.jpg
Nanchang_Part2_pt_14274_left.jpg,Nanchang_Part3_pt_23745_front.jpg
Changsha_Part5_pt_41199_right.jpg,Nanchang_Part1_pt_289_right.jpg
Wuhan_Part2_pt_23647_right.jpg,Wuhan_Part3_pt_37558_back.jpg
Changsha_Part1_pt_1232_right.jpg,Nanchang_Part3_pt_27189_left.jpg
Changsha_Part1_pt_1295_back.jpg,Changsha_Part2_pt_16148_front.jpg
Changsha_Part3_pt_20174_front.jpg,Wuhan_Part1_pt_2054_right.jpg
Wuhan_Part1_pt_10113_back.jpg,Wuhan_Part1_pt_1128_front.jpg
Nanchang_Part1_pt_8386_back.jpg,Wuhan_Part1_pt_8570_right.jpg
Wuhan_Part1_pt_2153_right.jpg,Wuhan_Part1_pt_9169_left.jpg
Nanchang_Part1_pt_3665_right.jpg,Wuhan_Part1_pt_4308_right.jpg
Nanchang_Part2_pt_19791_left.jpg,Wuhan_Part3_pt_32448_front.jpg
Changsha_Part6_pt_50927_back.jpg,Wuhan_Part2_pt_22062_back.jpg
Changsha_Part2_pt_12639_right.jpg,Wuhan_Part1_pt_1902_right.jpg
Changsha_Part4_pt_35244_back.jpg,Nanchang_Part3_pt_28522_right.jpg
Changsha_Part5_pt_44968_back.jpg,Nanchang_Part2_pt_18732_front.jpg
Changsha_Part6_pt_51316_left.jpg,Nanchang_Part2_pt_20212_front.jpg
Changsha_Part4_pt_36706_left.jpg,Nanchang_Part2_pt_17227_front.jpg
Changsha_Part3_pt_28034_front.jpg,Changsha_Part5_pt_41513_back.jpg
Changsha_Part6_pt_54362_back.jpg,Nanchang_Part2_pt_16595_back.jpg
Changsha_Part6_pt_52484_front.jpg,Wuhan_Part3_pt_37619_left.jpg
Nanchang_Part1_pt_3985_right.jpg,Wuhan_Part1_pt_1937_back.jpg
Wuhan_Part1_pt_3269_right.jpg,Wuhan_Part1_pt_3944_left.jpg
Changsha_Part2_pt_15281_back.jpg,Wuhan_Part3_pt_32357_right.jpg
Changsha_Part5_pt_43932_front.jpg,Wuhan_Part3_pt_31969_front.jpg
Wuhan_Part1_pt_2084_front.jpg,Wuhan_Part3_pt_41182_back.jpg
Changsha_Part6_pt_50649_left.jpg,Changsha_Part6_pt_56075_left.jpg
Nanchang_Part2_pt_15035_right.jpg,Nanchang_Part2_pt_16595_back.jpg
Nanchang_Part2_pt_13847_back.jpg,Wuhan_Part3_pt_34158_right.jpg
Changsha_Part5_pt_45246_left.jpg,Changsha_Part5_pt_46400_back.jpg
Nanchang_Part1_pt_5261_right.jpg,Nanchang_Part2_pt_19791_left.jpg
Changsha_Part1_pt_3070_back.jpg,Changsha_Part5_pt_46050_right.jpg
Nanchang_Part1_pt_6748_right.jpg,Wuhan_Part3_pt_42188_front.jpg
Nanchang_Part1_pt_3285_left.jpg,Wuhan_Part2_pt_17364_right.jpg
Wuhan_Part1_pt_2293_right.jpg,Wuhan_Part3_pt_38109_left.jpg
Nanchang_Part2_pt_19607_left.jpg,Nanchang_Part3_pt_32368_right.jpg
Nanchang_Part2_pt_15023_left.jpg,Wuhan_Part1_pt_3130_left.jpg
Changsha_Part2_pt_17999_left.jpg,Changsha_Part3_pt_27024_left.jpg
Changsha_Part2_pt_10435_back.jpg,Changsha_Part6_pt_55455_right.jpg
Changsha_Part2_pt_16040_front.jpg,Wuhan_Part2_pt_24317_back.jpg
Nanchang_Part2_pt_20318_right.jpg,Nanchang_Part3_pt_28758_left.jpg
Changsha_Part3_pt_21965_front.jpg,Nanchang_Part1_pt_599_back.jpg
Changsha_Part5_pt_41790_right.jpg,Nanchang_Part2_pt_16094_left.jpg
Changsha_Part1_pt_1907_left.jpg,Nanchang_Part3_pt_30260_right.jpg
Changsha_Part6_pt_55774_left.jpg,Nanchang_Part1_pt_8049_front.jpg
Nanchang_Part1_pt_9891_back.jpg,Wuhan_Part1_pt_3801_right.jpg
Wuhan_Part1_pt_10113_back.jpg,Wuhan_Part3_pt_38109_left.jpg
Changsha_Part1_pt_5997_right.jpg,Wuhan_Part2_pt_24484_front.jpg
Wuhan_Part2_pt_26737_left.jpg,Wuhan_Part3_pt_34498_right.jpg
Changsha_Part3_pt_28198_front.jpg,Wuhan_Part1_pt_6464_front.jpg
Wuhan_Part2_pt_24304_front.jpg,Wuhan_Part3_pt_35277_back.jpg
Nanchang_Part2_pt_12577_left.jpg,Nanchang_Part2_pt_12695_right.jpg
Nanchang_Part2_pt_20348_right.jpg,Wuhan_Part3_pt_35053_front.jpg
Changsha_Part6_pt_51193_back.jpg,Nanchang_Part1_pt_6829_right.jpg
Wuhan_Part3_pt_32315_left.jpg,Wuhan_Part3_pt_39319_left.jpg
Nanchang_Part2_pt_13614_left.jpg,Wuhan_Part1_pt_1062_left.jpg
Changsha_Part1_pt_1232_right.jpg,Nanchang_Part2_pt_15015_right.jpg
Changsha_Part2_pt_15644_front.jpg,Nanchang_Part3_pt_23059_front.jpg
Changsha_Part4_pt_31169_back.jpg,Nanchang_Part3_pt_28976_back.jpg
Changsha_Part1_pt_6811_right.jpg,Changsha_Part2_pt_17662_front.jpg
Nanchang_Part1_pt_7681_right.jpg,Wuhan_Part3_pt_32106_left.jpg
Nanchang_Part3_pt_24406_left.jpg,Wuhan_Part2_pt_18488_front.jpg
Nanchang_Part1_pt_4179_left.jpg,Wuhan_Part3_pt_32112_back.jpg
Changsha_Part1_pt_1132_back.jpg,Changsha_Part1_pt_2719_front.jpg
Changsha_Part2_pt_16405_front.jpg,Changsha_Part5_pt_41724_left.jpg
Changsha_Part6_pt_57362_right.jpg,Nanchang_Part3_pt_31228_right.jpg
Nanchang_Part1_pt_1625_left.jpg,Wuhan_Part1_pt_7963_left.jpg
Changsha_Part3_pt_27425_back.jpg,Nanchang_Part1_pt_6488_left.jpg
Changsha_Part4_pt_35861_left.jpg,Wuhan_Part2_pt_21621_front.jpg
Changsha_Part3_pt_21634_right.jpg,Wuhan_Part1_pt_10147_left.jpg
Nanchang_Part1_pt_944_back.jpg,Nanchang_Part2_pt_18344_back.jpg
Changsha_Part3_pt_28099_left.jpg,Nanchang_Part2_pt_12103_back.jpg
Changsha_Part4_pt_34902_right.jpg,Nanchang_Part1_pt_232_right.jpg
Changsha_Part5_pt_41199_right.jpg,Wuhan_Part2_pt_26001_left.jpg
Changsha_Part6_pt_52510_left.jpg,Wuhan_Part3_pt_41495_right.jpg
Changsha_Part3_pt_29509_left.jpg,Changsha_Part6_pt_52510_left.jpg
Changsha_Part1_pt_996_back.jpg,Nanchang_Part3_pt_23059_front.jpg
Nanchang_Part1_pt_3170_front.jpg,Nanchang_Part3_pt_30271_left.jpg
Nanchang_Part2_pt_11628_front.jpg,Wuhan_Part3_pt_41182_back.jpg
Changsha_Part2_pt_10259_back.jpg,Wuhan_Part3_pt_37619_left.jpg
Wuhan_Part1_pt_7856_right.jpg,Wuhan_Part2_pt_28088_back.jpg
Wuhan_Part2_pt_21621_front.jpg,Wuhan_Part3_pt_35277_back.jpg
Changsha_Part6_pt_55472_left.jpg,Wuhan_Part3_pt_37339_right.jpg
Changsha_Part1_pt_1376_left.jpg,Nanchang_Part1_pt_5486_right.jpg
Changsha_Part2_pt_14251_right.jpg,Wuhan_Part2_pt_17975_right.jpg
Nanchang_Part3_pt_25526_front.jpg,Nanchang_Part3_pt_29404_right.jpg
Nanchang_Part1_pt_4729_left.jpg,Wuhan_Part3_pt_35275_back.jpg
Changsha_Part1_pt_1669_front.jpg,Changsha_Part6_pt_52484_front.jpg
Changsha_Part6_pt_56542_left.jpg,Nanchang_Part2_pt_13933_right.jpg
Nanchang_Part1_pt_3475_right.jpg,Wuhan_Part2_pt_26156_back.jpg
Changsha_Part4_pt_33177_left.jpg,Wuhan_Part2_pt_21749_left.jpg
Changsha_Part2_pt_16040_front.jpg,Nanchang_Part1_pt_1317_front.jpg
Changsha_Part2_pt_15281_back.jpg,Nanchang_Part2_pt_12577_left.jpg
Wuhan_Part1_pt_4667_right.jpg,Wuhan_Part2_pt_19680_left.jpg
Changsha_Part3_pt_23794_back.jpg,Nanchang_Part2_pt_14839_right.jpg
Nanchang_Part3_pt_30356_back.jpg,Wuhan_Part2_pt_17221_left.jpg
Changsha_Part5_pt_46264_front.jpg,Wuhan_Part1_pt_6893_left.jpg
Nanchang_Part1_pt_3200_right.jpg,Nanchang_Part2_pt_18020_back.jpg
Nanchang_Part1_pt_7084_front.jpg,Nanchang_Part2_pt_18879_back.jpg
Nanchang_Part3_pt_24406_left.jpg,Wuhan_Part1_pt_4704_back.jpg
Nanchang_Part2_pt_15015_right.jpg,Wuhan_Part1_pt_2525_front.jpg
Changsha_Part1_pt_2719_front.jpg,Wuhan_Part1_pt_6287_front.jpg
Wuhan_Part1_pt_3527_right.jpg,Wuhan_Part3_pt_32877_back.jpg
Wuhan_Part1_pt_1062_left.jpg,Wuhan_Part1_pt_8424_back.jpg
Changsha_Part2_pt_12606_right.jpg,Wuhan_Part2_pt_20086_right.jpg
Changsha_Part2_pt_12959_front.jpg,Changsha_Part6_pt_54362_back.jpg
Nanchang_Part1_pt_232_right.jpg,Wuhan_Part3_pt_37339_right.jpg
Changsha_Part2_pt_11460_front.jpg,Changsha_Part3_pt_29509_left.jpg
Nanchang_Part1_pt_9718_back.jpg,Nanchang_Part2_pt_16158_back.jpg
Nanchang_Part1_pt_6657_right.jpg,Wuhan_Part1_pt_6778_back.jpg
Wuhan_Part1_pt_9922_left.jpg,Wuhan_Part2_pt_28088_back.jpg
Changsha_Part2_pt_11345_left.jpg,Wuhan_Part1_pt_6835_right.jpg
Changsha_Part5_pt_43473_front.jpg,Wuhan_Part3_pt_41182_back.jpg
Nanchang_Part2_pt_17581_right.jpg,Wuhan_Part1_pt_4510_front.jpg
Wuhan_Part2_pt_26385_left.jpg,Wuhan_Part3_pt_41235_back.jpg
Changsha_Part1_pt_3692_back.jpg,Nanchang_Part3_pt_28546_back.jpg
Nanchang_Part1_pt_5085_front.jpg,Nanchang_Part3_pt_26654_back.jpg
Nanchang_Part1_pt_6918_back.jpg,Wuhan_Part1_pt_2054_right.jpg
Changsha_Part2_pt_12959_front.jpg,Nanchang_Part2_pt_15812_left.jpg
Nanchang_Part3_pt_30396_back.jpg,Wuhan_Part1_pt_7728_back.jpg
Changsha_Part2_pt_15861_left.jpg,Nanchang_Part3_pt_22797_back.jpg
Nanchang_Part2_pt_20275_back.jpg,Wuhan_Part1_pt_194_left.jpg
Nanchang_Part1_pt_6008_front.jpg,Nanchang_Part2_pt_16094_left.jpg
Nanchang_Part2_pt_19349_back.jpg,Wuhan_Part1_pt_819_front.jpg
Nanchang_Part2_pt_19865_right.jpg,Wuhan_Part2_pt_21324_back.jpg
Changsha_Part1_pt_4172_right.jpg,Changsha_Part5_pt_43473_front.jpg
Wuhan_Part1_pt_5035_right.jpg,Wuhan_Part3_pt_37558_back.jpg
Changsha_Part5_pt_42757_right.jpg,Nanchang_Part3_pt_28546_back.jpg
Changsha_Part4_pt_30968_back.jpg,Nanchang_Part2_pt_19667_right.jpg
Changsha_Part6_pt_54672_back.jpg,Nanchang_Part1_pt_3552_left.jpg
Nanchang_Part1_pt_3985_right.jpg,Wuhan_Part1_pt_2740_right.jpg
Changsha_Part6_pt_50277_right.jpg,Nanchang_Part2_pt_20259_back.jpg
Nanchang_Part1_pt_7027_back.jpg,Nanchang_Part1_pt_9718_back.jpg
Changsha_Part2_pt_14874_left.jpg,Nanchang_Part3_pt_32364_left.jpg
Nanchang_Part1_pt_9330_right.jpg,Wuhan_Part1_pt_3843_back.jpg
Changsha_Part6_pt_50277_right.jpg,Wuhan_Part2_pt_17646_front.jpg
Nanchang_Part3_pt_24406_left.jpg,Wuhan_Part3_pt_40368_front.jpg
Nanchang_Part3_pt_24809_front.jpg,Nanchang_Part3_pt_29116_left.jpg
Nanchang_Part1_pt_7051_back.jpg,Wuhan_Part3_pt_41412_left.jpg
Nanchang_Part1_pt_5261_right.jpg,Wuhan_Part1_pt_1437_back.jpg
Changsha_Part1_pt_6050_right.jpg,Changsha_Part4_pt_36530_back.jpg
Wuhan_Part2_pt_19807_back.jpg,Wuhan_Part2_pt_27640_front.jpg
Nanchang_Part3_pt_30062_back.jpg,Wuhan_Part2_pt_18460_left.jpg
Changsha_Part5_pt_41513_back.jpg,Wuhan_Part1_pt_488_left.jpg
Wuhan_Part1_pt_4344_back.jpg,Wuhan_Part3_pt_36567_right.jpg
Nanchang_Part1_pt_5746_back.jpg,Wuhan_Part1_pt_7153_right.jpg
Changsha_Part2_pt_15853_right.jpg,Wuhan_Part3_pt_35558_front.jpg
Wuhan_Part2_pt_17329_front.jpg,Wuhan_Part2_pt_18488_front.jpg
Changsha_Part5_pt_46119_back.jpg,Wuhan_Part1_pt_194_left.jpg
Changsha_Part1_pt_4234_back.jpg,Changsha_Part2_pt_15998_back.jpg
Changsha_Part4_pt_31855_back.jpg,Changsha_Part5_pt_46050_right.jpg
Changsha_Part1_pt_1232_right.jpg,Nanchang_Part1_pt_3475_right.jpg
Wuhan_Part1_pt_1902_right.jpg,Wuhan_Part2_pt_18488_front.jpg
Changsha_Part2_pt_14761_back.jpg,Changsha_Part5_pt_46050_right.jpg
Changsha_Part3_pt_23133_front.jpg,Changsha_Part3_pt_28034_front.jpg
Wuhan_Part1_pt_819_front.jpg,Wuhan_Part2_pt_26156_back.jpg
Nanchang_Part2_pt_21221_front.jpg,Wuhan_Part1_pt_131_right.jpg
Nanchang_Part3_pt_30388_left.jpg,Wuhan_Part1_pt_3269_right.jpg
Nanchang_Part3_pt_31025_left.jpg,Wuhan_Part3_pt_35071_back.jpg
Changsha_Part1_pt_4234_back.jpg,Nanchang_Part1_pt_6529_right.jpg
Wuhan_Part1_pt_3786_right.jpg,Wuhan_Part1_pt_9321_front.jpg
Wuhan_Part2_pt_23928_back.jpg,Wuhan_Part2_pt_27640_front.jpg
Nanchang_Part2_pt_12539_front.jpg,Wuhan_Part1_pt_5761_right.jpg
Nanchang_Part1_pt_8386_back.jpg,Nanchang_Part2_pt_16022_back.jpg
Nanchang_Part2_pt_20275_back.jpg,Nanchang_Part3_pt_23018_left.jpg
Nanchang_Part1_pt_8514_back.jpg,Nanchang_Part3_pt_30674_left.jpg
Changsha_Part6_pt_56604_left.jpg,Nanchang_Part3_pt_28929_right.jpg
Changsha_Part5_pt_46172_left.jpg,Nanchang_Part1_pt_7056_left.jpg
Wuhan_Part3_pt_33893_front.jpg,Wuhan_Part3_pt_34875_right.jpg
Changsha_Part3_pt_28034_front.jpg,Nanchang_Part1_pt_8391_right.jpg
Changsha_Part6_pt_55018_front.jpg,Wuhan_Part3_pt_37558_back.jpg
Changsha_Part6_pt_50548_right.jpg,Wuhan_Part2_pt_23091_left.jpg
Wuhan_Part2_pt_17125_front.jpg,Wuhan_Part3_pt_31541_front.jpg
Wuhan_Part1_pt_7827_left.jpg,Wuhan_Part2_pt_26608_front.jpg
Nanchang_Part1_pt_819_front.jpg,Wuhan_Part1_pt_6067_back.jpg
Changsha_Part2_pt_13552_front.jpg,Changsha_Part3_pt_25820_back.jpg
Changsha_Part1_pt_5355_back.jpg,Nanchang_Part1_pt_3386_left.jpg
Changsha_Part3_pt_28604_right.jpg,Wuhan_Part1_pt_5213_front.jpg
Changsha_Part5_pt_40221_right.jpg,Nanchang_Part2_pt_19667_right.jpg
Wuhan_Part1_pt_345_front.jpg,Wuhan_Part1_pt_9396_left.jpg
Nanchang_Part1_pt_819_front.jpg,Nanchang_Part2_pt_12094_right.jpg
Nanchang_Part1_pt_6657_right.jpg,Nanchang_Part2_pt_15023_left.jpg
Changsha_Part6_pt_58333_right.jpg,Nanchang_Part1_pt_1965_back.jpg
Changsha_Part1_pt_425_front.jpg,Wuhan_Part2_pt_19609_right.jpg
Changsha_Part3_pt_28636_left.jpg,Wuhan_Part1_pt_2672_right.jpg
Nanchang_Part1_pt_635_left.jpg,Nanchang_Part2_pt_17540_front.jpg
Wuhan_Part1_pt_8915_front.jpg,Wuhan_Part2_pt_19680_left.jpg
Changsha_Part4_pt_31169_back.jpg,Nanchang_Part2_pt_17121_front.jpg
Nanchang_Part2_pt_18719_back.jpg,Wuhan_Part3_pt_32106_left.jpg
Nanchang_Part2_pt_13876_left.jpg,Nanchang_Part3_pt_22886_front.jpg
Changsha_Part1_pt_2308_front.jpg,Changsha_Part5_pt_43438_front.jpg
Changsha_Part4_pt_30621_back.jpg,Changsha_Part4_pt_33808_back.jpg
Changsha_Part4_pt_37845_back.jpg,Wuhan_Part3_pt_39821_left.jpg
Nanchang_Part1_pt_5077_left.jpg,Nanchang_Part1_pt_6829_right.jpg
Changsha_Part3_pt_21618_front.jpg,Wuhan_Part1_pt_7728_back.jpg
Changsha_Part4_pt_33026_right.jpg,Wuhan_Part3_pt_31296_left.jpg
Changsha_Part5_pt_41017_left.jpg,Wuhan_Part1_pt_1144_right.jpg
Changsha_Part6_pt_56604_left.jpg,Wuhan_Part3_pt_34596_right.jpg
Changsha_Part1_pt_5737_left.jpg,Changsha_Part6_pt_50277_right.jpg
Changsha_Part3_pt_27625_back.jpg,Nanchang_Part1_pt_7027_back.jpg
Nanchang_Part1_pt_3985_right.jpg,Nanchang_Part1_pt_9861_left.jpg
Changsha_Part2_pt_12816_right.jpg,Changsha_Part2_pt_16277_right.jpg
Changsha_Part6_pt_56861_right.jpg,Wuhan_Part2_pt_21352_right.jpg
Changsha_Part4_pt_36807_right.jpg,Wuhan_Part1_pt_819_front.jpg
Nanchang_Part1_pt_3229_left.jpg,Nanchang_Part1_pt_8049_front.jpg
Wuhan_Part2_pt_18553_front.jpg,Wuhan_Part3_pt_37619_left.jpg
Changsha_Part2_pt_17662_front.jpg,Nanchang_Part1_pt_256_front.jpg
Nanchang_Part2_pt_13660_front.jpg,Wuhan_Part2_pt_22110_left.jpg
Nanchang_Part3_pt_28084_front.jpg,Nanchang_Part3_pt_28863_back.jpg
Wuhan_Part3_pt_31541_front.jpg,Wuhan_Part3_pt_40368_front.jpg
Changsha_Part6_pt_58557_front.jpg,Wuhan_Part1_pt_4517_right.jpg
Nanchang_Part2_pt_17121_front.jpg,Nanchang_Part3_pt_31209_left.jpg
Changsha_Part4_pt_35244_back.jpg,Nanchang_Part3_pt_24809_front.jpg
Changsha_Part4_pt_35179_front.jpg,Changsha_Part6_pt_58248_front.jpg
Nanchang_Part1_pt_256_front.jpg,Nanchang_Part2_pt_16284_front.jpg
Nanchang_Part2_pt_11726_front.jpg,Wuhan_Part1_pt_304_back.jpg
Nanchang_Part3_pt_26654_back.jpg,Wuhan_Part2_pt_21352_right.jpg
Changsha_Part2_pt_16148_front.jpg,Wuhan_Part1_pt_3269_right.jpg
Wuhan_Part1_pt_6464_front.jpg,Wuhan_Part1_pt_67_right.jpg
Nanchang_Part2_pt_11726_back.jpg,Nanchang_Part3_pt_24187_right.jpg
Changsha_Part1_pt_4087_right.jpg,Changsha_Part1_pt_6399_back.jpg
Changsha_Part2_pt_11794_back.jpg,Changsha_Part2_pt_17959_left.jpg
Nanchang_Part2_pt_12695_right.jpg,Wuhan_Part2_pt_20088_front.jpg
Changsha_Part2_pt_11524_front.jpg,Wuhan_Part1_pt_7728_back.jpg
Wuhan_Part2_pt_21621_front.jpg,Wuhan_Part3_pt_34958_front.jpg
Wuhan_Part1_pt_735_right.jpg,Wuhan_Part3_pt_35530_front.jpg
Changsha_Part3_pt_25710_left.jpg,Wuhan_Part3_pt_38433_back.jpg
Wuhan_Part1_pt_1437_back.jpg,Wuhan_Part3_pt_33399_back.jpg
Nanchang_Part3_pt_24406_left.jpg,Wuhan_Part3_pt_35558_front.jpg
Wuhan_Part2_pt_17374_back.jpg,Wuhan_Part3_pt_32315_left.jpg
Wuhan_Part2_pt_21621_front.jpg,Wuhan_Part3_pt_42512_back.jpg
Changsha_Part3_pt_29647_left.jpg,Changsha_Part6_pt_58333_right.jpg
Nanchang_Part1_pt_4690_left.jpg,Nanchang_Part1_pt_5353_left.jpg
Wuhan_Part2_pt_21621_front.jpg,Wuhan_Part3_pt_36781_right.jpg
Changsha_Part6_pt_58333_right.jpg,Wuhan_Part3_pt_34498_right.jpg
Changsha_Part1_pt_3751_left.jpg,Nanchang_Part3_pt_30742_back.jpg
Nanchang_Part1_pt_1056_front.jpg,Wuhan_Part1_pt_6835_right.jpg
Changsha_Part3_pt_24110_front.jpg,Nanchang_Part2_pt_20028_right.jpg
Wuhan_Part2_pt_26001_left.jpg,Wuhan_Part3_pt_32112_back.jpg
Nanchang_Part1_pt_5661_front.jpg,Wuhan_Part1_pt_3527_right.jpg
Changsha_Part1_pt_2308_front.jpg,Wuhan_Part1_pt_6067_back.jpg
Changsha_Part2_pt_16148_front.jpg,Wuhan_Part1_pt_3588_back.jpg
Changsha_Part2_pt_15724_left.jpg,Changsha_Part4_pt_30621_back.jpg
Wuhan_Part1_pt_4486_back.jpg,Wuhan_Part3_pt_39565_front.jpg
Nanchang_Part3_pt_22606_front.jpg,Wuhan_Part3_pt_34596_right.jpg
Changsha_Part4_pt_33808_back.jpg,Nanchang_Part3_pt_22584_left.jpg
Changsha_Part2_pt_18295_left.jpg,Changsha_Part3_pt_25880_right.jpg
Changsha_Part2_pt_17662_front.jpg,Changsha_Part3_pt_26037_left.jpg
Changsha_Part5_pt_40748_left.jpg,Wuhan_Part2_pt_27640_front.jpg
Changsha_Part3_pt_28755_left.jpg,Nanchang_Part2_pt_13042_front.jpg
Changsha_Part5_pt_41657_right.jpg,Wuhan_Part1_pt_611_right.jpg
Nanchang_Part2_pt_12539_front.jpg,Wuhan_Part3_pt_31969_front.jpg
Changsha_Part2_pt_17590_back.jpg,Wuhan_Part1_pt_11303_right.jpg
Nanchang_Part3_pt_27797_left.jpg,Wuhan_Part3_pt_38109_left.jpg
Nanchang_Part1_pt_4061_right.jpg,Nanchang_Part3_pt_25159_right.jpg
Nanchang_Part1_pt_5085_front.jpg,Wuhan_Part2_pt_21945_left.jpg
Nanchang_Part1_pt_9891_back.jpg,Wuhan_Part1_pt_3939_left.jpg
Nanchang_Part1_pt_3200_right.jpg,Wuhan_Part3_pt_32640_front.jpg
Nanchang_Part1_pt_7681_right.jpg,Wuhan_Part3_pt_36584_back.jpg
Changsha_Part1_pt_5528_front.jpg,Wuhan_Part1_pt_2525_front.jpg
Wuhan_Part1_pt_4_front.jpg,Wuhan_Part1_pt_6464_front.jpg
Changsha_Part5_pt_44090_right.jpg,Wuhan_Part3_pt_42188_front.jpg
Nanchang_Part2_pt_13845_right.jpg,Wuhan_Part2_pt_21679_front.jpg
Wuhan_Part1_pt_1053_right.jpg,Wuhan_Part2_pt_26001_left.jpg
Changsha_Part1_pt_4988_front.jpg,Changsha_Part2_pt_12959_front.jpg
Nanchang_Part3_pt_30356_back.jpg,Wuhan_Part3_pt_34596_right.jpg
Changsha_Part5_pt_46278_left.jpg,Changsha_Part6_pt_58557_front.jpg
Changsha_Part3_pt_20158_left.jpg,Wuhan_Part1_pt_7227_left.jpg
Nanchang_Part1_pt_6648_right.jpg,Nanchang_Part2_pt_11378_left.jpg
Changsha_Part1_pt_4172_right.jpg,Nanchang_Part1_pt_8514_back.jpg
Changsha_Part6_pt_57628_back.jpg,Nanchang_Part1_pt_4566_back.jpg
Changsha_Part2_pt_11251_left.jpg,Wuhan_Part2_pt_17880_right.jpg
Nanchang_Part1_pt_3985_right.jpg,Wuhan_Part2_pt_19560_back.jpg
Changsha_Part3_pt_24106_left.jpg,Changsha_Part5_pt_41255_front.jpg
Changsha_Part4_pt_35468_right.jpg,Nanchang_Part1_pt_8871_right.jpg
Changsha_Part4_pt_31193_back.jpg,Changsha_Part6_pt_55472_left.jpg
Changsha_Part6_pt_57138_back.jpg,Wuhan_Part3_pt_35071_back.jpg
Changsha_Part1_pt_5355_back.jpg,Nanchang_Part1_pt_5661_front.jpg
Wuhan_Part1_pt_7933_front.jpg,Wuhan_Part2_pt_23241_left.jpg
Nanchang_Part1_pt_279_front.jpg,Wuhan_Part3_pt_35865_front.jpg
Changsha_Part6_pt_50522_front.jpg,Wuhan_Part1_pt_3803_back.jpg
Changsha_Part6_pt_57250_front.jpg,Wuhan_Part2_pt_25165_front.jpg
Changsha_Part5_pt_46396_left.jpg,Wuhan_Part1_pt_1904_left.jpg
Changsha_Part3_pt_29647_left.jpg,Wuhan_Part2_pt_26156_back.jpg
Changsha_Part3_pt_26523_front.jpg,Nanchang_Part3_pt_22584_left.jpg
Changsha_Part4_pt_35244_back.jpg,Wuhan_Part3_pt_34066_front.jpg
Nanchang_Part1_pt_5386_front.jpg,Wuhan_Part2_pt_26737_left.jpg
Changsha_Part1_pt_996_back.jpg,Changsha_Part2_pt_16277_right.jpg
Changsha_Part2_pt_15853_right.jpg,Nanchang_Part1_pt_5004_back.jpg
Changsha_Part5_pt_46885_left.jpg,Nanchang_Part2_pt_15812_left.jpg
Nanchang_Part3_pt_30356_back.jpg,Nanchang_Part3_pt_32938_left.jpg
Changsha_Part4_pt_32401_back.jpg,Wuhan_Part3_pt_34066_front.jpg
Changsha_Part3_pt_20028_left.jpg,Wuhan_Part1_pt_10505_left.jpg
Changsha_Part6_pt_55309_front.jpg,Nanchang_Part1_pt_5769_left.jpg
Wuhan_Part2_pt_26001_left.jpg,Wuhan_Part2_pt_26153_back.jpg
Wuhan_Part1_pt_2976_right.jpg,Wuhan_Part2_pt_16547_left.jpg
Changsha_Part5_pt_44124_right.jpg,Wuhan_Part3_pt_31389_right.jpg
Nanchang_Part3_pt_27075_left.jpg,Nanchang_Part3_pt_31209_left.jpg
Changsha_Part1_pt_4807_left.jpg,Wuhan_Part2_pt_17295_back.jpg
Nanchang_Part3_pt_28999_right.jpg,Nanchang_Part3_pt_31367_back.jpg
Changsha_Part6_pt_51193_back.jpg,Wuhan_Part2_pt_27640_front.jpg
Changsha_Part1_pt_3692_back.jpg,Changsha_Part2_pt_17493_back.jpg
Changsha_Part4_pt_35342_back.jpg,Nanchang_Part2_pt_19440_front.jpg
Nanchang_Part1_pt_8871_right.jpg,Wuhan_Part1_pt_3116_front.jpg
Changsha_Part6_pt_54672_back.jpg,Wuhan_Part3_pt_35530_front.jpg
Nanchang_Part2_pt_15739_front.jpg,Nanchang_Part3_pt_31209_left.jpg
Nanchang_Part2_pt_15633_front.jpg,Nanchang_Part3_pt_29116_left.jpg
Nanchang_Part2_pt_12695_right.jpg,Wuhan_Part3_pt_34066_front.jpg
Changsha_Part2_pt_10431_right.jpg,Wuhan_Part2_pt_16215_back.jpg
Changsha_Part1_pt_4807_left.jpg,Wuhan_Part2_pt_19777_front.jpg
Changsha_Part4_pt_33808_back.jpg,Wuhan_Part2_pt_18189_back.jpg
Nanchang_Part2_pt_19349_back.jpg,Nanchang_Part3_pt_24189_front.jpg
Wuhan_Part1_pt_611_right.jpg,Wuhan_Part1_pt_6893_left.jpg
Changsha_Part6_pt_56861_right.jpg,Nanchang_Part3_pt_30742_back.jpg
Nanchang_Part1_pt_5077_left.jpg,Wuhan_Part1_pt_9442_back.jpg
Nanchang_Part1_pt_9599_back.jpg,Nanchang_Part2_pt_17487_right.jpg
Nanchang_Part1_pt_6314_left.jpg,Wuhan_Part3_pt_32763_front.jpg
Nanchang_Part3_pt_27650_front.jpg,Wuhan_Part3_pt_36915_front.jpg
Changsha_Part6_pt_58248_front.jpg,Wuhan_Part3_pt_38109_left.jpg
Changsha_Part2_pt_12959_front.jpg,Changsha_Part6_pt_53887_back.jpg
Changsha_Part2_pt_16293_front.jpg,Wuhan_Part3_pt_41495_right.jpg
Nanchang_Part1_pt_4061_right.jpg,Wuhan_Part1_pt_637_front.jpg
Nanchang_Part1_pt_279_front.jpg,Wuhan_Part1_pt_1144_right.jpg
Nanchang_Part3_pt_30485_front.jpg,Wuhan_Part2_pt_19807_back.jpg
Changsha_Part2_pt_14442_right.jpg,Nanchang_Part2_pt_19865_right.jpg
Changsha_Part4_pt_33542_right.jpg,Changsha_Part6_pt_54362_back.jpg
Nanchang_Part1_pt_4393_right.jpg,Nanchang_Part2_pt_17121_front.jpg
Changsha_Part4_pt_33286_left.jpg,Changsha_Part5_pt_46885_left.jpg
Changsha_Part3_pt_27625_back.jpg,Nanchang_Part2_pt_13660_front.jpg
Changsha_Part6_pt_58557_front.jpg,Nanchang_Part3_pt_27202_right.jpg
Changsha_Part3_pt_21634_right.jpg,Nanchang_Part1_pt_1808_back.jpg
Changsha_Part3_pt_22004_right.jpg,Changsha_Part5_pt_45650_left.jpg
Changsha_Part1_pt_5400_front.jpg,Wuhan_Part3_pt_34216_front.jpg
Changsha_Part2_pt_14761_back.jpg,Nanchang_Part1_pt_7084_front.jpg
Wuhan_Part1_pt_4510_front.jpg,Wuhan_Part1_pt_7227_left.jpg
Nanchang_Part1_pt_9144_front.jpg,Wuhan_Part3_pt_39319_left.jpg
Nanchang_Part1_pt_9599_back.jpg,Wuhan_Part3_pt_37599_left.jpg
Changsha_Part5_pt_40221_right.jpg,Changsha_Part6_pt_50346_back.jpg
Changsha_Part4_pt_36040_right.jpg,Nanchang_Part3_pt_28929_right.jpg
Changsha_Part4_pt_32436_left.jpg,Changsha_Part4_pt_33286_left.jpg
Nanchang_Part2_pt_19562_front.jpg,Wuhan_Part1_pt_1904_left.jpg
Changsha_Part4_pt_35840_right.jpg,Nanchang_Part2_pt_20275_back.jpg
Nanchang_Part2_pt_15107_right.jpg,Wuhan_Part2_pt_23692_front.jpg
Nanchang_Part3_pt_31025_left.jpg,Wuhan_Part1_pt_2445_back.jpg
Wuhan_Part2_pt_18958_back.jpg,Wuhan_Part3_pt_42177_front.jpg
Nanchang_Part3_pt_32368_right.jpg,Wuhan_Part1_pt_9442_back.jpg
Nanchang_Part2_pt_17121_front.jpg,Wuhan_Part2_pt_21945_left.jpg
Nanchang_Part1_pt_4690_left.jpg,Wuhan_Part1_pt_9396_left.jpg
Changsha_Part5_pt_44292_right.jpg,Nanchang_Part2_pt_18760_front.jpg
Changsha_Part5_pt_40748_left.jpg,Nanchang_Part1_pt_6044_right.jpg
Changsha_Part5_pt_44124_right.jpg,Wuhan_Part2_pt_20086_right.jpg
Changsha_Part5_pt_47450_back.jpg,Nanchang_Part2_pt_19349_back.jpg
Changsha_Part6_pt_53305_front.jpg,Nanchang_Part2_pt_16284_front.jpg
Changsha_Part3_pt_20397_front.jpg,Nanchang_Part2_pt_15035_right.jpg
Changsha_Part3_pt_21728_front.jpg,Changsha_Part5_pt_47450_back.jpg
Nanchang_Part1_pt_599_back.jpg,Wuhan_Part2_pt_26906_back.jpg
Nanchang_Part1_pt_7647_left.jpg,Nanchang_Part3_pt_30062_back.jpg
Changsha_Part3_pt_23813_front.jpg,Changsha_Part6_pt_57628_back.jpg
Changsha_Part5_pt_46743_right.jpg,Wuhan_Part1_pt_4831_front.jpg
Changsha_Part2_pt_15291_front.jpg,Nanchang_Part3_pt_28084_front.jpg
Nanchang_Part1_pt_5004_back.jpg,Wuhan_Part3_pt_39555_front.jpg
Changsha_Part2_pt_15631_front.jpg,Wuhan_Part3_pt_34980_back.jpg
Changsha_Part3_pt_24110_front.jpg,Changsha_Part5_pt_40387_left.jpg
Wuhan_Part2_pt_19264_left.jpg,Wuhan_Part3_pt_35558_front.jpg
Changsha_Part4_pt_34587_back.jpg,Nanchang_Part1_pt_7027_back.jpg
Changsha_Part2_pt_12086_back.jpg,Changsha_Part2_pt_17590_back.jpg
Nanchang_Part2_pt_13660_front.jpg,Nanchang_Part2_pt_18879_back.jpg
Changsha_Part6_pt_55138_back.jpg,Nanchang_Part1_pt_2847_front.jpg
Changsha_Part2_pt_18188_back.jpg,Wuhan_Part1_pt_9527_left.jpg
Nanchang_Part1_pt_5528_left.jpg,Wuhan_Part1_pt_8424_back.jpg
Nanchang_Part1_pt_6008_front.jpg,Wuhan_Part1_pt_7856_right.jpg
Nanchang_Part1_pt_9144_front.jpg,Wuhan_Part1_pt_3111_front.jpg
Changsha_Part2_pt_14442_right.jpg,Wuhan_Part1_pt_2976_right.jpg
Changsha_Part4_pt_31904_front.jpg,Changsha_Part5_pt_46307_front.jpg
Changsha_Part6_pt_55018_front.jpg,Wuhan_Part1_pt_3269_right.jpg
Nanchang_Part3_pt_27650_front.jpg,Wuhan_Part3_pt_32779_right.jpg
Wuhan_Part2_pt_20482_right.jpg,Wuhan_Part3_pt_38109_left.jpg
Nanchang_Part3_pt_24187_right.jpg,Wuhan_Part3_pt_41412_left.jpg
Nanchang_Part3_pt_30674_left.jpg,Wuhan_Part3_pt_33157_front.jpg
Changsha_Part5_pt_46278_left.jpg,Wuhan_Part1_pt_2293_right.jpg
Nanchang_Part1_pt_944_back.jpg,Wuhan_Part1_pt_67_right.jpg
Nanchang_Part1_pt_7056_left.jpg,Wuhan_Part2_pt_18460_left.jpg
Nanchang_Part1_pt_1285_back.jpg,Nanchang_Part2_pt_19440_front.jpg
Nanchang_Part1_pt_5661_front.jpg,Wuhan_Part1_pt_3111_front.jpg
Changsha_Part2_pt_14874_left.jpg,Wuhan_Part3_pt_34158_right.jpg
Changsha_Part3_pt_28715_left.jpg,Changsha_Part5_pt_41863_front.jpg
Changsha_Part6_pt_56075_left.jpg,Wuhan_Part3_pt_39523_left.jpg
Changsha_Part3_pt_24106_left.jpg,Nanchang_Part1_pt_6488_left.jpg
Changsha_Part1_pt_2989_right.jpg,Wuhan_Part3_pt_41887_right.jpg
Wuhan_Part1_pt_1053_right.jpg,Wuhan_Part3_pt_34783_left.jpg
Changsha_Part2_pt_15644_front.jpg,Changsha_Part4_pt_34265_back.jpg
Changsha_Part1_pt_4234_back.jpg,Wuhan_Part1_pt_488_left.jpg
Nanchang_Part2_pt_12278_front.jpg,Wuhan_Part2_pt_24640_front.jpg
Nanchang_Part1_pt_3802_right.jpg,Wuhan_Part2_pt_23692_front.jpg
Nanchang_Part3_pt_31367_back.jpg,Wuhan_Part3_pt_36915_front.jpg
Nanchang_Part1_pt_8924_right.jpg,Nanchang_Part3_pt_27082_back.jpg
Changsha_Part3_pt_21873_left.jpg,Wuhan_Part2_pt_16408_front.jpg
Changsha_Part2_pt_15644_front.jpg,Wuhan_Part1_pt_3111_front.jpg
Nanchang_Part3_pt_30062_back.jpg,Wuhan_Part2_pt_17329_front.jpg
Changsha_Part2_pt_12584_right.jpg,Wuhan_Part2_pt_17061_front.jpg
Nanchang_Part1_pt_7681_right.jpg,Wuhan_Part3_pt_42188_front.jpg
Changsha_Part6_pt_50277_right.jpg,Nanchang_Part3_pt_30260_right.jpg
Changsha_Part3_pt_20158_left.jpg,Wuhan_Part2_pt_17646_front.jpg
Wuhan_Part2_pt_16284_back.jpg,Wuhan_Part3_pt_40120_back.jpg
Changsha_Part4_pt_35551_front.jpg,Nanchang_Part3_pt_32622_left.jpg
Nanchang_Part3_pt_24948_left.jpg,Wuhan_Part2_pt_18553_front.jpg
Wuhan_Part2_pt_15630_left.jpg,Wuhan_Part2_pt_24317_back.jpg
Wuhan_Part1_pt_5382_right.jpg,Wuhan_Part1_pt_9321_front.jpg
Changsha_Part3_pt_23134_left.jpg,Changsha_Part5_pt_41724_left.jpg
Changsha_Part1_pt_6050_right.jpg,Wuhan_Part1_pt_1128_front.jpg
Changsha_Part1_pt_1295_back.jpg,Wuhan_Part2_pt_28088_back.jpg
Changsha_Part4_pt_33026_right.jpg,Changsha_Part6_pt_56542_left.jpg
Wuhan_Part2_pt_19807_back.jpg,Wuhan_Part3_pt_32779_right.jpg
Wuhan_Part1_pt_2445_back.jpg,Wuhan_Part2_pt_21516_back.jpg
Changsha_Part6_pt_54018_back.jpg,Wuhan_Part2_pt_19264_left.jpg
Changsha_Part2_pt_11244_left.jpg,Changsha_Part4_pt_30825_back.jpg
Changsha_Part1_pt_1230_back.jpg,Nanchang_Part1_pt_2614_front.jpg
Changsha_Part6_pt_55982_left.jpg,Nanchang_Part1_pt_7647_left.jpg
Wuhan_Part1_pt_3786_right.jpg,Wuhan_Part3_pt_37558_back.jpg
Nanchang_Part2_pt_14057_front.jpg,Nanchang_Part3_pt_30858_front.jpg
Changsha_Part5_pt_46307_front.jpg,Nanchang_Part2_pt_17227_front.jpg
Changsha_Part4_pt_34483_front.jpg,Nanchang_Part1_pt_5085_front.jpg
Changsha_Part4_pt_33026_right.jpg,Changsha_Part5_pt_42648_left.jpg
Changsha_Part5_pt_41863_front.jpg,Nanchang_Part2_pt_12496_front.jpg
Changsha_Part3_pt_25941_front.jpg,Nanchang_Part3_pt_31302_front.jpg
Changsha_Part5_pt_41790_right.jpg,Nanchang_Part2_pt_19886_left.jpg
Nanchang_Part1_pt_5607_right.jpg,Wuhan_Part2_pt_16215_back.jpg
Nanchang_Part3_pt_25434_front.jpg,Nanchang_Part3_pt_29404_right.jpg
Changsha_Part5_pt_41863_front.jpg,Wuhan_Part3_pt_41495_right.jpg
Changsha_Part6_pt_52484_front.jpg,Wuhan_Part1_pt_2613_right.jpg
Changsha_Part1_pt_2566_left.jpg,Wuhan_Part3_pt_33157_front.jpg
Changsha_Part1_pt_1232_right.jpg,Changsha_Part2_pt_17662_front.jpg
Changsha_Part1_pt_6407_right.jpg,Nanchang_Part2_pt_12011_left.jpg
Changsha_Part2_pt_17510_front.jpg,Wuhan_Part3_pt_36584_back.jpg
Nanchang_Part2_pt_13876_left.jpg,Wuhan_Part3_pt_32315_left.jpg
Nanchang_Part3_pt_30742_back.jpg,Wuhan_Part1_pt_3252_right.jpg
Changsha_Part3_pt_20021_front.jpg,Nanchang_Part3_pt_28150_front.jpg
Nanchang_Part3_pt_22661_left.jpg,Wuhan_Part2_pt_26404_left.jpg
Changsha_Part1_pt_4807_left.jpg,Nanchang_Part1_pt_4179_left.jpg
Changsha_Part5_pt_40625_left.jpg,Nanchang_Part1_pt_5607_right.jpg
Changsha_Part6_pt_55774_left.jpg,Wuhan_Part1_pt_3252_right.jpg
Changsha_Part6_pt_55309_front.jpg,Changsha_Part6_pt_55455_right.jpg
Nanchang_Part3_pt_29404_right.jpg,Wuhan_Part1_pt_3801_right.jpg
Nanchang_Part3_pt_30232_right.jpg,Wuhan_Part1_pt_6067_back.jpg
Nanchang_Part2_pt_20348_right.jpg,Wuhan_Part1_pt_2613_right.jpg
Changsha_Part4_pt_36706_left.jpg,Wuhan_Part3_pt_39565_front.jpg
Changsha_Part4_pt_36706_left.jpg,Nanchang_Part2_pt_15426_left.jpg
Changsha_Part1_pt_3070_back.jpg,Nanchang_Part1_pt_5435_front.jpg
Nanchang_Part1_pt_3985_right.jpg,Wuhan_Part1_pt_2445_back.jpg
Nanchang_Part1_pt_1827_left.jpg,Wuhan_Part1_pt_9321_front.jpg
Changsha_Part6_pt_56075_left.jpg,Nanchang_Part3_pt_23774_front.jpg
Wuhan_Part1_pt_5454_front.jpg,Wuhan_Part2_pt_26906_back.jpg
Nanchang_Part2_pt_19440_front.jpg,Nanchang_Part3_pt_22606_front.jpg
Nanchang_Part2_pt_12103_back.jpg,Nanchang_Part2_pt_18760_front.jpg
Nanchang_Part3_pt_32422_front.jpg,Wuhan_Part1_pt_3803_back.jpg
Changsha_Part2_pt_17510_front.jpg,Wuhan_Part2_pt_17295_back.jpg
Changsha_Part2_pt_11750_front.jpg,Nanchang_Part1_pt_352_back.jpg
Changsha_Part1_pt_4607_front.jpg,Nanchang_Part1_pt_819_front.jpg
Wuhan_Part3_pt_32554_left.jpg,Wuhan_Part3_pt_34296_left.jpg
Changsha_Part3_pt_21735_front.jpg,Wuhan_Part1_pt_131_right.jpg
Changsha_Part4_pt_32068_right.jpg,Nanchang_Part2_pt_15760_back.jpg
Changsha_Part5_pt_41513_back.jpg,Nanchang_Part3_pt_28863_back.jpg
Changsha_Part3_pt_23134_left.jpg,Changsha_Part5_pt_41786_right.jpg
Changsha_Part2_pt_17590_back.jpg,Changsha_Part4_pt_37192_front.jpg
Changsha_Part4_pt_34483_front.jpg,Wuhan_Part1_pt_6851_right.jpg
Nanchang_Part3_pt_25316_back.jpg,Wuhan_Part1_pt_10505_left.jpg
Nanchang_Part1_pt_8510_back.jpg,Nanchang_Part3_pt_28416_front.jpg
Changsha_Part4_pt_34902_right.jpg,Changsha_Part5_pt_46396_left.jpg
Nanchang_Part2_pt_15812_left.jpg,Nanchang_Part3_pt_27590_right.jpg
Changsha_Part5_pt_42019_front.jpg,Wuhan_Part2_pt_16547_left.jpg
Changsha_Part2_pt_11345_left.jpg,Nanchang_Part1_pt_6649_right.jpg
Changsha_Part4_pt_34483_front.jpg,Wuhan_Part2_pt_26608_front.jpg
Changsha_Part6_pt_53756_right.jpg,Changsha_Part6_pt_53887_back.jpg
Changsha_Part2_pt_12639_right.jpg,Changsha_Part5_pt_42238_left.jpg
Nanchang_Part1_pt_2847_front.jpg,Nanchang_Part3_pt_28546_back.jpg
Changsha_Part6_pt_50522_front.jpg,Changsha_Part6_pt_57072_right.jpg
Changsha_Part5_pt_42756_right.jpg,Wuhan_Part3_pt_37619_left.jpg
Changsha_Part1_pt_5355_back.jpg,Wuhan_Part3_pt_40368_front.jpg
Changsha_Part3_pt_28034_front.jpg,Nanchang_Part2_pt_18719_back.jpg
Wuhan_Part1_pt_3269_right.jpg,Wuhan_Part3_pt_32617_left.jpg
Nanchang_Part3_pt_25316_back.jpg,Wuhan_Part2_pt_16284_back.jpg
Changsha_Part1_pt_1295_back.jpg,Wuhan_Part1_pt_9442_back.jpg
Changsha_Part2_pt_15644_front.jpg,Nanchang_Part2_pt_15371_right.jpg
Changsha_Part6_pt_54672_back.jpg,Wuhan_Part3_pt_41577_left.jpg
Nanchang_Part2_pt_12674_back.jpg,Wuhan_Part2_pt_26001_left.jpg
Changsha_Part4_pt_30092_right.jpg,Wuhan_Part2_pt_24353_right.jpg
Wuhan_Part1_pt_3111_front.jpg,Wuhan_Part1_pt_5382_right.jpg
Changsha_Part5_pt_40387_left.jpg,Wuhan_Part3_pt_40702_back.jpg
Changsha_Part1_pt_1132_back.jpg,Changsha_Part3_pt_23133_front.jpg
Changsha_Part1_pt_1232_right.jpg,Changsha_Part3_pt_27199_left.jpg
Wuhan_Part1_pt_7386_back.jpg,Wuhan_Part3_pt_32640_front.jpg
Nanchang_Part1_pt_1625_left.jpg,Wuhan_Part2_pt_23241_left.jpg
Changsha_Part1_pt_5355_back.jpg,Wuhan_Part1_pt_1986_right.jpg
Nanchang_Part1_pt_4282_left.jpg,Nanchang_Part3_pt_30158_right.jpg
Nanchang_Part2_pt_20212_front.jpg,Wuhan_Part3_pt_32554_left.jpg
Changsha_Part2_pt_16405_front.jpg,Wuhan_Part1_pt_417_front.jpg
Changsha_Part4_pt_32068_right.jpg,Nanchang_Part3_pt_30858_front.jpg
Changsha_Part1_pt_1907_left.jpg,Nanchang_Part2_pt_19607_left.jpg
Nanchang_Part1_pt_309_back.jpg,Wuhan_Part1_pt_2525_front.jpg
Wuhan_Part2_pt_19560_back.jpg,Wuhan_Part2_pt_25372_right.jpg
Nanchang_Part2_pt_20227_front.jpg,Wuhan_Part1_pt_10463_left.jpg
Wuhan_Part1_pt_3588_back.jpg,Wuhan_Part3_pt_32664_back.jpg
Wuhan_Part2_pt_20292_back.jpg,Wuhan_Part3_pt_40759_front.jpg
Nanchang_Part1_pt_6488_left.jpg,Nanchang_Part3_pt_25526_front.jpg
Changsha_Part2_pt_12086_back.jpg,Wuhan_Part1_pt_3224_right.jpg
Nanchang_Part1_pt_5539_left.jpg,Wuhan_Part2_pt_27439_front.jpg
Wuhan_Part1_pt_8308_front.jpg,Wuhan_Part2_pt_23555_front.jpg
Changsha_Part4_pt_31374_back.jpg,Nanchang_Part2_pt_14274_left.jpg
Changsha_Part2_pt_17778_left.jpg,Nanchang_Part1_pt_5261_right.jpg
Changsha_Part1_pt_1380_back.jpg,Nanchang_Part3_pt_32938_left.jpg
Changsha_Part1_pt_1630_front.jpg,Wuhan_Part3_pt_34958_front.jpg
Changsha_Part3_pt_20028_left.jpg,Nanchang_Part1_pt_9330_right.jpg
Changsha_Part2_pt_16277_right.jpg,Changsha_Part3_pt_28636_left.jpg
Changsha_Part1_pt_5400_front.jpg,Wuhan_Part3_pt_31769_back.jpg
Nanchang_Part1_pt_4729_left.jpg,Nanchang_Part3_pt_27650_front.jpg
Nanchang_Part1_pt_4729_left.jpg,Wuhan_Part1_pt_11205_right.jpg
Changsha_Part2_pt_16293_front.jpg,Changsha_Part4_pt_30001_right.jpg
Nanchang_Part3_pt_22580_front.jpg,Wuhan_Part3_pt_31833_front.jpg
Changsha_Part4_pt_32436_left.jpg,Nanchang_Part2_pt_17581_right.jpg
Changsha_Part5_pt_44968_back.jpg,Wuhan_Part3_pt_37619_left.jpg
Changsha_Part1_pt_4607_front.jpg,Changsha_Part3_pt_20397_front.jpg
Wuhan_Part3_pt_32112_back.jpg,Wuhan_Part3_pt_36397_front.jpg
Changsha_Part2_pt_17728_right.jpg,Nanchang_Part2_pt_12581_left.jpg
Wuhan_Part1_pt_5035_right.jpg,Wuhan_Part3_pt_39821_left.jpg
Changsha_Part1_pt_4234_back.jpg,Changsha_Part2_pt_14371_front.jpg
Nanchang_Part3_pt_25316_back.jpg,Wuhan_Part3_pt_31769_back.jpg
Nanchang_Part1_pt_8094_back.jpg,Wuhan_Part2_pt_26385_left.jpg
Wuhan_Part1_pt_2613_right.jpg,Wuhan_Part2_pt_22110_left.jpg
Changsha_Part5_pt_44968_back.jpg,Wuhan_Part2_pt_22387_back.jpg
Nanchang_Part2_pt_12278_front.jpg,Nanchang_Part2_pt_18760_front.jpg
Changsha_Part1_pt_1132_back.jpg,Changsha_Part3_pt_28604_right.jpg
Nanchang_Part2_pt_19791_left.jpg,Nanchang_Part3_pt_28150_front.jpg
Changsha_Part5_pt_41017_left.jpg,Nanchang_Part2_pt_18732_front.jpg
Wuhan_Part1_pt_7728_back.jpg,Wuhan_Part3_pt_33399_back.jpg
Wuhan_Part1_pt_415_left.jpg,Wuhan_Part2_pt_21945_left.jpg
Nanchang_Part1_pt_6008_front.jpg,Wuhan_Part2_pt_16284_back.jpg
Nanchang_Part3_pt_24124_back.jpg,Wuhan_Part3_pt_35274_left.jpg
Wuhan_Part1_pt_2445_back.jpg,Wuhan_Part2_pt_21621_front.jpg
Nanchang_Part1_pt_4566_back.jpg,Wuhan_Part1_pt_819_front.jpg
Changsha_Part4_pt_30001_right.jpg,Changsha_Part4_pt_37845_back.jpg
Nanchang_Part1_pt_8277_front.jpg,Nanchang_Part2_pt_18344_back.jpg
Nanchang_Part2_pt_13876_left.jpg,Wuhan_Part3_pt_34783_left.jpg
Changsha_Part2_pt_18295_left.jpg,Changsha_Part5_pt_44078_back.jpg
Changsha_Part3_pt_27199_left.jpg,Wuhan_Part3_pt_40495_left.jpg
Changsha_Part2_pt_16405_front.jpg,Wuhan_Part2_pt_17329_front.jpg
Nanchang_Part1_pt_4282_left.jpg,Wuhan_Part2_pt_18460_left.jpg
Changsha_Part3_pt_20028_left.jpg,Changsha_Part5_pt_43473_front.jpg
Changsha_Part6_pt_54642_front.jpg,Nanchang_Part2_pt_12674_back.jpg
Changsha_Part6_pt_54741_back.jpg,Wuhan_Part3_pt_34875_right.jpg
Changsha_Part3_pt_23973_right.jpg,Changsha_Part3_pt_24031_left.jpg
Changsha_Part5_pt_44803_left.jpg,Wuhan_Part3_pt_41235_back.jpg
Nanchang_Part2_pt_15275_front.jpg,Wuhan_Part3_pt_31340_right.jpg
Nanchang_Part1_pt_9447_front.jpg,Wuhan_Part1_pt_2613_right.jpg
Changsha_Part1_pt_161_front.jpg,Nanchang_Part3_pt_28976_back.jpg
Changsha_Part1_pt_6399_back.jpg,Wuhan_Part3_pt_37619_left.jpg
Nanchang_Part2_pt_16595_back.jpg,Nanchang_Part3_pt_24085_front.jpg
Changsha_Part4_pt_35468_right.jpg,Wuhan_Part3_pt_32448_front.jpg
Changsha_Part6_pt_51265_back.jpg,Nanchang_Part2_pt_18344_back.jpg
Wuhan_Part1_pt_7827_left.jpg,Wuhan_Part2_pt_28088_back.jpg
Nanchang_Part1_pt_5353_left.jpg,Wuhan_Part1_pt_7827_left.jpg
Changsha_Part1_pt_5528_front.jpg,Changsha_Part2_pt_17510_front.jpg
Nanchang_Part1_pt_4690_left.jpg,Wuhan_Part1_pt_2525_front.jpg
Nanchang_Part2_pt_12539_front.jpg,Wuhan_Part2_pt_17765_front.jpg
Nanchang_Part3_pt_28977_left.jpg,Wuhan_Part1_pt_7153_right.jpg
Changsha_Part6_pt_58557_front.jpg,Nanchang_Part1_pt_7647_left.jpg
Nanchang_Part1_pt_3927_left.jpg,Wuhan_Part1_pt_3224_right.jpg
Changsha_Part1_pt_1669_front.jpg,Changsha_Part2_pt_12086_back.jpg
Changsha_Part4_pt_30304_front.jpg,Nanchang_Part3_pt_32938_left.jpg
Nanchang_Part3_pt_30674_left.jpg,Wuhan_Part1_pt_7563_left.jpg
Changsha_Part6_pt_51193_back.jpg,Wuhan_Part1_pt_2740_right.jpg
Nanchang_Part2_pt_12929_right.jpg,Wuhan_Part1_pt_6778_back.jpg
Nanchang_Part2_pt_13845_right.jpg,Wuhan_Part3_pt_42698_back.jpg
Changsha_Part5_pt_43932_front.jpg,Wuhan_Part2_pt_27578_right.jpg
Changsha_Part4_pt_35179_front.jpg,Wuhan_Part1_pt_11303_right.jpg
Nanchang_Part2_pt_12674_back.jpg,Wuhan_Part2_pt_21945_left.jpg
Wuhan_Part2_pt_17765_front.jpg,Wuhan_Part2_pt_21352_right.jpg
Changsha_Part6_pt_54672_back.jpg,Wuhan_Part3_pt_33399_back.jpg
Nanchang_Part1_pt_9904_right.jpg,Wuhan_Part1_pt_3116_front.jpg
Changsha_Part1_pt_4607_front.jpg,Wuhan_Part2_pt_26906_back.jpg
Changsha_Part2_pt_11460_front.jpg,Wuhan_Part3_pt_37084_back.jpg
Wuhan_Part1_pt_345_front.jpg,Wuhan_Part2_pt_19144_back.jpg
Changsha_Part1_pt_2308_front.jpg,Changsha_Part2_pt_16277_right.jpg
Wuhan_Part1_pt_304_back.jpg,Wuhan_Part1_pt_9169_left.jpg
Wuhan_Part1_pt_6067_back.jpg,Wuhan_Part2_pt_27541_right.jpg
Nanchang_Part1_pt_8513_right.jpg,Nanchang_Part3_pt_30158_right.jpg
Changsha_Part2_pt_15853_right.jpg,Nanchang_Part1_pt_7681_right.jpg
Changsha_Part2_pt_11460_front.jpg,Changsha_Part4_pt_36040_right.jpg
Nanchang_Part3_pt_25526_front.jpg,Wuhan_Part2_pt_16017_left.jpg
Changsha_Part6_pt_56467_front.jpg,Nanchang_Part2_pt_12929_right.jpg
Wuhan_Part2_pt_22303_back.jpg,Wuhan_Part2_pt_26737_left.jpg
Wuhan_Part1_pt_7933_front.jpg,Wuhan_Part2_pt_22093_right.jpg
Changsha_Part2_pt_10435_back.jpg,Changsha_Part4_pt_32166_back.jpg
Nanchang_Part1_pt_3170_front.jpg,Wuhan_Part2_pt_23318_back.jpg
Changsha_Part3_pt_24110_front.jpg,Nanchang_Part1_pt_3285_left.jpg
Changsha_Part5_pt_44124_right.jpg,Changsha_Part5_pt_46307_front.jpg
Nanchang_Part2_pt_13042_front.jpg,Wuhan_Part1_pt_10052_front.jpg
Nanchang_Part3_pt_23745_front.jpg,Wuhan_Part3_pt_33893_front.jpg
Nanchang_Part1_pt_9781_right.jpg,Wuhan_Part1_pt_6464_front.jpg
Nanchang_Part1_pt_9655_left.jpg,Nanchang_Part3_pt_31921_back.jpg
Changsha_Part1_pt_996_back.jpg,Nanchang_Part3_pt_22886_front.jpg
Wuhan_Part2_pt_24010_front.jpg,Wuhan_Part3_pt_34168_back.jpg
Changsha_Part2_pt_11251_left.jpg,Changsha_Part2_pt_15992_left.jpg
Changsha_Part3_pt_20158_left.jpg,Wuhan_Part1_pt_5454_front.jpg
Nanchang_Part1_pt_5004_back.jpg,Wuhan_Part1_pt_1437_back.jpg
Changsha_Part1_pt_1380_back.jpg,Changsha_Part3_pt_23813_front.jpg
Wuhan_Part2_pt_16180_back.jpg,Wuhan_Part3_pt_32763_front.jpg
Changsha_Part1_pt_4172_right.jpg,Wuhan_Part2_pt_24058_left.jpg
Nanchang_Part1_pt_6088_right.jpg,Wuhan_Part1_pt_735_right.jpg
Nanchang_Part1_pt_5746_back.jpg,Wuhan_Part2_pt_17295_back.jpg
Changsha_Part2_pt_17728_right.jpg,Wuhan_Part2_pt_27169_right.jpg
Nanchang_Part2_pt_11680_back.jpg,Wuhan_Part1_pt_6464_front.jpg
Nanchang_Part1_pt_2879_right.jpg,Wuhan_Part1_pt_5454_front.jpg
Wuhan_Part1_pt_2330_left.jpg,Wuhan_Part3_pt_38615_right.jpg
Nanchang_Part2_pt_19607_left.jpg,Nanchang_Part3_pt_28758_left.jpg
Changsha_Part6_pt_57628_back.jpg,Nanchang_Part2_pt_12278_front.jpg
Changsha_Part4_pt_35861_left.jpg,Wuhan_Part2_pt_26385_left.jpg
Nanchang_Part1_pt_7622_front.jpg,Wuhan_Part2_pt_18553_front.jpg
Wuhan_Part1_pt_5970_back.jpg,Wuhan_Part3_pt_36409_back.jpg
Changsha_Part1_pt_3316_left.jpg,Wuhan_Part1_pt_740_right.jpg
Changsha_Part3_pt_28034_front.jpg,Wuhan_Part3_pt_40616_front.jpg
Changsha_Part1_pt_1230_back.jpg,Wuhan_Part3_pt_37619_left.jpg
Changsha_Part6_pt_54278_left.jpg,Nanchang_Part2_pt_19829_front.jpg
Nanchang_Part2_pt_18879_back.jpg,Wuhan_Part1_pt_10505_left.jpg
Changsha_Part3_pt_23813_front.jpg,Changsha_Part3_pt_23970_right.jpg
Nanchang_Part3_pt_24189_front.jpg,Nanchang_Part3_pt_24406_left.jpg
Nanchang_Part3_pt_31921_back.jpg,Wuhan_Part1_pt_2613_right.jpg
Nanchang_Part2_pt_19886_left.jpg,Wuhan_Part1_pt_9922_left.jpg
Changsha_Part2_pt_12584_right.jpg,Wuhan_Part1_pt_3588_back.jpg
Changsha_Part5_pt_45015_right.jpg,Wuhan_Part1_pt_5761_right.jpg
Changsha_Part5_pt_46050_right.jpg,Wuhan_Part1_pt_8424_back.jpg
Changsha_Part3_pt_22004_right.jpg,Wuhan_Part1_pt_10147_left.jpg
Nanchang_Part2_pt_20275_back.jpg,Wuhan_Part2_pt_21945_left.jpg
Changsha_Part4_pt_30092_right.jpg,Wuhan_Part2_pt_17503_back.jpg
Changsha_Part1_pt_4807_left.jpg,Nanchang_Part2_pt_15371_right.jpg
Changsha_Part4_pt_31374_back.jpg,Wuhan_Part3_pt_31778_left.jpg
Nanchang_Part1_pt_9597_right.jpg,Wuhan_Part1_pt_3786_right.jpg
Wuhan_Part1_pt_2822_right.jpg,Wuhan_Part3_pt_41495_right.jpg
Nanchang_Part3_pt_31676_right.jpg,Wuhan_Part3_pt_36595_front.jpg
Changsha_Part3_pt_28755_left.jpg,Changsha_Part4_pt_36040_right.jpg
Changsha_Part3_pt_24106_left.jpg,Wuhan_Part3_pt_37599_left.jpg
Changsha_Part2_pt_11825_left.jpg,Wuhan_Part2_pt_20584_back.jpg
Changsha_Part4_pt_36485_right.jpg,Wuhan_Part3_pt_37339_right.jpg
Changsha_Part3_pt_20021_front.jpg,Nanchang_Part3_pt_30396_back.jpg
Wuhan_Part2_pt_20482_right.jpg,Wuhan_Part2_pt_23928_back.jpg
Nanchang_Part1_pt_4690_left.jpg,Nanchang_Part1_pt_9741_back.jpg
Nanchang_Part1_pt_6529_right.jpg,Wuhan_Part1_pt_5213_front.jpg
Changsha_Part2_pt_14371_front.jpg,Wuhan_Part1_pt_67_right.jpg
Nanchang_Part2_pt_11726_back.jpg,Nanchang_Part2_pt_17914_back.jpg
Nanchang_Part1_pt_6878_back.jpg,Wuhan_Part1_pt_415_left.jpg
Changsha_Part1_pt_1380_back.jpg,Changsha_Part5_pt_43557_back.jpg
Changsha_Part4_pt_33642_left.jpg,Nanchang_Part2_pt_17227_front.jpg
Nanchang_Part2_pt_15932_left.jpg,Nanchang_Part3_pt_30388_left.jpg
Changsha_Part6_pt_52888_back.jpg,Wuhan_Part1_pt_637_front.jpg
Wuhan_Part2_pt_23091_left.jpg,Wuhan_Part3_pt_42698_back.jpg
Nanchang_Part1_pt_6748_right.jpg,Wuhan_Part3_pt_40845_back.jpg
Changsha_Part2_pt_12327_right.jpg,Wuhan_Part1_pt_3786_right.jpg
Changsha_Part2_pt_18295_left.jpg,Changsha_Part6_pt_51265_back.jpg
Wuhan_Part1_pt_3224_right.jpg,Wuhan_Part1_pt_3562_left.jpg
Nanchang_Part3_pt_29341_back.jpg,Wuhan_Part3_pt_34977_right.jpg
Wuhan_Part1_pt_637_front.jpg,Wuhan_Part2_pt_25165_front.jpg
Wuhan_Part1_pt_7933_front.jpg,Wuhan_Part3_pt_40120_back.jpg
Wuhan_Part1_pt_735_right.jpg,Wuhan_Part3_pt_38433_back.jpg
Nanchang_Part2_pt_20348_right.jpg,Wuhan_Part2_pt_20514_front.jpg
Changsha_Part4_pt_35296_back.jpg,Wuhan_Part2_pt_23091_left.jpg
Nanchang_Part2_pt_11726_front.jpg,Nanchang_Part3_pt_29934_back.jpg
Changsha_Part1_pt_1016_back.jpg,Nanchang_Part2_pt_20275_back.jpg
Changsha_Part2_pt_17778_left.jpg,Nanchang_Part1_pt_1965_back.jpg
Changsha_Part4_pt_30092_right.jpg,Wuhan_Part3_pt_31960_right.jpg
Changsha_Part2_pt_13683_back.jpg,Nanchang_Part2_pt_18736_back.jpg
Changsha_Part5_pt_46264_front.jpg,Changsha_Part5_pt_47450_back.jpg
Changsha_Part1_pt_4197_right.jpg,Nanchang_Part1_pt_7622_front.jpg
Changsha_Part2_pt_16293_front.jpg,Wuhan_Part2_pt_24681_back.jpg
Nanchang_Part3_pt_30485_front.jpg,Wuhan_Part3_pt_42512_back.jpg
Nanchang_Part2_pt_11726_front.jpg,Nanchang_Part2_pt_18045_right.jpg
Wuhan_Part1_pt_7051_front.jpg,Wuhan_Part3_pt_39565_front.jpg
Changsha_Part3_pt_28755_left.jpg,Wuhan_Part1_pt_3269_right.jpg
Nanchang_Part3_pt_22567_right.jpg,Wuhan_Part3_pt_36781_right.jpg
Nanchang_Part2_pt_11378_left.jpg,Wuhan_Part3_pt_34168_back.jpg
Changsha_Part3_pt_28723_left.jpg,Wuhan_Part2_pt_16017_left.jpg
Changsha_Part4_pt_34483_front.jpg,Wuhan_Part1_pt_9321_front.jpg
Changsha_Part6_pt_57072_right.jpg,Nanchang_Part2_pt_15015_right.jpg
Nanchang_Part2_pt_13614_left.jpg,Wuhan_Part1_pt_194_left.jpg
Changsha_Part4_pt_37192_front.jpg,Nanchang_Part2_pt_17581_right.jpg
Changsha_Part6_pt_55472_left.jpg,Nanchang_Part1_pt_8924_right.jpg
Wuhan_Part1_pt_2740_right.jpg,Wuhan_Part3_pt_39555_front.jpg
Changsha_Part4_pt_33642_left.jpg,Wuhan_Part1_pt_7856_right.jpg
Wuhan_Part2_pt_24058_left.jpg,Wuhan_Part3_pt_33210_left.jpg
Changsha_Part6_pt_56542_left.jpg,Wuhan_Part1_pt_11205_right.jpg
Changsha_Part3_pt_28723_left.jpg,Changsha_Part5_pt_42648_left.jpg
Changsha_Part3_pt_25880_right.jpg,Wuhan_Part3_pt_40957_left.jpg
Changsha_Part2_pt_13683_back.jpg,Wuhan_Part2_pt_21516_back.jpg
Nanchang_Part2_pt_14656_left.jpg,Wuhan_Part3_pt_36781_right.jpg
Changsha_Part6_pt_55889_left.jpg,Nanchang_Part2_pt_19349_back.jpg
Nanchang_Part2_pt_12695_right.jpg,Nanchang_Part3_pt_31460_front.jpg
Changsha_Part6_pt_53756_right.jpg,Wuhan_Part1_pt_4486_back.jpg
Nanchang_Part2_pt_11442_right.jpg,Wuhan_Part2_pt_21621_front.jpg
Nanchang_Part2_pt_18872_right.jpg,Wuhan_Part1_pt_637_front.jpg
Changsha_Part3_pt_26037_left.jpg,Nanchang_Part2_pt_12929_right.jpg
Nanchang_Part1_pt_6088_right.jpg,Wuhan_Part1_pt_5213_front.jpg
Changsha_Part4_pt_33542_right.jpg,Wuhan_Part2_pt_16645_left.jpg
Changsha_Part2_pt_12004_front.jpg,Wuhan_Part1_pt_3224_right.jpg
Changsha_Part4_pt_33026_right.jpg,Wuhan_Part1_pt_1128_front.jpg
Changsha_Part2_pt_17590_back.jpg,Nanchang_Part1_pt_8777_right.jpg
Changsha_Part1_pt_15_right.jpg,Nanchang_Part3_pt_31228_right.jpg
Changsha_Part1_pt_5500_front.jpg,Wuhan_Part1_pt_9321_front.jpg
Nanchang_Part2_pt_15004_back.jpg,Wuhan_Part2_pt_19807_back.jpg
Nanchang_Part1_pt_1056_front.jpg,Wuhan_Part3_pt_36595_front.jpg
Changsha_Part3_pt_23973_right.jpg,Changsha_Part4_pt_31169_back.jpg
Changsha_Part6_pt_58248_front.jpg,Wuhan_Part3_pt_31960_right.jpg
Wuhan_Part2_pt_16645_left.jpg,Wuhan_Part3_pt_39821_left.jpg
Changsha_Part2_pt_11794_back.jpg,Nanchang_Part3_pt_32622_left.jpg
Changsha_Part6_pt_53887_back.jpg,Nanchang_Part2_pt_11716_back.jpg
Wuhan_Part3_pt_31443_right.jpg,Wuhan_Part3_pt_32779_right.jpg
Changsha_Part1_pt_6407_right.jpg,Changsha_Part2_pt_17493_back.jpg
Changsha_Part5_pt_43473_front.jpg,Nanchang_Part3_pt_22567_right.jpg
Nanchang_Part2_pt_14839_right.jpg,Nanchang_Part3_pt_27202_right.jpg
Nanchang_Part1_pt_3170_front.jpg,Nanchang_Part1_pt_7027_back.jpg
Changsha_Part3_pt_25820_back.jpg,Wuhan_Part2_pt_17503_back.jpg
Nanchang_Part2_pt_13488_front.jpg,Wuhan_Part1_pt_3562_left.jpg
Changsha_Part3_pt_28198_front.jpg,Nanchang_Part1_pt_3229_left.jpg
Nanchang_Part1_pt_849_left.jpg,Wuhan_Part1_pt_8308_front.jpg
Changsha_Part6_pt_50927_back.jpg,Nanchang_Part3_pt_28416_front.jpg
Changsha_Part2_pt_11750_front.jpg,Wuhan_Part3_pt_36915_front.jpg
Changsha_Part2_pt_14761_back.jpg,Nanchang_Part1_pt_3802_right.jpg
Nanchang_Part1_pt_9599_back.jpg,Nanchang_Part3_pt_24910_left.jpg
Changsha_Part1_pt_3316_left.jpg,Nanchang_Part2_pt_18344_back.jpg
Changsha_Part5_pt_41724_left.jpg,Wuhan_Part3_pt_40616_front.jpg
Changsha_Part3_pt_21965_front.jpg,Wuhan_Part2_pt_22829_back.jpg
Changsha_Part6_pt_57138_back.jpg,Nanchang_Part3_pt_24085_front.jpg
Changsha_Part6_pt_57628_back.jpg,Nanchang_Part3_pt_28929_right.jpg
Changsha_Part5_pt_46264_front.jpg,Nanchang_Part3_pt_30014_left.jpg
Changsha_Part1_pt_5528_front.jpg,Nanchang_Part1_pt_232_right.jpg
Changsha_Part2_pt_10431_right.jpg,Nanchang_Part2_pt_11628_front.jpg
Changsha_Part4_pt_30304_front.jpg,Changsha_Part5_pt_43557_back.jpg
Changsha_Part3_pt_28034_front.jpg,Nanchang_Part1_pt_6648_right.jpg
Nanchang_Part1_pt_8777_right.jpg,Wuhan_Part2_pt_16547_left.jpg
Changsha_Part2_pt_13552_front.jpg,Changsha_Part4_pt_31855_back.jpg
Wuhan_Part1_pt_3527_right.jpg,Wuhan_Part3_pt_31389_right.jpg
Nanchang_Part2_pt_17581_right.jpg,Wuhan_Part3_pt_35275_back.jpg
Nanchang_Part1_pt_1056_front.jpg,Wuhan_Part1_pt_67_right.jpg
Nanchang_Part2_pt_16595_back.jpg,Nanchang_Part3_pt_32422_front.jpg
Wuhan_Part1_pt_3751_right.jpg,Wuhan_Part3_pt_40120_back.jpg
Changsha_Part2_pt_10270_right.jpg,Changsha_Part2_pt_10415_back.jpg
Wuhan_Part2_pt_26608_front.jpg,Wuhan_Part3_pt_35053_front.jpg
Changsha_Part1_pt_1669_front.jpg,Nanchang_Part1_pt_1827_left.jpg
Wuhan_Part2_pt_24484_front.jpg,Wuhan_Part3_pt_35384_right.jpg
Changsha_Part2_pt_10270_right.jpg,Wuhan_Part2_pt_27179_back.jpg
Changsha_Part5_pt_40748_left.jpg,Nanchang_Part1_pt_7056_left.jpg
Changsha_Part4_pt_33026_right.jpg,Wuhan_Part2_pt_24640_front.jpg
Nanchang_Part2_pt_15275_front.jpg,Wuhan_Part3_pt_39319_left.jpg
Changsha_Part1_pt_1230_back.jpg,Nanchang_Part1_pt_6424_right.jpg
Nanchang_Part1_pt_4566_back.jpg,Wuhan_Part3_pt_34158_right.jpg
Nanchang_Part3_pt_31209_left.jpg,Wuhan_Part2_pt_22591_left.jpg
Changsha_Part1_pt_1630_front.jpg,Wuhan_Part3_pt_40368_front.jpg
Changsha_Part4_pt_33026_right.jpg,Nanchang_Part1_pt_2879_right.jpg
Nanchang_Part1_pt_3224_left.jpg,Nanchang_Part2_pt_19657_front.jpg
Nanchang_Part3_pt_24187_right.jpg,Wuhan_Part3_pt_40120_back.jpg
Changsha_Part1_pt_1016_back.jpg,Wuhan_Part3_pt_38649_right.jpg
Wuhan_Part1_pt_4517_right.jpg,Wuhan_Part2_pt_22110_left.jpg
Changsha_Part1_pt_1376_left.jpg,Nanchang_Part3_pt_27797_left.jpg
Changsha_Part6_pt_51316_left.jpg,Wuhan_Part1_pt_1902_right.jpg
Changsha_Part6_pt_56982_back.jpg,Nanchang_Part2_pt_20028_right.jpg
Changsha_Part2_pt_17959_left.jpg,Wuhan_Part3_pt_35558_front.jpg
Nanchang_Part1_pt_8049_front.jpg,Wuhan_Part1_pt_131_right.jpg
Changsha_Part3_pt_23133_front.jpg,Changsha_Part5_pt_41017_left.jpg
Changsha_Part4_pt_31855_back.jpg,Nanchang_Part1_pt_3200_right.jpg
Changsha_Part1_pt_1132_back.jpg,Changsha_Part2_pt_16293_front.jpg
Nanchang_Part1_pt_6745_front.jpg,Nanchang_Part2_pt_12011_left.jpg
Changsha_Part1_pt_4807_left.jpg,Nanchang_Part1_pt_4690_left.jpg
Changsha_Part5_pt_46307_front.jpg,Changsha_Part6_pt_55982_left.jpg
Changsha_Part1_pt_1907_left.jpg,Nanchang_Part1_pt_7084_front.jpg
Wuhan_Part1_pt_2054_right.jpg,Wuhan_Part3_pt_37558_back.jpg
Nanchang_Part3_pt_28977_left.jpg,Wuhan_Part2_pt_21621_front.jpg
Changsha_Part6_pt_53887_back.jpg,Nanchang_Part2_pt_12616_left.jpg
Changsha_Part3_pt_23813_front.jpg,Nanchang_Part1_pt_8119_right.jpg
Nanchang_Part3_pt_30742_back.jpg,Wuhan_Part2_pt_17061_front.jpg
Changsha_Part1_pt_1232_right.jpg,Nanchang_Part2_pt_18736_back.jpg
Changsha_Part1_pt_5500_front.jpg,Wuhan_Part3_pt_35071_back.jpg
Changsha_Part1_pt_4988_front.jpg,Changsha_Part6_pt_52680_left.jpg
Wuhan_Part1_pt_5382_right.jpg,Wuhan_Part2_pt_26668_front.jpg
Changsha_Part1_pt_3692_back.jpg,Changsha_Part6_pt_50522_front.jpg
Changsha_Part1_pt_1132_back.jpg,Changsha_Part5_pt_40666_left.jpg
Changsha_Part2_pt_10431_right.jpg,Nanchang_Part3_pt_22567_right.jpg
Nanchang_Part2_pt_11442_right.jpg,Nanchang_Part2_pt_20275_back.jpg
Nanchang_Part1_pt_8386_back.jpg,Nanchang_Part2_pt_17983_left.jpg
Changsha_Part4_pt_36485_right.jpg,Changsha_Part6_pt_51448_right.jpg
Changsha_Part5_pt_44090_right.jpg,Nanchang_Part1_pt_3665_right.jpg
Wuhan_Part3_pt_32357_right.jpg,Wuhan_Part3_pt_34168_back.jpg
Nanchang_Part1_pt_7084_front.jpg,Wuhan_Part1_pt_3843_back.jpg
Nanchang_Part1_pt_6314_left.jpg,Nanchang_Part2_pt_17077_left.jpg
Nanchang_Part3_pt_23059_front.jpg,Wuhan_Part2_pt_26001_left.jpg
Nanchang_Part3_pt_28976_back.jpg,Wuhan_Part1_pt_4517_right.jpg
Changsha_Part5_pt_46092_right.jpg,Nanchang_Part2_pt_16022_back.jpg
Changsha_Part2_pt_12816_right.jpg,Changsha_Part4_pt_35000_back.jpg
Changsha_Part6_pt_51316_left.jpg,Wuhan_Part1_pt_417_front.jpg
Nanchang_Part2_pt_20318_right.jpg,Nanchang_Part3_pt_30388_left.jpg
Wuhan_Part1_pt_6911_front.jpg,Wuhan_Part2_pt_23647_right.jpg
Changsha_Part2_pt_17980_right.jpg,Wuhan_Part1_pt_415_left.jpg
Nanchang_Part1_pt_3200_right.jpg,Wuhan_Part3_pt_41182_back.jpg
Changsha_Part1_pt_5266_left.jpg,Wuhan_Part3_pt_41495_right.jpg
Nanchang_Part2_pt_19795_right.jpg,Wuhan_Part2_pt_27179_back.jpg
Changsha_Part2_pt_12606_right.jpg,Changsha_Part5_pt_42238_left.jpg
Nanchang_Part1_pt_232_right.jpg,Nanchang_Part2_pt_16022_back.jpg
Nanchang_Part1_pt_7647_left.jpg,Nanchang_Part1_pt_8030_left.jpg
Changsha_Part1_pt_5997_right.jpg,Wuhan_Part1_pt_3116_front.jpg
Changsha_Part2_pt_17688_right.jpg,Nanchang_Part2_pt_12539_front.jpg
Changsha_Part6_pt_51757_front.jpg,Nanchang_Part1_pt_3552_left.jpg
Nanchang_Part1_pt_5607_right.jpg,Wuhan_Part3_pt_31969_front.jpg
Changsha_Part4_pt_35179_front.jpg,Nanchang_Part2_pt_13933_right.jpg
Wuhan_Part2_pt_19777_front.jpg,Wuhan_Part2_pt_19807_back.jpg
Nanchang_Part1_pt_7979_right.jpg,Nanchang_Part1_pt_8924_right.jpg
Changsha_Part2_pt_13683_back.jpg,Wuhan_Part1_pt_4084_right.jpg
Changsha_Part4_pt_34587_back.jpg,Nanchang_Part1_pt_583_right.jpg
Nanchang_Part3_pt_24124_back.jpg,Nanchang_Part3_pt_30158_right.jpg
Changsha_Part3_pt_23813_front.jpg,Nanchang_Part2_pt_17446_right.jpg
Nanchang_Part1_pt_1783_left.jpg,Nanchang_Part2_pt_18892_right.jpg
Nanchang_Part3_pt_27598_right.jpg,Nanchang_Part3_pt_28976_back.jpg
Changsha_Part5_pt_43557_back.jpg,Nanchang_Part1_pt_9861_left.jpg
Changsha_Part5_pt_41507_front.jpg,Nanchang_Part1_pt_7051_back.jpg
Nanchang_Part3_pt_29341_back.jpg,Wuhan_Part3_pt_38615_right.jpg
Changsha_Part1_pt_4197_right.jpg,Nanchang_Part2_pt_19036_left.jpg
Changsha_Part2_pt_14251_right.jpg,Nanchang_Part2_pt_19791_left.jpg
Changsha_Part1_pt_4172_right.jpg,Changsha_Part4_pt_31604_back.jpg
Wuhan_Part1_pt_3527_right.jpg,Wuhan_Part1_pt_7933_front.jpg
Changsha_Part4_pt_35551_front.jpg,Wuhan_Part2_pt_26153_back.jpg
Changsha_Part2_pt_15631_front.jpg,Nanchang_Part1_pt_3386_left.jpg
Wuhan_Part1_pt_3224_right.jpg,Wuhan_Part3_pt_32090_front.jpg
Changsha_Part4_pt_32473_right.jpg,Nanchang_Part3_pt_24085_front.jpg
Changsha_Part3_pt_20021_front.jpg,Nanchang_Part2_pt_14656_left.jpg
Changsha_Part2_pt_16148_front.jpg,Wuhan_Part1_pt_6835_right.jpg
Changsha_Part6_pt_50346_back.jpg,Nanchang_Part1_pt_3552_left.jpg
Changsha_Part4_pt_33808_back.jpg,Nanchang_Part1_pt_741_left.jpg
Nanchang_Part1_pt_352_back.jpg,Wuhan_Part1_pt_6851_right.jpg
Changsha_Part6_pt_53640_right.jpg,Wuhan_Part3_pt_32315_left.jpg
Changsha_Part2_pt_15853_right.jpg,Nanchang_Part2_pt_17985_back.jpg
Wuhan_Part1_pt_2613_right.jpg,Wuhan_Part1_pt_4510_front.jpg
Changsha_Part2_pt_17493_back.jpg,Changsha_Part2_pt_17590_back.jpg
Nanchang_Part2_pt_11381_back.jpg,Wuhan_Part3_pt_40495_left.jpg
Nanchang_Part1_pt_944_back.jpg,Wuhan_Part2_pt_26608_front.jpg
Changsha_Part3_pt_23134_left.jpg,Wuhan_Part1_pt_2822_right.jpg
Changsha_Part4_pt_32473_right.jpg,Nanchang_Part3_pt_28546_back.jpg
Wuhan_Part1_pt_8308_front.jpg,Wuhan_Part2_pt_17880_right.jpg
Changsha_Part4_pt_36485_right.jpg,Nanchang_Part1_pt_7979_right.jpg
Changsha_Part3_pt_23970_right.jpg,Nanchang_Part2_pt_16595_back.jpg
Wuhan_Part3_pt_34066_front.jpg,Wuhan_Part3_pt_34168_back.jpg
Changsha_Part3_pt_23274_front.jpg,Nanchang_Part1_pt_7681_right.jpg
Changsha_Part3_pt_26896_front.jpg,Nanchang_Part3_pt_32622_left.jpg
Changsha_Part3_pt_21728_front.jpg,Changsha_Part3_pt_23973_right.jpg
Changsha_Part1_pt_5737_left.jpg,Nanchang_Part1_pt_232_right.jpg
Wuhan_Part1_pt_5035_right.jpg,Wuhan_Part2_pt_17221_left.jpg
Changsha_Part3_pt_25941_front.jpg,Wuhan_Part3_pt_36409_back.jpg
Nanchang_Part1_pt_2017_front.jpg,Wuhan_Part1_pt_6911_front.jpg
Wuhan_Part2_pt_23241_left.jpg,Wuhan_Part2_pt_23692_front.jpg
Wuhan_Part1_pt_1904_left.jpg,Wuhan_Part1_pt_2613_right.jpg
Changsha_Part4_pt_31169_back.jpg,Wuhan_Part3_pt_34066_front.jpg
Changsha_Part3_pt_23478_left.jpg,Nanchang_Part1_pt_5386_front.jpg
Changsha_Part2_pt_12004_front.jpg,Changsha_Part3_pt_24252_front.jpg
Changsha_Part3_pt_25736_left.jpg,Nanchang_Part2_pt_15609_left.jpg
Nanchang_Part2_pt_14656_left.jpg,Nanchang_Part3_pt_30674_left.jpg
Changsha_Part4_pt_37794_right.jpg,Wuhan_Part2_pt_23241_left.jpg
Changsha_Part6_pt_58248_front.jpg,Nanchang_Part1_pt_1625_left.jpg
Changsha_Part3_pt_28571_left.jpg,Nanchang_Part3_pt_28546_back.jpg
Changsha_Part6_pt_57250_front.jpg,Nanchang_Part3_pt_32622_left.jpg
Nanchang_Part2_pt_11680_back.jpg,Nanchang_Part2_pt_19567_back.jpg
Changsha_Part2_pt_12004_front.jpg,Wuhan_Part1_pt_4_front.jpg
Changsha_Part2_pt_14251_right.jpg,Wuhan_Part3_pt_37558_back.jpg
Nanchang_Part1_pt_6648_right.jpg,Nanchang_Part2_pt_14274_left.jpg
Changsha_Part2_pt_10912_left.jpg,Wuhan_Part2_pt_24058_left.jpg
Wuhan_Part1_pt_3198_front.jpg,Wuhan_Part3_pt_38798_back.jpg
Changsha_Part3_pt_28604_right.jpg,Changsha_Part3_pt_28755_left.jpg
Changsha_Part4_pt_32166_back.jpg,Nanchang_Part1_pt_7084_front.jpg
Changsha_Part1_pt_2308_front.jpg,Nanchang_Part1_pt_8871_right.jpg
Wuhan_Part1_pt_5958_front.jpg,Wuhan_Part3_pt_40368_front.jpg
Nanchang_Part3_pt_24948_left.jpg,Wuhan_Part3_pt_33399_back.jpg
Nanchang_Part3_pt_22584_left.jpg,Wuhan_Part2_pt_23234_front.jpg
Changsha_Part2_pt_11794_back.jpg,Wuhan_Part1_pt_488_left.jpg
Changsha_Part5_pt_45246_left.jpg,Wuhan_Part3_pt_42698_back.jpg
Changsha_Part5_pt_46278_left.jpg,Wuhan_Part3_pt_36472_right.jpg
Changsha_Part1_pt_6399_back.jpg,Changsha_Part3_pt_26523_front.jpg
Changsha_Part3_pt_28715_left.jpg,Nanchang_Part2_pt_16284_front.jpg
Nanchang_Part2_pt_19785_right.jpg,Wuhan_Part2_pt_18553_front.jpg
Changsha_Part2_pt_11325_left.jpg,Nanchang_Part2_pt_15633_front.jpg
Changsha_Part4_pt_31904_front.jpg,Nanchang_Part3_pt_30674_left.jpg
Changsha_Part6_pt_55312_back.jpg,Nanchang_Part2_pt_15498_left.jpg
Changsha_Part3_pt_29721_left.jpg,Wuhan_Part2_pt_27245_left.jpg
Nanchang_Part1_pt_6044_right.jpg,Nanchang_Part3_pt_31921_back.jpg
Changsha_Part6_pt_51628_left.jpg,Nanchang_Part2_pt_15932_left.jpg
Changsha_Part5_pt_44090_right.jpg,Changsha_Part6_pt_50346_back.jpg
Nanchang_Part3_pt_31921_back.jpg,Wuhan_Part1_pt_6464_front.jpg
Changsha_Part4_pt_33542_right.jpg,Wuhan_Part1_pt_1904_left.jpg
Changsha_Part1_pt_1230_back.jpg,Changsha_Part1_pt_1295_back.jpg
Changsha_Part2_pt_14874_left.jpg,Wuhan_Part1_pt_6835_right.jpg
Nanchang_Part3_pt_24085_front.jpg,Wuhan_Part3_pt_35530_front.jpg
Changsha_Part3_pt_20158_left.jpg,Wuhan_Part1_pt_2054_right.jpg
Changsha_Part1_pt_1891_left.jpg,Changsha_Part5_pt_45015_right.jpg
Wuhan_Part2_pt_20086_right.jpg,Wuhan_Part2_pt_26668_front.jpg
Changsha_Part1_pt_2308_front.jpg,Changsha_Part2_pt_17662_front.jpg
Nanchang_Part3_pt_28999_right.jpg,Wuhan_Part1_pt_3562_left.jpg
Wuhan_Part2_pt_26737_left.jpg,Wuhan_Part3_pt_37084_back.jpg
Changsha_Part2_pt_15861_left.jpg,Wuhan_Part3_pt_39523_left.jpg
Wuhan_Part2_pt_18553_front.jpg,Wuhan_Part3_pt_38798_back.jpg
Changsha_Part1_pt_2989_right.jpg,Wuhan_Part3_pt_32448_front.jpg
Nanchang_Part1_pt_5435_front.jpg,Nanchang_Part2_pt_11442_right.jpg
Changsha_Part5_pt_40748_left.jpg,Nanchang_Part3_pt_28150_front.jpg
Changsha_Part5_pt_46092_right.jpg,Wuhan_Part3_pt_42188_front.jpg
Changsha_Part4_pt_34265_back.jpg,Nanchang_Part2_pt_12616_left.jpg
Changsha_Part1_pt_2308_front.jpg,Changsha_Part3_pt_25710_left.jpg
Nanchang_Part2_pt_20028_right.jpg,Wuhan_Part3_pt_33451_right.jpg
Changsha_Part1_pt_1295_back.jpg,Changsha_Part2_pt_11750_front.jpg
Changsha_Part5_pt_46743_right.jpg,Nanchang_Part1_pt_7010_front.jpg
Changsha_Part2_pt_17778_left.jpg,Wuhan_Part2_pt_25372_right.jpg
Nanchang_Part1_pt_5261_right.jpg,Wuhan_Part2_pt_26737_left.jpg
Changsha_Part3_pt_27425_back.jpg,Nanchang_Part2_pt_17540_front.jpg
Changsha_Part2_pt_18188_back.jpg,Wuhan_Part1_pt_8424_back.jpg
Wuhan_Part1_pt_8308_front.jpg,Wuhan_Part2_pt_19596_left.jpg
Nanchang_Part1_pt_8030_left.jpg,Wuhan_Part1_pt_10463_left.jpg
Changsha_Part6_pt_56861_right.jpg,Wuhan_Part1_pt_3111_front.jpg
Nanchang_Part3_pt_24809_front.jpg,Wuhan_Part1_pt_11205_right.jpg
Nanchang_Part1_pt_5894_front.jpg,Nanchang_Part2_pt_20647_front.jpg
Nanchang_Part1_pt_1827_left.jpg,Wuhan_Part1_pt_2054_right.jpg
Nanchang_Part1_pt_1285_back.jpg,Wuhan_Part2_pt_24681_back.jpg
Wuhan_Part1_pt_5761_right.jpg,Wuhan_Part2_pt_27578_right.jpg
Changsha_Part2_pt_15644_front.jpg,Nanchang_Part2_pt_15739_front.jpg
Nanchang_Part1_pt_1056_front.jpg,Nanchang_Part2_pt_15275_front.jpg
Wuhan_Part2_pt_25165_front.jpg,Wuhan_Part3_pt_37558_back.jpg
Nanchang_Part1_pt_3224_left.jpg,Nanchang_Part3_pt_30742_back.jpg
Changsha_Part2_pt_11273_front.jpg,Nanchang_Part2_pt_11680_back.jpg
Changsha_Part6_pt_51628_left.jpg,Nanchang_Part3_pt_25159_right.jpg
Changsha_Part3_pt_20021_front.jpg,Wuhan_Part3_pt_40154_front.jpg
Nanchang_Part1_pt_6657_right.jpg,Wuhan_Part2_pt_26521_front.jpg
Nanchang_Part1_pt_9597_right.jpg,Wuhan_Part3_pt_39616_right.jpg
Nanchang_Part2_pt_18879_back.jpg,Wuhan_Part2_pt_17783_back.jpg
Changsha_Part4_pt_35840_right.jpg,Wuhan_Part1_pt_7386_back.jpg
Changsha_Part5_pt_45015_right.jpg,Wuhan_Part3_pt_33157_front.jpg
Changsha_Part4_pt_31374_back.jpg,Wuhan_Part3_pt_34980_back.jpg
Nanchang_Part1_pt_7622_front.jpg,Wuhan_Part3_pt_41412_left.jpg
Changsha_Part6_pt_55322_right.jpg,Wuhan_Part1_pt_5035_right.jpg
Changsha_Part4_pt_35551_front.jpg,Wuhan_Part2_pt_17329_front.jpg
Nanchang_Part2_pt_19567_back.jpg,Wuhan_Part3_pt_37084_back.jpg
Wuhan_Part1_pt_2822_right.jpg,Wuhan_Part1_pt_4344_back.jpg
Changsha_Part5_pt_41513_back.jpg,Wuhan_Part2_pt_20514_front.jpg
Nanchang_Part3_pt_29116_left.jpg,Wuhan_Part3_pt_40972_right.jpg
Changsha_Part4_pt_35000_back.jpg,Changsha_Part6_pt_57362_right.jpg
Changsha_Part6_pt_54741_back.jpg,Nanchang_Part1_pt_3665_right.jpg
Changsha_Part1_pt_4172_right.jpg,Wuhan_Part3_pt_32554_left.jpg
Changsha_Part3_pt_27913_front.jpg,Nanchang_Part2_pt_13933_right.jpg
Changsha_Part1_pt_15_right.jpg,Wuhan_Part2_pt_21749_left.jpg
Nanchang_Part1_pt_7647_left.jpg,Wuhan_Part3_pt_40616_front.jpg
Nanchang_Part1_pt_4729_left.jpg,Nanchang_Part1_pt_5085_front.jpg
Changsha_Part2_pt_10259_back.jpg,Nanchang_Part2_pt_19785_right.jpg
Changsha_Part2_pt_15281_back.jpg,Changsha_Part3_pt_28198_front.jpg
Nanchang_Part2_pt_15004_back.jpg,Nanchang_Part3_pt_31460_front.jpg
Wuhan_Part1_pt_1986_right.jpg,Wuhan_Part1_pt_3410_back.jpg
Nanchang_Part1_pt_7979_right.jpg,Nanchang_Part3_pt_30014_left.jpg
Changsha_Part6_pt_55376_front.jpg,Wuhan_Part1_pt_1053_right.jpg
Changsha_Part1_pt_6399_back.jpg,Nanchang_Part3_pt_24187_right.jpg
Nanchang_Part1_pt_256_front.jpg,Wuhan_Part3_pt_36409_back.jpg
Changsha_Part6_pt_58206_front.jpg,Wuhan_Part2_pt_16215_back.jpg
Nanchang_Part2_pt_12011_left.jpg,Nanchang_Part3_pt_24910_left.jpg
Changsha_Part2_pt_11244_left.jpg,Changsha_Part2_pt_18318_front.jpg
Changsha_Part4_pt_32068_right.jpg,Wuhan_Part1_pt_3111_front.jpg
Changsha_Part6_pt_50522_front.jpg,Changsha_Part6_pt_57250_front.jpg
Changsha_Part3_pt_20174_front.jpg,Nanchang_Part1_pt_4061_right.jpg
Nanchang_Part1_pt_9597_right.jpg,Wuhan_Part1_pt_131_right.jpg
Nanchang_Part1_pt_3587_right.jpg,Nanchang_Part1_pt_9756_left.jpg
Changsha_Part4_pt_31904_front.jpg,Wuhan_Part1_pt_6604_left.jpg
Changsha_Part5_pt_44916_back.jpg,Nanchang_Part3_pt_27202_right.jpg
Changsha_Part3_pt_28604_right.jpg,Nanchang_Part2_pt_19795_right.jpg
Changsha_Part5_pt_40387_left.jpg,Nanchang_Part1_pt_4061_right.jpg
Changsha_Part2_pt_17662_front.jpg,Nanchang_Part2_pt_20318_right.jpg
Nanchang_Part1_pt_6196_right.jpg,Wuhan_Part2_pt_18488_front.jpg
Wuhan_Part2_pt_27640_front.jpg,Wuhan_Part3_pt_36365_left.jpg
Nanchang_Part3_pt_22661_left.jpg,Nanchang_Part3_pt_30396_back.jpg
Wuhan_Part1_pt_6911_front.jpg,Wuhan_Part2_pt_26153_back.jpg
Changsha_Part4_pt_31374_back.jpg,Nanchang_Part2_pt_18760_front.jpg
Nanchang_Part2_pt_15760_back.jpg,Nanchang_Part3_pt_30485_front.jpg
Nanchang_Part1_pt_1808_back.jpg,Nanchang_Part2_pt_15371_right.jpg
Nanchang_Part1_pt_4282_left.jpg,Wuhan_Part2_pt_19095_left.jpg
Changsha_Part5_pt_43473_front.jpg,Nanchang_Part1_pt_8561_left.jpg
Nanchang_Part2_pt_19886_left.jpg,Wuhan_Part3_pt_33399_back.jpg
Wuhan_Part1_pt_2672_right.jpg,Wuhan_Part3_pt_42512_back.jpg
Nanchang_Part2_pt_11726_back.jpg,Wuhan_Part1_pt_4045_front.jpg
Nanchang_Part2_pt_12496_front.jpg,Wuhan_Part3_pt_32779_right.jpg
Changsha_Part2_pt_12816_right.jpg,Wuhan_Part1_pt_6881_front.jpg
Wuhan_Part1_pt_6835_right.jpg,Wuhan_Part3_pt_33409_right.jpg
Changsha_Part1_pt_4197_right.jpg,Changsha_Part4_pt_36721_back.jpg
Changsha_Part5_pt_44090_right.jpg,Wuhan_Part3_pt_34958_front.jpg
Changsha_Part4_pt_33026_right.jpg,Wuhan_Part2_pt_27296_front.jpg
Nanchang_Part1_pt_3927_left.jpg,Nanchang_Part2_pt_19567_back.jpg
Changsha_Part4_pt_35468_right.jpg,Changsha_Part6_pt_50927_back.jpg
Changsha_Part2_pt_11501_right.jpg,Wuhan_Part3_pt_41495_right.jpg
Changsha_Part5_pt_46119_back.jpg,Wuhan_Part1_pt_10505_left.jpg
Wuhan_Part2_pt_26156_back.jpg,Wuhan_Part3_pt_35865_front.jpg
Changsha_Part1_pt_5528_front.jpg,Wuhan_Part2_pt_20292_back.jpg
Nanchang_Part1_pt_1965_back.jpg,Wuhan_Part3_pt_34875_right.jpg
Nanchang_Part1_pt_7051_back.jpg,Wuhan_Part1_pt_3116_front.jpg
Changsha_Part2_pt_11345_left.jpg,Nanchang_Part2_pt_17540_front.jpg
Changsha_Part5_pt_41513_back.jpg,Nanchang_Part2_pt_15035_left.jpg
Changsha_Part4_pt_33177_left.jpg,Changsha_Part6_pt_51448_right.jpg
Nanchang_Part2_pt_18020_back.jpg,Wuhan_Part3_pt_35275_back.jpg
Nanchang_Part2_pt_17357_right.jpg,Nanchang_Part2_pt_17985_back.jpg
Nanchang_Part3_pt_23018_left.jpg,Wuhan_Part3_pt_33826_back.jpg
Changsha_Part4_pt_31888_back.jpg,Changsha_Part5_pt_43473_front.jpg
Nanchang_Part1_pt_5894_front.jpg,Nanchang_Part2_pt_15760_back.jpg
Changsha_Part5_pt_44090_right.jpg,Wuhan_Part1_pt_637_front.jpg
Changsha_Part4_pt_33640_back.jpg,Nanchang_Part2_pt_13876_left.jpg
Changsha_Part2_pt_15861_left.jpg,Wuhan_Part3_pt_36595_front.jpg
Changsha_Part1_pt_6811_right.jpg,Nanchang_Part1_pt_3229_left.jpg
Nanchang_Part2_pt_20647_front.jpg,Wuhan_Part2_pt_20009_front.jpg
Changsha_Part2_pt_15998_back.jpg,Nanchang_Part3_pt_23745_front.jpg
Changsha_Part1_pt_6320_back.jpg,Changsha_Part6_pt_53305_front.jpg
Nanchang_Part2_pt_15004_back.jpg,Wuhan_Part2_pt_20009_front.jpg
Changsha_Part5_pt_46307_front.jpg,Nanchang_Part1_pt_9741_back.jpg
Nanchang_Part2_pt_19607_left.jpg,Wuhan_Part2_pt_18553_front.jpg
Changsha_Part3_pt_23274_front.jpg,Changsha_Part3_pt_28755_left.jpg
Changsha_Part6_pt_50346_back.jpg,Changsha_Part6_pt_50927_back.jpg
Changsha_Part2_pt_10270_right.jpg,Wuhan_Part3_pt_40972_right.jpg
Wuhan_Part2_pt_18553_front.jpg,Wuhan_Part2_pt_19609_right.jpg
Nanchang_Part1_pt_9718_back.jpg,Nanchang_Part3_pt_27598_right.jpg
Changsha_Part2_pt_15281_back.jpg,Changsha_Part4_pt_33286_left.jpg
Changsha_Part6_pt_55889_left.jpg,Wuhan_Part2_pt_20088_front.jpg
Nanchang_Part1_pt_1381_back.jpg,Wuhan_Part3_pt_37084_back.jpg
Changsha_Part4_pt_31888_back.jpg,Changsha_Part6_pt_51757_front.jpg
Nanchang_Part3_pt_30126_left.jpg,Wuhan_Part1_pt_6911_front.jpg
Changsha_Part2_pt_12606_right.jpg,Nanchang_Part2_pt_19699_back.jpg
Changsha_Part1_pt_4087_right.jpg,Changsha_Part3_pt_25880_right.jpg
Nanchang_Part2_pt_17446_right.jpg,Wuhan_Part3_pt_41411_front.jpg
Changsha_Part1_pt_4234_back.jpg,Nanchang_Part3_pt_32422_front.jpg
Changsha_Part3_pt_21873_left.jpg,Wuhan_Part3_pt_39523_left.jpg
Nanchang_Part1_pt_7084_front.jpg,Nanchang_Part1_pt_9724_front.jpg
Wuhan_Part2_pt_21945_left.jpg,Wuhan_Part2_pt_22591_left.jpg
Nanchang_Part1_pt_5004_back.jpg,Nanchang_Part1_pt_9756_left.jpg
Nanchang_Part1_pt_4179_left.jpg,Nanchang_Part2_pt_12539_front.jpg
Changsha_Part6_pt_55982_left.jpg,Nanchang_Part1_pt_5661_front.jpg
Changsha_Part4_pt_32068_right.jpg,Wuhan_Part1_pt_6287_front.jpg
Changsha_Part4_pt_30539_back.jpg,Wuhan_Part1_pt_9527_left.jpg
Nanchang_Part1_pt_256_front.jpg,Wuhan_Part3_pt_35384_right.jpg
Wuhan_Part1_pt_1398_left.jpg,Wuhan_Part2_pt_24058_left.jpg
Nanchang_Part3_pt_25316_back.jpg,Wuhan_Part1_pt_1986_right.jpg
Changsha_Part1_pt_3958_left.jpg,Nanchang_Part3_pt_27590_right.jpg
Nanchang_Part1_pt_7515_front.jpg,Nanchang_Part2_pt_15633_front.jpg
Nanchang_Part1_pt_7056_left.jpg,Nanchang_Part1_pt_9891_back.jpg
Changsha_Part4_pt_33177_left.jpg,Nanchang_Part1_pt_9553_left.jpg
Nanchang_Part3_pt_29341_back.jpg,Wuhan_Part3_pt_41411_front.jpg
Changsha_Part5_pt_46885_left.jpg,Nanchang_Part3_pt_30396_back.jpg
Changsha_Part2_pt_14874_left.jpg,Wuhan_Part3_pt_39555_front.jpg
Changsha_Part2_pt_10435_back.jpg,Nanchang_Part1_pt_6488_left.jpg
Changsha_Part2_pt_13552_front.jpg,Nanchang_Part1_pt_7979_right.jpg
Changsha_Part4_pt_30968_back.jpg,Changsha_Part5_pt_41513_back.jpg
Changsha_Part4_pt_36807_right.jpg,Nanchang_Part3_pt_27189_left.jpg
Changsha_Part5_pt_42648_left.jpg,Wuhan_Part1_pt_2976_right.jpg
Changsha_Part3_pt_23134_left.jpg,Nanchang_Part1_pt_5435_front.jpg
Wuhan_Part1_pt_5958_front.jpg,Wuhan_Part2_pt_19680_left.jpg
Changsha_Part4_pt_35000_back.jpg,Wuhan_Part1_pt_6893_left.jpg
Changsha_Part2_pt_13683_back.jpg,Wuhan_Part3_pt_31443_right.jpg
Changsha_Part4_pt_35000_back.jpg,Wuhan_Part1_pt_8915_front.jpg
Changsha_Part5_pt_43557_back.jpg,Changsha_Part6_pt_51757_front.jpg
Nanchang_Part3_pt_28999_right.jpg,Wuhan_Part1_pt_6851_right.jpg
Changsha_Part4_pt_34587_back.jpg,Wuhan_Part3_pt_31340_right.jpg
Changsha_Part3_pt_28099_left.jpg,Nanchang_Part2_pt_20275_back.jpg
Wuhan_Part2_pt_18488_front.jpg,Wuhan_Part3_pt_36915_front.jpg
Changsha_Part5_pt_42648_left.jpg,Wuhan_Part1_pt_7386_back.jpg
Changsha_Part5_pt_46264_front.jpg,Nanchang_Part3_pt_30260_right.jpg
Wuhan_Part1_pt_4_front.jpg,Wuhan_Part2_pt_17364_right.jpg
Nanchang_Part2_pt_16333_right.jpg,Wuhan_Part1_pt_1986_right.jpg
Changsha_Part5_pt_45246_left.jpg,Nanchang_Part3_pt_23018_left.jpg
Nanchang_Part1_pt_1625_left.jpg,Wuhan_Part3_pt_34216_front.jpg
Changsha_Part6_pt_53756_right.jpg,Nanchang_Part2_pt_13042_front.jpg
Wuhan_Part1_pt_2084_front.jpg,Wuhan_Part2_pt_20086_right.jpg
Changsha_Part2_pt_16148_front.jpg,Wuhan_Part3_pt_31389_right.jpg
Wuhan_Part2_pt_23234_front.jpg,Wuhan_Part2_pt_27578_right.jpg
Changsha_Part4_pt_33177_left.jpg,Wuhan_Part2_pt_18623_left.jpg
Wuhan_Part1_pt_1144_right.jpg,Wuhan_Part1_pt_5958_front.jpg
Nanchang_Part1_pt_8094_back.jpg,Wuhan_Part1_pt_1902_right.jpg
Changsha_Part6_pt_56861_right.jpg,Wuhan_Part2_pt_20514_front.jpg
Changsha_Part2_pt_11524_front.jpg,Nanchang_Part1_pt_6918_back.jpg
Changsha_Part5_pt_44292_right.jpg,Nanchang_Part3_pt_25526_front.jpg
Nanchang_Part2_pt_20259_back.jpg,Nanchang_Part3_pt_23774_front.jpg
Nanchang_Part2_pt_16284_front.jpg,Wuhan_Part2_pt_26610_left.jpg
Changsha_Part1_pt_2989_right.jpg,Wuhan_Part1_pt_611_right.jpg
Changsha_Part3_pt_27866_right.jpg,Wuhan_Part2_pt_26404_left.jpg
Nanchang_Part1_pt_1381_back.jpg,Wuhan_Part2_pt_16408_front.jpg
Wuhan_Part1_pt_5761_right.jpg,Wuhan_Part3_pt_31969_front.jpg
Changsha_Part5_pt_42695_right.jpg,Nanchang_Part1_pt_3170_front.jpg
Nanchang_Part1_pt_4566_back.jpg,Nanchang_Part3_pt_31259_front.jpg
Wuhan_Part2_pt_26404_left.jpg,Wuhan_Part3_pt_40972_right.jpg
Nanchang_Part1_pt_4061_right.jpg,Wuhan_Part3_pt_36781_right.jpg
Changsha_Part1_pt_4988_front.jpg,Nanchang_Part2_pt_20227_front.jpg
Changsha_Part2_pt_15853_right.jpg,Wuhan_Part3_pt_42177_front.jpg
Wuhan_Part2_pt_17783_back.jpg,Wuhan_Part3_pt_40957_left.jpg
Nanchang_Part1_pt_9330_right.jpg,Nanchang_Part1_pt_944_back.jpg
Nanchang_Part1_pt_8561_left.jpg,Nanchang_Part3_pt_31302_front.jpg
Wuhan_Part3_pt_35384_right.jpg,Wuhan_Part3_pt_37339_right.jpg
Changsha_Part5_pt_41657_right.jpg,Nanchang_Part3_pt_23745_front.jpg
Wuhan_Part3_pt_35530_front.jpg,Wuhan_Part3_pt_37619_left.jpg
Nanchang_Part3_pt_29934_back.jpg,Wuhan_Part1_pt_7051_front.jpg
Nanchang_Part1_pt_289_right.jpg,Wuhan_Part2_pt_18460_left.jpg
Changsha_Part5_pt_44916_back.jpg,Nanchang_Part1_pt_9891_back.jpg
Changsha_Part3_pt_25880_right.jpg,Wuhan_Part1_pt_1482_front.jpg
Nanchang_Part1_pt_3285_left.jpg,Wuhan_Part3_pt_32090_front.jpg
Changsha_Part2_pt_11501_right.jpg,Wuhan_Part2_pt_21621_front.jpg
Changsha_Part4_pt_34902_right.jpg,Nanchang_Part1_pt_4905_front.jpg
Changsha_Part6_pt_51265_back.jpg,Nanchang_Part1_pt_3224_left.jpg
Changsha_Part5_pt_42019_front.jpg,Wuhan_Part1_pt_6778_back.jpg
Changsha_Part1_pt_6847_front.jpg,Wuhan_Part3_pt_31769_back.jpg
Wuhan_Part3_pt_32763_front.jpg,Wuhan_Part3_pt_34498_right.jpg
Changsha_Part6_pt_58333_right.jpg,Wuhan_Part3_pt_37339_right.jpg
Changsha_Part2_pt_18318_front.jpg,Wuhan_Part1_pt_1053_right.jpg
Nanchang_Part3_pt_28150_front.jpg,Wuhan_Part3_pt_31969_front.jpg
Nanchang_Part1_pt_2017_front.jpg,Wuhan_Part2_pt_26404_left.jpg
Wuhan_Part3_pt_32664_back.jpg,Wuhan_Part3_pt_34596_right.jpg
Changsha_Part1_pt_1230_back.jpg,Wuhan_Part2_pt_16017_left.jpg
Changsha_Part1_pt_4197_right.jpg,Wuhan_Part1_pt_4486_back.jpg
Changsha_Part5_pt_45542_back.jpg,Nanchang_Part1_pt_6918_back.jpg
Changsha_Part6_pt_55774_left.jpg,Nanchang_Part1_pt_3704_front.jpg
Nanchang_Part2_pt_13660_front.jpg,Wuhan_Part2_pt_19144_back.jpg
Nanchang_Part2_pt_15812_left.jpg,Nanchang_Part2_pt_19785_right.jpg
Nanchang_Part2_pt_20348_right.jpg,Nanchang_Part3_pt_24910_left.jpg
Changsha_Part6_pt_56467_front.jpg,Nanchang_Part2_pt_15004_back.jpg
Changsha_Part5_pt_46885_left.jpg,Nanchang_Part3_pt_24809_front.jpg
Changsha_Part6_pt_54034_right.jpg,Wuhan_Part1_pt_345_front.jpg
Wuhan_Part1_pt_3527_right.jpg,Wuhan_Part3_pt_36781_right.jpg
Nanchang_Part2_pt_12094_right.jpg,Nanchang_Part3_pt_30356_back.jpg
Changsha_Part6_pt_51448_right.jpg,Nanchang_Part1_pt_5746_back.jpg
Nanchang_Part1_pt_8277_front.jpg,Nanchang_Part2_pt_19657_front.jpg
Changsha_Part4_pt_36807_right.jpg,Nanchang_Part3_pt_29934_back.jpg
Changsha_Part1_pt_6320_back.jpg,Changsha_Part2_pt_17980_right.jpg
Changsha_Part2_pt_11244_left.jpg,Wuhan_Part2_pt_16999_front.jpg
Nanchang_Part1_pt_1827_left.jpg,Nanchang_Part3_pt_31302_front.jpg
Changsha_Part5_pt_46396_left.jpg,Nanchang_Part1_pt_8030_left.jpg
Nanchang_Part2_pt_15633_front.jpg,Nanchang_Part2_pt_19036_left.jpg
Nanchang_Part1_pt_8386_back.jpg,Nanchang_Part3_pt_30232_right.jpg
Changsha_Part5_pt_42648_left.jpg,Nanchang_Part3_pt_30388_left.jpg
Changsha_Part5_pt_45015_right.jpg,Wuhan_Part3_pt_32640_front.jpg
Wuhan_Part3_pt_31833_front.jpg,Wuhan_Part3_pt_33826_back.jpg
Changsha_Part2_pt_17778_left.jpg,Wuhan_Part2_pt_20584_back.jpg
Nanchang_Part1_pt_3229_left.jpg,Nanchang_Part1_pt_599_back.jpg
Changsha_Part1_pt_1669_front.jpg,Changsha_Part3_pt_25736_left.jpg
Nanchang_Part2_pt_19791_left.jpg,Nanchang_Part3_pt_28084_front.jpg
Changsha_Part5_pt_43619_right.jpg,Wuhan_Part3_pt_37558_back.jpg
Wuhan_Part1_pt_2822_right.jpg,Wuhan_Part3_pt_33826_back.jpg
Changsha_Part3_pt_25880_right.jpg,Wuhan_Part1_pt_9922_left.jpg
Changsha_Part1_pt_2719_front.jpg,Changsha_Part2_pt_11524_front.jpg
Nanchang_Part2_pt_17985_back.jpg,Wuhan_Part1_pt_2153_right.jpg
Changsha_Part1_pt_4234_back.jpg,Wuhan_Part1_pt_4_front.jpg
Nanchang_Part2_pt_17581_right.jpg,Nanchang_Part2_pt_19791_left.jpg
Changsha_Part2_pt_11825_left.jpg,Nanchang_Part1_pt_1625_left.jpg
Changsha_Part5_pt_41513_back.jpg,Wuhan_Part1_pt_2525_front.jpg
Wuhan_Part1_pt_3939_left.jpg,Wuhan_Part3_pt_40616_front.jpg
Changsha_Part2_pt_12606_right.jpg,Nanchang_Part2_pt_13488_front.jpg
Changsha_Part2_pt_15291_front.jpg,Wuhan_Part2_pt_21324_back.jpg
Changsha_Part2_pt_18318_front.jpg,Wuhan_Part1_pt_5382_right.jpg
Changsha_Part3_pt_27625_back.jpg,Nanchang_Part1_pt_3704_front.jpg
Nanchang_Part2_pt_11726_front.jpg,Wuhan_Part3_pt_36584_back.jpg
Wuhan_Part2_pt_17975_right.jpg,Wuhan_Part3_pt_32112_back.jpg
Nanchang_Part2_pt_17985_back.jpg,Wuhan_Part3_pt_39565_front.jpg
Changsha_Part6_pt_54006_back.jpg,Nanchang_Part1_pt_3170_front.jpg
Changsha_Part4_pt_33642_left.jpg,Changsha_Part5_pt_44803_left.jpg
Changsha_Part2_pt_18295_left.jpg,Changsha_Part6_pt_57362_right.jpg
Changsha_Part3_pt_21965_front.jpg,Wuhan_Part2_pt_18189_back.jpg
Nanchang_Part1_pt_5033_front.jpg,Nanchang_Part3_pt_28522_right.jpg
Nanchang_Part2_pt_13968_front.jpg,Wuhan_Part1_pt_4704_back.jpg
Nanchang_Part1_pt_7647_left.jpg,Wuhan_Part1_pt_4084_right.jpg
Changsha_Part1_pt_1016_back.jpg,Changsha_Part6_pt_51193_back.jpg
Changsha_Part4_pt_32401_back.jpg,Nanchang_Part1_pt_6918_back.jpg
Changsha_Part6_pt_53640_right.jpg,Wuhan_Part1_pt_7563_left.jpg
Nanchang_Part1_pt_3802_right.jpg,Wuhan_Part3_pt_32779_right.jpg
Changsha_Part3_pt_28779_right.jpg,Nanchang_Part2_pt_18760_front.jpg
Nanchang_Part1_pt_5661_front.jpg,Wuhan_Part2_pt_26668_front.jpg
Nanchang_Part2_pt_11381_back.jpg,Wuhan_Part2_pt_27245_left.jpg
Changsha_Part6_pt_50927_back.jpg,Wuhan_Part2_pt_18189_back.jpg
Changsha_Part6_pt_53305_front.jpg,Wuhan_Part2_pt_21679_front.jpg
Nanchang_Part2_pt_17357_right.jpg,Wuhan_Part2_pt_27578_right.jpg
Changsha_Part6_pt_55982_left.jpg,Nanchang_Part2_pt_18020_back.jpg
Changsha_Part3_pt_28715_left.jpg,Nanchang_Part1_pt_5607_right.jpg
Nanchang_Part1_pt_6649_right.jpg,Nanchang_Part2_pt_20275_back.jpg
Changsha_Part2_pt_14442_right.jpg,Wuhan_Part2_pt_26001_left.jpg
Nanchang_Part1_pt_5353_left.jpg,Wuhan_Part2_pt_22591_left.jpg
Changsha_Part5_pt_40387_left.jpg,Wuhan_Part2_pt_22829_back.jpg
Changsha_Part6_pt_55982_left.jpg,Nanchang_Part1_pt_9741_back.jpg
Changsha_Part5_pt_41507_front.jpg,Nanchang_Part1_pt_5261_right.jpg
Changsha_Part5_pt_44292_right.jpg,Nanchang_Part1_pt_1381_back.jpg
Nanchang_Part2_pt_20259_back.jpg,Wuhan_Part1_pt_3939_left.jpg
Changsha_Part2_pt_11251_left.jpg,Nanchang_Part2_pt_18879_back.jpg
Nanchang_Part1_pt_7010_front.jpg,Nanchang_Part3_pt_31209_left.jpg
Nanchang_Part1_pt_8277_front.jpg,Wuhan_Part2_pt_27439_front.jpg
Changsha_Part3_pt_28715_left.jpg,Nanchang_Part1_pt_3386_left.jpg
Changsha_Part1_pt_1295_back.jpg,Wuhan_Part3_pt_37339_right.jpg
Changsha_Part2_pt_12086_back.jpg,Wuhan_Part1_pt_11205_right.jpg
Changsha_Part2_pt_13447_right.jpg,Nanchang_Part1_pt_1783_left.jpg
Wuhan_Part2_pt_19423_right.jpg,Wuhan_Part2_pt_23692_front.jpg
Wuhan_Part1_pt_4667_right.jpg,Wuhan_Part2_pt_27179_back.jpg
Changsha_Part1_pt_5737_left.jpg,Wuhan_Part2_pt_17125_front.jpg
Changsha_Part1_pt_6811_right.jpg,Wuhan_Part3_pt_36781_right.jpg
Changsha_Part5_pt_45015_right.jpg,Wuhan_Part1_pt_488_left.jpg
Nanchang_Part1_pt_7622_front.jpg,Wuhan_Part1_pt_9922_left.jpg
Nanchang_Part3_pt_30014_left.jpg,Wuhan_Part1_pt_3410_back.jpg
Changsha_Part3_pt_25820_back.jpg,Changsha_Part3_pt_28571_left.jpg
Changsha_Part4_pt_31855_back.jpg,Wuhan_Part1_pt_7817_back.jpg
Changsha_Part2_pt_10259_back.jpg,Wuhan_Part1_pt_9289_front.jpg
Nanchang_Part3_pt_29149_back.jpg,Wuhan_Part2_pt_23378_front.jpg
Nanchang_Part1_pt_3552_left.jpg,Wuhan_Part3_pt_41364_right.jpg
Changsha_Part5_pt_41469_front.jpg,Nanchang_Part1_pt_5661_front.jpg
Changsha_Part1_pt_1669_front.jpg,Nanchang_Part2_pt_12559_back.jpg
Changsha_Part4_pt_34902_right.jpg,Changsha_Part5_pt_44078_back.jpg
Changsha_Part2_pt_12086_back.jpg,Wuhan_Part2_pt_23241_left.jpg
Changsha_Part2_pt_11794_back.jpg,Nanchang_Part2_pt_19349_back.jpg
Changsha_Part5_pt_46885_left.jpg,Changsha_Part6_pt_57250_front.jpg
Nanchang_Part2_pt_16333_right.jpg,Wuhan_Part1_pt_3843_back.jpg
Changsha_Part2_pt_17688_right.jpg,Changsha_Part6_pt_56467_front.jpg
Changsha_Part6_pt_55670_back.jpg,Wuhan_Part1_pt_2822_right.jpg
Nanchang_Part3_pt_30674_left.jpg,Wuhan_Part3_pt_34498_right.jpg
Wuhan_Part1_pt_6658_right.jpg,Wuhan_Part2_pt_20292_back.jpg
Nanchang_Part1_pt_6878_back.jpg,Nanchang_Part1_pt_9447_front.jpg
Wuhan_Part2_pt_26385_left.jpg,Wuhan_Part2_pt_26521_front.jpg
Nanchang_Part1_pt_4893_front.jpg,Nanchang_Part2_pt_20318_right.jpg
Nanchang_Part1_pt_3587_right.jpg,Wuhan_Part3_pt_34498_right.jpg
Wuhan_Part2_pt_16180_back.jpg,Wuhan_Part2_pt_22829_back.jpg
Nanchang_Part1_pt_5486_right.jpg,Nanchang_Part1_pt_8513_right.jpg
Nanchang_Part2_pt_15609_left.jpg,Wuhan_Part1_pt_7856_right.jpg
Changsha_Part1_pt_6399_back.jpg,Wuhan_Part2_pt_17975_right.jpg
Changsha_Part2_pt_10431_right.jpg,Nanchang_Part3_pt_30742_back.jpg
Nanchang_Part2_pt_20212_front.jpg,Wuhan_Part1_pt_2525_front.jpg
Changsha_Part3_pt_23517_left.jpg,Nanchang_Part1_pt_6878_back.jpg
Changsha_Part2_pt_13683_back.jpg,Nanchang_Part2_pt_18845_front.jpg
Wuhan_Part1_pt_11205_right.jpg,Wuhan_Part1_pt_7153_right.jpg
Wuhan_Part1_pt_3588_back.jpg,Wuhan_Part3_pt_41235_back.jpg
Wuhan_Part1_pt_7963_left.jpg,Wuhan_Part3_pt_32357_right.jpg
Changsha_Part2_pt_16277_right.jpg,Nanchang_Part1_pt_6745_front.jpg
Changsha_Part2_pt_15992_left.jpg,Changsha_Part6_pt_56883_right.jpg
Wuhan_Part2_pt_19123_left.jpg,Wuhan_Part3_pt_34296_left.jpg
Wuhan_Part1_pt_4344_back.jpg,Wuhan_Part2_pt_19123_left.jpg
Changsha_Part4_pt_31169_back.jpg,Wuhan_Part1_pt_1902_right.jpg
Changsha_Part1_pt_5355_back.jpg,Changsha_Part4_pt_30304_front.jpg
Wuhan_Part2_pt_19423_right.jpg,Wuhan_Part2_pt_23928_back.jpg
Changsha_Part2_pt_10431_right.jpg,Changsha_Part4_pt_36040_right.jpg
Changsha_Part5_pt_40625_left.jpg,Changsha_Part5_pt_41469_front.jpg
Changsha_Part2_pt_13683_back.jpg,Nanchang_Part2_pt_11726_back.jpg
Nanchang_Part1_pt_6008_front.jpg,Nanchang_Part2_pt_11378_left.jpg
Changsha_Part6_pt_57250_front.jpg,Nanchang_Part3_pt_30158_right.jpg
Changsha_Part4_pt_33642_left.jpg,Wuhan_Part3_pt_34783_left.jpg
Nanchang_Part1_pt_8513_right.jpg,Wuhan_Part2_pt_16408_front.jpg
Changsha_Part2_pt_11794_back.jpg,Nanchang_Part3_pt_32422_front.jpg
Wuhan_Part1_pt_3803_back.jpg,Wuhan_Part2_pt_19592_back.jpg
Wuhan_Part2_pt_23091_left.jpg,Wuhan_Part3_pt_36915_front.jpg
Nanchang_Part1_pt_9330_right.jpg,Wuhan_Part3_pt_34216_front.jpg
Changsha_Part1_pt_4807_left.jpg,Changsha_Part5_pt_44090_right.jpg
Changsha_Part1_pt_15_right.jpg,Nanchang_Part2_pt_12581_left.jpg
Wuhan_Part1_pt_11205_right.jpg,Wuhan_Part2_pt_23555_front.jpg
Changsha_Part5_pt_41507_front.jpg,Wuhan_Part3_pt_39523_left.jpg
Changsha_Part6_pt_55982_left.jpg,Wuhan_Part2_pt_16408_front.jpg
Changsha_Part2_pt_15724_left.jpg,Changsha_Part6_pt_57362_right.jpg
Changsha_Part4_pt_35244_back.jpg,Changsha_Part6_pt_51615_left.jpg
Changsha_Part6_pt_55889_left.jpg,Nanchang_Part2_pt_13847_back.jpg
Nanchang_Part2_pt_14656_left.jpg,Nanchang_Part3_pt_27189_left.jpg
Changsha_Part6_pt_55309_front.jpg,Wuhan_Part2_pt_23692_front.jpg
Changsha_Part3_pt_26037_left.jpg,Wuhan_Part1_pt_6604_left.jpg
Wuhan_Part1_pt_10147_left.jpg,Wuhan_Part2_pt_23234_front.jpg
Changsha_Part3_pt_28604_right.jpg,Wuhan_Part1_pt_6881_front.jpg
Nanchang_Part1_pt_3170_front.jpg,Wuhan_Part1_pt_7963_left.jpg
Changsha_Part4_pt_33542_right.jpg,Nanchang_Part3_pt_31676_right.jpg
Changsha_Part1_pt_6399_back.jpg,Changsha_Part2_pt_16277_right.jpg
Nanchang_Part1_pt_5033_front.jpg,Wuhan_Part2_pt_19680_left.jpg
Changsha_Part5_pt_42757_right.jpg,Nanchang_Part1_pt_4179_left.jpg
Wuhan_Part1_pt_3224_right.jpg,Wuhan_Part3_pt_38433_back.jpg
Nanchang_Part2_pt_12929_right.jpg,Wuhan_Part2_pt_23091_left.jpg
Changsha_Part6_pt_52484_front.jpg,Nanchang_Part1_pt_6196_right.jpg
Changsha_Part2_pt_15281_back.jpg,Wuhan_Part1_pt_4115_front.jpg
Changsha_Part1_pt_2308_front.jpg,Nanchang_Part1_pt_9553_left.jpg
Wuhan_Part1_pt_4_front.jpg,Wuhan_Part1_pt_9169_left.jpg
Changsha_Part1_pt_5500_front.jpg,Wuhan_Part1_pt_5035_right.jpg
Changsha_Part1_pt_6399_back.jpg,Nanchang_Part1_pt_7622_front.jpg
Changsha_Part3_pt_28755_left.jpg,Nanchang_Part3_pt_31921_back.jpg
Nanchang_Part1_pt_4729_left.jpg,Wuhan_Part3_pt_37339_right.jpg
Changsha_Part3_pt_25736_left.jpg,Nanchang_Part1_pt_6748_right.jpg
Changsha_Part1_pt_6320_back.jpg,Changsha_Part4_pt_37794_right.jpg
Changsha_Part2_pt_12327_right.jpg,Nanchang_Part1_pt_9144_front.jpg
Nanchang_Part1_pt_1285_back.jpg,Nanchang_Part1_pt_9741_back.jpg
Nanchang_Part1_pt_583_right.jpg,Wuhan_Part1_pt_488_left.jpg
Wuhan_Part2_pt_17783_back.jpg,Wuhan_Part2_pt_24304_front.jpg
Changsha_Part2_pt_17590_back.jpg,Wuhan_Part1_pt_819_front.jpg
Nanchang_Part2_pt_17914_back.jpg,Wuhan_Part3_pt_34066_front.jpg
Changsha_Part2_pt_15281_back.jpg,Wuhan_Part1_pt_2330_left.jpg
Nanchang_Part2_pt_17121_front.jpg,Nanchang_Part2_pt_19657_front.jpg
Wuhan_Part2_pt_17374_back.jpg,Wuhan_Part2_pt_28088_back.jpg
Nanchang_Part3_pt_22797_back.jpg,Wuhan_Part3_pt_43094_back.jpg
Changsha_Part6_pt_57072_right.jpg,Nanchang_Part3_pt_24910_left.jpg
Changsha_Part4_pt_35296_back.jpg,Wuhan_Part1_pt_4510_front.jpg
Changsha_Part5_pt_44078_back.jpg,Wuhan_Part1_pt_7933_front.jpg
Changsha_Part3_pt_28198_front.jpg,Changsha_Part6_pt_51448_right.jpg
Wuhan_Part2_pt_27439_front.jpg,Wuhan_Part3_pt_34296_left.jpg
Changsha_Part5_pt_41513_back.jpg,Changsha_Part6_pt_56467_front.jpg
Changsha_Part1_pt_15_right.jpg,Changsha_Part4_pt_36530_back.jpg
Wuhan_Part2_pt_17295_back.jpg,Wuhan_Part2_pt_20292_back.jpg
Changsha_Part3_pt_20158_left.jpg,Nanchang_Part1_pt_289_right.jpg
Changsha_Part2_pt_16148_front.jpg,Nanchang_Part2_pt_13845_right.jpg
Nanchang_Part1_pt_2879_right.jpg,Nanchang_Part2_pt_16929_back.jpg
Changsha_Part6_pt_51757_front.jpg,Nanchang_Part1_pt_6918_back.jpg
Nanchang_Part1_pt_5528_left.jpg,Wuhan_Part1_pt_5761_right.jpg
Changsha_Part1_pt_1145_right.jpg,Changsha_Part5_pt_41513_back.jpg
Nanchang_Part2_pt_20212_front.jpg,Wuhan_Part1_pt_5761_right.jpg
Changsha_Part4_pt_30539_back.jpg,Wuhan_Part3_pt_32090_front.jpg
Wuhan_Part1_pt_6464_front.jpg,Wuhan_Part3_pt_33893_front.jpg
Changsha_Part1_pt_1669_front.jpg,Nanchang_Part1_pt_1056_front.jpg
Nanchang_Part3_pt_30396_back.jpg,Wuhan_Part1_pt_5035_right.jpg
Changsha_Part2_pt_17999_left.jpg,Nanchang_Part3_pt_25526_front.jpg
Changsha_Part5_pt_46172_left.jpg,Wuhan_Part2_pt_26668_front.jpg
Wuhan_Part2_pt_19264_left.jpg,Wuhan_Part3_pt_34066_front.jpg
Nanchang_Part1_pt_352_back.jpg,Wuhan_Part2_pt_27541_right.jpg
Changsha_Part1_pt_1132_back.jpg,Nanchang_Part3_pt_30126_left.jpg
Wuhan_Part1_pt_9442_back.jpg,Wuhan_Part3_pt_36781_right.jpg
Changsha_Part2_pt_15644_front.jpg,Nanchang_Part1_pt_4729_left.jpg
Changsha_Part6_pt_54642_front.jpg,Wuhan_Part1_pt_1937_back.jpg
Nanchang_Part3_pt_29341_back.jpg,Nanchang_Part3_pt_32422_front.jpg
Changsha_Part2_pt_17223_front.jpg,Wuhan_Part2_pt_19144_back.jpg
Wuhan_Part1_pt_9396_left.jpg,Wuhan_Part3_pt_34875_right.jpg
Changsha_Part5_pt_43557_back.jpg,Nanchang_Part2_pt_19886_left.jpg
Changsha_Part2_pt_15644_front.jpg,Wuhan_Part2_pt_15630_left.jpg
Changsha_Part1_pt_6320_back.jpg,Nanchang_Part1_pt_6008_front.jpg
Nanchang_Part3_pt_31460_front.jpg,Wuhan_Part2_pt_18460_left.jpg
Changsha_Part4_pt_32119_left.jpg,Wuhan_Part3_pt_32112_back.jpg
Changsha_Part1_pt_2989_right.jpg,Changsha_Part2_pt_17590_back.jpg
Changsha_Part6_pt_50649_left.jpg,Nanchang_Part2_pt_17227_front.jpg
Changsha_Part4_pt_30825_back.jpg,Wuhan_Part3_pt_34066_front.jpg
Nanchang_Part1_pt_8510_back.jpg,Nanchang_Part2_pt_20647_front.jpg
Changsha_Part3_pt_23134_left.jpg,Wuhan_Part3_pt_32763_front.jpg
Changsha_Part5_pt_46743_right.jpg,Nanchang_Part2_pt_13876_left.jpg
Nanchang_Part1_pt_6529_right.jpg,Wuhan_Part3_pt_32877_back.jpg
Changsha_Part4_pt_32436_left.jpg,Nanchang_Part3_pt_24910_left.jpg
Wuhan_Part3_pt_31389_right.jpg,Wuhan_Part3_pt_31443_right.jpg
Nanchang_Part2_pt_19567_back.jpg,Wuhan_Part3_pt_36915_front.jpg
Changsha_Part2_pt_10415_back.jpg,Changsha_Part6_pt_52484_front.jpg
Wuhan_Part2_pt_26156_back.jpg,Wuhan_Part3_pt_36397_front.jpg
Changsha_Part3_pt_23794_back.jpg,Nanchang_Part1_pt_352_back.jpg
Changsha_Part5_pt_46885_left.jpg,Wuhan_Part2_pt_22303_back.jpg
Changsha_Part3_pt_23274_front.jpg,Wuhan_Part2_pt_25372_right.jpg
Nanchang_Part2_pt_18879_back.jpg,Wuhan_Part1_pt_3944_left.jpg
Changsha_Part1_pt_1295_back.jpg,Nanchang_Part2_pt_17227_front.jpg
Nanchang_Part1_pt_3170_front.jpg,Nanchang_Part2_pt_19829_front.jpg
Changsha_Part5_pt_46092_right.jpg,Nanchang_Part1_pt_5894_front.jpg
Nanchang_Part1_pt_4905_front.jpg,Wuhan_Part2_pt_15743_front.jpg
Changsha_Part6_pt_56604_left.jpg,Wuhan_Part3_pt_36397_front.jpg
Changsha_Part2_pt_13552_front.jpg,Changsha_Part2_pt_18318_front.jpg
Changsha_Part5_pt_46092_right.jpg,Wuhan_Part1_pt_3939_left.jpg
Nanchang_Part2_pt_20318_right.jpg,Wuhan_Part3_pt_34168_back.jpg
Changsha_Part2_pt_17980_right.jpg,Nanchang_Part1_pt_6649_right.jpg
Changsha_Part2_pt_11251_left.jpg,Wuhan_Part2_pt_26404_left.jpg
Changsha_Part2_pt_11345_left.jpg,Wuhan_Part3_pt_32315_left.jpg
Nanchang_Part2_pt_12569_back.jpg,Wuhan_Part3_pt_40495_left.jpg
Wuhan_Part1_pt_4115_front.jpg,Wuhan_Part2_pt_20292_back.jpg
Changsha_Part5_pt_43932_front.jpg,Wuhan_Part1_pt_9289_front.jpg
Changsha_Part3_pt_22004_right.jpg,Nanchang_Part2_pt_11726_back.jpg
Changsha_Part5_pt_47118_left.jpg,Changsha_Part6_pt_53305_front.jpg
Changsha_Part2_pt_13552_front.jpg,Changsha_Part3_pt_20021_front.jpg
Nanchang_Part1_pt_3665_right.jpg,Nanchang_Part2_pt_16284_front.jpg
Changsha_Part1_pt_6050_right.jpg,Changsha_Part2_pt_14874_left.jpg
Changsha_Part6_pt_51193_back.jpg,Nanchang_Part1_pt_6657_right.jpg
Changsha_Part3_pt_25710_left.jpg,Wuhan_Part2_pt_24484_front.jpg
Nanchang_Part2_pt_12616_left.jpg,Nanchang_Part2_pt_18760_front.jpg
Changsha_Part2_pt_15861_left.jpg,Changsha_Part4_pt_33642_left.jpg
Nanchang_Part1_pt_1625_left.jpg,Nanchang_Part2_pt_13933_right.jpg
Changsha_Part3_pt_21618_front.jpg,Wuhan_Part3_pt_35277_back.jpg
Changsha_Part6_pt_55309_front.jpg,Nanchang_Part2_pt_18892_right.jpg
Changsha_Part6_pt_56604_left.jpg,Nanchang_Part2_pt_13845_right.jpg
Changsha_Part5_pt_47118_left.jpg,Nanchang_Part3_pt_31367_back.jpg
Changsha_Part3_pt_28779_right.jpg,Wuhan_Part3_pt_32877_back.jpg
Changsha_Part6_pt_55670_back.jpg,Nanchang_Part2_pt_19795_right.jpg
Wuhan_Part2_pt_15630_left.jpg,Wuhan_Part2_pt_20514_front.jpg
Nanchang_Part1_pt_4893_front.jpg,Nanchang_Part2_pt_12539_front.jpg
Changsha_Part5_pt_45246_left.jpg,Changsha_Part5_pt_46092_right.jpg
Changsha_Part1_pt_6050_right.jpg,Changsha_Part5_pt_43932_front.jpg
Nanchang_Part3_pt_27202_right.jpg,Wuhan_Part2_pt_26001_left.jpg
Wuhan_Part3_pt_35071_back.jpg,Wuhan_Part3_pt_35274_left.jpg
Changsha_Part6_pt_52680_left.jpg,Wuhan_Part2_pt_23692_front.jpg
Changsha_Part5_pt_40748_left.jpg,Nanchang_Part3_pt_26654_back.jpg
Nanchang_Part1_pt_1317_front.jpg,Nanchang_Part2_pt_19667_right.jpg
Nanchang_Part1_pt_8119_right.jpg,Wuhan_Part1_pt_8424_back.jpg
Changsha_Part2_pt_12004_front.jpg,Wuhan_Part1_pt_2330_left.jpg
Changsha_Part1_pt_4087_right.jpg,Changsha_Part6_pt_56883_right.jpg
Wuhan_Part1_pt_2525_front.jpg,Wuhan_Part3_pt_32877_back.jpg
Changsha_Part2_pt_11501_right.jpg,Wuhan_Part3_pt_36595_front.jpg
Wuhan_Part3_pt_35275_back.jpg,Wuhan_Part3_pt_41364_right.jpg
Changsha_Part1_pt_3751_left.jpg,Nanchang_Part2_pt_17985_back.jpg
Changsha_Part4_pt_30092_right.jpg,Changsha_Part6_pt_54006_back.jpg
Wuhan_Part1_pt_3562_left.jpg,Wuhan_Part3_pt_41577_left.jpg
Nanchang_Part1_pt_5085_front.jpg,Wuhan_Part1_pt_1128_front.jpg
Changsha_Part3_pt_21965_front.jpg,Wuhan_Part3_pt_36781_right.jpg
Nanchang_Part1_pt_4729_left.jpg,Nanchang_Part2_pt_18760_front.jpg
Wuhan_Part1_pt_2330_left.jpg,Wuhan_Part1_pt_6067_back.jpg
Changsha_Part2_pt_11794_back.jpg,Wuhan_Part3_pt_37599_left.jpg
Changsha_Part5_pt_41513_back.jpg,Changsha_Part6_pt_57138_back.jpg
Nanchang_Part2_pt_17357_right.jpg,Wuhan_Part3_pt_41364_right.jpg
Wuhan_Part1_pt_1062_left.jpg,Wuhan_Part2_pt_23378_front.jpg
Changsha_Part2_pt_12327_right.jpg,Wuhan_Part2_pt_19777_front.jpg
Changsha_Part2_pt_14251_right.jpg,Wuhan_Part1_pt_7728_back.jpg
Nanchang_Part2_pt_15004_back.jpg,Wuhan_Part3_pt_41235_back.jpg
Changsha_Part4_pt_36721_back.jpg,Nanchang_Part1_pt_6745_front.jpg
Nanchang_Part2_pt_12496_front.jpg,Nanchang_Part3_pt_30356_back.jpg
Nanchang_Part3_pt_31921_back.jpg,Wuhan_Part3_pt_36365_left.jpg
Changsha_Part2_pt_15746_left.jpg,Wuhan_Part2_pt_16180_back.jpg
Changsha_Part5_pt_42695_right.jpg,Nanchang_Part2_pt_17581_right.jpg
Changsha_Part2_pt_15281_back.jpg,Nanchang_Part1_pt_6745_front.jpg
Nanchang_Part1_pt_5261_right.jpg,Wuhan_Part3_pt_32357_right.jpg
Changsha_Part3_pt_28034_front.jpg,Wuhan_Part1_pt_3843_back.jpg
Changsha_Part5_pt_46119_back.jpg,Nanchang_Part1_pt_8510_back.jpg
Nanchang_Part2_pt_13847_back.jpg,Wuhan_Part1_pt_2330_left.jpg
Wuhan_Part2_pt_17646_front.jpg,Wuhan_Part3_pt_34158_right.jpg
Wuhan_Part1_pt_9442_back.jpg,Wuhan_Part2_pt_22387_back.jpg
Changsha_Part4_pt_30066_right.jpg,Nanchang_Part3_pt_31209_left.jpg
Changsha_Part4_pt_35179_front.jpg,Wuhan_Part1_pt_7817_back.jpg
Nanchang_Part1_pt_5486_right.jpg,Nanchang_Part2_pt_17983_left.jpg
Changsha_Part2_pt_17980_right.jpg,Changsha_Part6_pt_58206_front.jpg
Changsha_Part2_pt_17778_left.jpg,Nanchang_Part2_pt_12559_back.jpg
Wuhan_Part1_pt_3803_back.jpg,Wuhan_Part3_pt_31443_right.jpg
Changsha_Part5_pt_46050_right.jpg,Nanchang_Part1_pt_7515_front.jpg
Changsha_Part2_pt_14409_front.jpg,Wuhan_Part3_pt_34158_right.jpg
Changsha_Part3_pt_20021_front.jpg,Nanchang_Part3_pt_22661_left.jpg
Changsha_Part3_pt_23134_left.jpg,Wuhan_Part2_pt_23647_right.jpg
Changsha_Part4_pt_32239_right.jpg,Changsha_Part6_pt_57264_left.jpg
Wuhan_Part1_pt_415_left.jpg,Wuhan_Part3_pt_32554_left.jpg
Changsha_Part5_pt_46092_right.jpg,Nanchang_Part1_pt_849_left.jpg
Changsha_Part2_pt_11325_left.jpg,Nanchang_Part1_pt_9655_left.jpg
Nanchang_Part2_pt_15035_right.jpg,Wuhan_Part3_pt_32640_front.jpg
Changsha_Part3_pt_20397_front.jpg,Wuhan_Part2_pt_15630_left.jpg
Changsha_Part1_pt_4234_back.jpg,Nanchang_Part1_pt_583_right.jpg
Changsha_Part3_pt_21735_front.jpg,Changsha_Part4_pt_30092_right.jpg
Nanchang_Part1_pt_9904_right.jpg,Wuhan_Part1_pt_5970_back.jpg
Changsha_Part5_pt_44078_back.jpg,Wuhan_Part2_pt_17783_back.jpg
Nanchang_Part1_pt_8119_right.jpg,Wuhan_Part2_pt_21352_right.jpg
Changsha_Part2_pt_17662_front.jpg,Nanchang_Part1_pt_7076_front.jpg
Changsha_Part2_pt_16277_right.jpg,Wuhan_Part3_pt_39565_front.jpg
Changsha_Part6_pt_51757_front.jpg,Nanchang_Part2_pt_12103_back.jpg
Nanchang_Part1_pt_5077_left.jpg,Nanchang_Part2_pt_14057_front.jpg
Nanchang_Part3_pt_24910_left.jpg,Wuhan_Part1_pt_10052_front.jpg
Changsha_Part2_pt_11251_left.jpg,Changsha_Part6_pt_57362_right.jpg
Changsha_Part1_pt_4197_right.jpg,Changsha_Part5_pt_41507_front.jpg
